Date,Participant,Age,Studies,IA_Exposure,Gender,Image,Response,Solution,Correct
2026-08-08 17:52:43,P001,18,,daily,female,1.jpg,AI,AI,1
2026-08-08 17:52:43,P001,18,,daily,female,2.jpg,REAL,REAL,1
2026-08-08 17:52:43,P001,18,,daily,female,3.jpg,AI,REAL,0
2026-08-08 17:52:43,P001,18,,daily,female,4.mp4,AI,AI,1
2026-08-08 17:52:43,P001,18,,daily,female,5.png,REAL,AI,0
2026-08-08 17:52:43,P001,18,,daily,female,6.png,REAL,AI,0
2026-08-08 17:52:43,P001,18,,daily,female,7.jpeg,AI,REAL,0
2026-08-08 17:52:43,P001,18,,daily,female,8.avif,AI,REAL,0
2026-08-08 17:52:43,P001,18,,daily,female,9.png,REAL,AI,0
2026-08-08 17:52:43,P001,18,,daily,female,10.webp,AI,REAL,0
2026-08-08 17:52:43,P001,18,,daily,female,11.jpg,AI,REAL,0
2026-08-08 17:52:43,P001,18,,daily,female,12.png,REAL,AI,0
2026-08-08 17:52:43,P001,18,,daily,female,13.jpg,REAL,AI,0
2026-08-08 17:52:43,P001,18,,daily,female,14.mp4,REAL,REAL,1
2026-08-08 17:52:43,P001,18,,daily,female,15.png,AI,AI,1
2026-08-08 17:52:43,P001,18,,daily,female,16.mp4,AI,REAL,0
2026-08-08 17:52:43,P001,18,,daily,female,17.mp4,AI,AI,1
2026-08-08 17:52:43,P001,18,,daily,female,18.png,AI,AI,1
2026-08-08 17:52:43,P001,18,,daily,female,19.png,AI,REAL,0
2026-08-08 17:52:43,P001,18,,daily,female,20.png,REAL,AI,0
2026-08-08 17:52:43,P001,18,,daily,female,21.webp,REAL,AI,0
2026-08-08 17:52:43,P001,18,,daily,female,22.webp,AI,REAL,0
2026-08-08 17:52:43,P001,18,,daily,female,23.jpg,REAL,REAL,1
2026-08-08 17:52:43,P001,18,,daily,female,24.mp4,AI,AI,1
2026-08-08 17:52:43,P001,18,,daily,female,25.mov,REAL,REAL,1
2026-08-08 17:52:43,P001,18,,daily,female,26.mov,AI,AI,1
2026-08-08 17:52:43,P001,18,,daily,female,27.jpeg,REAL,AI,0
2026-08-08 17:52:43,P001,18,,daily,female,28.jpg,REAL,REAL,1
2026-08-08 17:52:43,P001,18,,daily,female,29.png,REAL,REAL,1
2026-08-08 17:52:43,P001,18,,daily,female,30.jpg,REAL,REAL,1
2026-08-08 17:52:43,P001,18,,daily,female,31.jpg,AI,AI,1
2026-08-08 17:52:43,P001,18,,daily,female,32.png,AI,AI,1
2026-08-08 17:52:43,P001,18,,daily,female,33.png,AI,REAL,0
2026-08-08 17:52:43,P001,18,,daily,female,34.png,AI,REAL,0
2026-08-08 17:52:43,P001,18,,daily,female,35.png,AI,AI,1
2026-08-08 17:52:43,P001,18,,daily,female,36.jpg,REAL,REAL,1
2026-08-08 17:52:43,P001,18,,daily,female,37.mp4,REAL,REAL,1
2026-08-08 17:52:43,P001,18,,daily,female,38.mp4,AI,AI,1
2026-08-08 18:04:08,P002,49,,daily,female,1.jpg,REAL,AI,0
2026-08-08 18:04:08,P002,49,,daily,female,2.jpg,AI,REAL,0
2026-08-08 18:04:08,P002,49,,daily,female,3.jpg,AI,REAL,0
2026-08-08 18:04:08,P002,49,,daily,female,4.mp4,AI,AI,1
2026-08-08 18:04:08,P002,49,,daily,female,5.png,REAL,AI,0
2026-08-08 18:04:08,P002,49,,daily,female,6.png,REAL,AI,0
2026-08-08 18:04:08,P002,49,,daily,female,7.jpeg,AI,REAL,0
2026-08-08 18:04:08,P002,49,,daily,female,8.avif,REAL,REAL,1
2026-08-08 18:04:08,P002,49,,daily,female,9.png,REAL,AI,0
2026-08-08 18:04:08,P002,49,,daily,female,10.webp,AI,REAL,0
2026-08-08 18:04:08,P002,49,,daily,female,11.jpg,AI,REAL,0
2026-08-08 18:04:08,P002,49,,daily,female,12.png,REAL,AI,0
2026-08-08 18:04:08,P002,49,,daily,female,13.jpg,REAL,AI,0
2026-08-08 18:04:08,P002,49,,daily,female,14.mp4,AI,REAL,0
2026-08-08 18:04:08,P002,49,,daily,female,15.png,REAL,AI,0
2026-08-08 18:04:08,P002,49,,daily,female,16.mp4,REAL,REAL,1
2026-08-08 18:04:08,P002,49,,daily,female,17.mp4,AI,AI,1
2026-08-08 18:04:08,P002,49,,daily,female,18.png,REAL,AI,0
2026-08-08 18:04:08,P002,49,,daily,female,19.png,REAL,REAL,1
2026-08-08 18:04:08,P002,49,,daily,female,20.png,REAL,AI,0
2026-08-08 18:04:08,P002,49,,daily,female,21.webp,REAL,AI,0
2026-08-08 18:04:08,P002,49,,daily,female,22.webp,REAL,REAL,1
2026-08-08 18:04:08,P002,49,,daily,female,23.jpg,REAL,REAL,1
2026-08-08 18:04:08,P002,49,,daily,female,24.mp4,REAL,AI,0
2026-08-08 18:04:08,P002,49,,daily,female,25.mov,AI,REAL,0
2026-08-08 18:04:08,P002,49,,daily,female,26.mov,REAL,AI,0
2026-08-08 18:04:08,P002,49,,daily,female,27.jpeg,REAL,AI,0
2026-08-08 18:04:08,P002,49,,daily,female,28.jpg,REAL,REAL,1
2026-08-08 18:04:08,P002,49,,daily,female,29.png,AI,REAL,0
2026-08-08 18:04:08,P002,49,,daily,female,30.jpg,AI,REAL,0
2026-08-08 18:04:08,P002,49,,daily,female,31.jpg,AI,AI,1
2026-08-08 18:04:08,P002,49,,daily,female,32.png,AI,AI,1
2026-08-08 18:04:08,P002,49,,daily,female,33.png,AI,REAL,0
2026-08-08 18:04:08,P002,49,,daily,female,34.png,REAL,REAL,1
2026-08-08 18:04:08,P002,49,,daily,female,35.png,REAL,AI,0
2026-08-08 18:04:08,P002,49,,daily,female,36.jpg,AI,REAL,0
2026-08-08 18:04:08,P002,49,,daily,female,37.mp4,REAL,REAL,1
2026-08-08 18:04:08,P002,49,,daily,female,38.mp4,AI,AI,1
2026-08-08 18:49:27,P003,34,,daily,male,1.jpg,AI,AI,1
2026-08-08 18:49:27,P003,34,,daily,male,2.jpg,REAL,REAL,1
2026-08-08 18:49:27,P003,34,,daily,male,3.jpg,REAL,REAL,1
2026-08-08 18:49:27,P003,34,,daily,male,4.mp4,REAL,AI,0
2026-08-08 18:49:27,P003,34,,daily,male,5.png,REAL,AI,0
2026-08-08 18:49:27,P003,34,,daily,male,6.png,AI,AI,1
2026-08-08 18:49:27,P003,34,,daily,male,7.jpeg,AI,REAL,0
2026-08-08 18:49:27,P003,34,,daily,male,8.avif,AI,REAL,0
2026-08-08 18:49:27,P003,34,,daily,male,9.png,REAL,AI,0
2026-08-08 18:49:27,P003,34,,daily,male,10.webp,REAL,REAL,1
2026-08-08 18:49:27,P003,34,,daily,male,11.jpg,AI,REAL,0
2026-08-08 18:49:27,P003,34,,daily,male,12.png,REAL,AI,0
2026-08-08 18:49:27,P003,34,,daily,male,13.jpg,REAL,AI,0
2026-08-08 18:49:27,P003,34,,daily,male,14.mp4,AI,REAL,0
2026-08-08 18:49:27,P003,34,,daily,male,15.png,REAL,AI,0
2026-08-08 18:49:27,P003,34,,daily,male,16.mp4,REAL,REAL,1
2026-08-08 18:49:27,P003,34,,daily,male,17.mp4,AI,AI,1
2026-08-08 18:49:27,P003,34,,daily,male,18.png,AI,AI,1
2026-08-08 18:49:27,P003,34,,daily,male,19.png,REAL,REAL,1
2026-08-08 18:49:27,P003,34,,daily,male,20.png,REAL,AI,0
2026-08-08 18:49:27,P003,34,,daily,male,21.webp,AI,AI,1
2026-08-08 18:49:27,P003,34,,daily,male,22.webp,REAL,REAL,1
2026-08-08 18:49:27,P003,34,,daily,male,23.jpg,REAL,REAL,1
2026-08-08 18:49:27,P003,34,,daily,male,24.mp4,AI,AI,1
2026-08-08 18:49:27,P003,34,,daily,male,25.mov,REAL,REAL,1
2026-08-08 18:49:27,P003,34,,daily,male,26.mov,REAL,AI,0
2026-08-08 18:49:27,P003,34,,daily,male,27.jpeg,REAL,AI,0
2026-08-08 18:49:27,P003,34,,daily,male,28.jpg,REAL,REAL,1
2026-08-08 18:49:27,P003,34,,daily,male,29.png,REAL,REAL,1
2026-08-08 18:49:27,P003,34,,daily,male,30.jpg,AI,REAL,0
2026-08-08 18:49:27,P003,34,,daily,male,31.jpg,AI,AI,1
2026-08-08 18:49:27,P003,34,,daily,male,32.png,AI,AI,1
2026-08-08 18:49:27,P003,34,,daily,male,33.png,REAL,REAL,1
2026-08-08 18:49:27,P003,34,,daily,male,34.png,REAL,REAL,1
2026-08-08 18:49:27,P003,34,,daily,male,35.png,AI,AI,1
2026-08-08 18:49:27,P003,34,,daily,male,36.jpg,REAL,REAL,1
2026-08-08 18:49:27,P003,34,,daily,male,37.mp4,REAL,REAL,1
2026-08-08 18:49:27,P003,34,,daily,male,38.mp4,AI,AI,1
2026-08-09 17:40:06,P004,17,,daily,female,1.jpg,AI,AI,1
2026-08-09 17:40:06,P004,17,,daily,female,2.jpg,AI,REAL,0
2026-08-09 17:40:06,P004,17,,daily,female,3.jpg,AI,REAL,0
2026-08-09 17:40:06,P004,17,,daily,female,4.mp4,AI,AI,1
2026-08-09 17:40:06,P004,17,,daily,female,5.png,AI,AI,1
2026-08-09 17:40:06,P004,17,,daily,female,6.png,AI,AI,1
2026-08-09 17:40:06,P004,17,,daily,female,7.jpeg,AI,REAL,0
2026-08-09 17:40:06,P004,17,,daily,female,8.avif,AI,REAL,0
2026-08-09 17:40:06,P004,17,,daily,female,9.png,REAL,AI,0
2026-08-09 17:40:06,P004,17,,daily,female,10.webp,REAL,REAL,1
2026-08-09 17:40:06,P004,17,,daily,female,11.jpg,AI,REAL,0
2026-08-09 17:40:06,P004,17,,daily,female,12.png,REAL,AI,0
2026-08-09 17:40:06,P004,17,,daily,female,13.jpg,REAL,AI,0
2026-08-09 17:40:06,P004,17,,daily,female,14.mp4,AI,REAL,0
2026-08-09 17:40:06,P004,17,,daily,female,15.png,REAL,AI,0
2026-08-09 17:40:06,P004,17,,daily,female,16.mp4,REAL,REAL,1
2026-08-09 17:40:06,P004,17,,daily,female,17.mp4,REAL,AI,0
2026-08-09 17:40:06,P004,17,,daily,female,18.png,REAL,AI,0
2026-08-09 17:40:06,P004,17,,daily,female,19.png,AI,REAL,0
2026-08-09 17:40:06,P004,17,,daily,female,20.png,REAL,AI,0
2026-08-09 17:40:06,P004,17,,daily,female,21.webp,REAL,AI,0
2026-08-09 17:40:06,P004,17,,daily,female,22.webp,AI,REAL,0
2026-08-09 17:40:06,P004,17,,daily,female,23.jpg,REAL,REAL,1
2026-08-09 17:40:06,P004,17,,daily,female,24.mp4,AI,AI,1
2026-08-09 17:40:06,P004,17,,daily,female,25.mov,REAL,REAL,1
2026-08-09 17:40:06,P004,17,,daily,female,26.mov,AI,AI,1
2026-08-09 17:40:06,P004,17,,daily,female,27.jpeg,REAL,AI,0
2026-08-09 17:40:06,P004,17,,daily,female,28.jpg,REAL,REAL,1
2026-08-09 17:40:06,P004,17,,daily,female,29.png,REAL,REAL,1
2026-08-09 17:40:06,P004,17,,daily,female,30.jpg,AI,REAL,0
2026-08-09 17:40:06,P004,17,,daily,female,31.jpg,AI,AI,1
2026-08-09 17:40:06,P004,17,,daily,female,32.png,REAL,AI,0
2026-08-09 17:40:06,P004,17,,daily,female,33.png,REAL,REAL,1
2026-08-09 17:40:06,P004,17,,daily,female,34.png,REAL,REAL,1
2026-08-09 17:40:06,P004,17,,daily,female,35.png,REAL,AI,0
2026-08-09 17:40:06,P004,17,,daily,female,36.jpg,REAL,REAL,1
2026-08-09 17:40:06,P004,17,,daily,female,37.mp4,AI,REAL,0
2026-08-09 17:40:06,P004,17,,daily,female,38.mp4,AI,AI,1
2026-08-09 17:48:25,P005,22,,daily,male,1.jpg,REAL,AI,0
2026-08-09 17:48:25,P005,22,,daily,male,2.jpg,AI,REAL,0
2026-08-09 17:48:25,P005,22,,daily,male,3.jpg,AI,REAL,0
2026-08-09 17:48:25,P005,22,,daily,male,4.mp4,REAL,AI,0
2026-08-09 17:48:25,P005,22,,daily,male,5.png,REAL,AI,0
2026-08-09 17:48:25,P005,22,,daily,male,6.png,REAL,AI,0
2026-08-09 17:48:25,P005,22,,daily,male,7.jpeg,AI,REAL,0
2026-08-09 17:48:25,P005,22,,daily,male,8.avif,AI,REAL,0
2026-08-09 17:48:25,P005,22,,daily,male,9.png,REAL,AI,0
2026-08-09 17:48:25,P005,22,,daily,male,10.webp,AI,REAL,0
2026-08-09 17:48:25,P005,22,,daily,male,11.jpg,AI,REAL,0
2026-08-09 17:48:25,P005,22,,daily,male,12.png,REAL,AI,0
2026-08-09 17:48:25,P005,22,,daily,male,13.jpg,REAL,AI,0
2026-08-09 17:48:25,P005,22,,daily,male,14.mp4,AI,REAL,0
2026-08-09 17:48:25,P005,22,,daily,male,15.png,AI,AI,1
2026-08-09 17:48:25,P005,22,,daily,male,16.mp4,AI,REAL,0
2026-08-09 17:48:25,P005,22,,daily,male,17.mp4,AI,AI,1
2026-08-09 17:48:25,P005,22,,daily,male,18.png,REAL,AI,0
2026-08-09 17:48:25,P005,22,,daily,male,19.png,REAL,REAL,1
2026-08-09 17:48:25,P005,22,,daily,male,20.png,REAL,AI,0
2026-08-09 17:48:25,P005,22,,daily,male,21.webp,REAL,AI,0
2026-08-09 17:48:25,P005,22,,daily,male,22.webp,AI,REAL,0
2026-08-09 17:48:25,P005,22,,daily,male,23.jpg,REAL,REAL,1
2026-08-09 17:48:25,P005,22,,daily,male,24.mp4,AI,AI,1
2026-08-09 17:48:25,P005,22,,daily,male,25.mov,REAL,REAL,1
2026-08-09 17:48:25,P005,22,,daily,male,26.mov,AI,AI,1
2026-08-09 17:48:25,P005,22,,daily,male,27.jpeg,REAL,AI,0
2026-08-09 17:48:25,P005,22,,daily,male,28.jpg,REAL,REAL,1
2026-08-09 17:48:25,P005,22,,daily,male,29.png,REAL,REAL,1
2026-08-09 17:48:25,P005,22,,daily,male,30.jpg,REAL,REAL,1
2026-08-09 17:48:25,P005,22,,daily,male,31.jpg,AI,AI,1
2026-08-09 17:48:25,P005,22,,daily,male,32.png,REAL,AI,0
2026-08-09 17:48:25,P005,22,,daily,male,33.png,REAL,REAL,1
2026-08-09 17:48:25,P005,22,,daily,male,34.png,REAL,REAL,1
2026-08-09 17:48:25,P005,22,,daily,male,35.png,AI,AI,1
2026-08-09 17:48:25,P005,22,,daily,male,36.jpg,AI,REAL,0
2026-08-09 17:48:25,P005,22,,daily,male,37.mp4,AI,REAL,0
2026-08-09 17:48:25,P005,22,,daily,male,38.mp4,AI,AI,1
2026-08-09 17:58:55,P006,22,,daily,female,1.jpg,REAL,AI,0
2026-08-09 17:58:55,P006,22,,daily,female,2.jpg,AI,REAL,0
2026-08-09 17:58:55,P006,22,,daily,female,3.jpg,AI,REAL,0
2026-08-09 17:58:55,P006,22,,daily,female,4.mp4,REAL,AI,0
2026-08-09 17:58:55,P006,22,,daily,female,5.png,AI,AI,1
2026-08-09 17:58:55,P006,22,,daily,female,6.png,REAL,AI,0
2026-08-09 17:58:55,P006,22,,daily,female,7.jpeg,AI,REAL,0
2026-08-09 17:58:55,P006,22,,daily,female,8.avif,AI,REAL,0
2026-08-09 17:58:55,P006,22,,daily,female,9.png,REAL,AI,0
2026-08-09 17:58:55,P006,22,,daily,female,10.webp,REAL,REAL,1
2026-08-09 17:58:55,P006,22,,daily,female,11.jpg,AI,REAL,0
2026-08-09 17:58:55,P006,22,,daily,female,12.png,REAL,AI,0
2026-08-09 17:58:55,P006,22,,daily,female,13.jpg,REAL,AI,0
2026-08-09 17:58:55,P006,22,,daily,female,14.mp4,AI,REAL,0
2026-08-09 17:58:55,P006,22,,daily,female,15.png,AI,AI,1
2026-08-09 17:58:55,P006,22,,daily,female,16.mp4,REAL,REAL,1
2026-08-09 17:58:55,P006,22,,daily,female,17.mp4,REAL,AI,0
2026-08-09 17:58:55,P006,22,,daily,female,18.png,AI,AI,1
2026-08-09 17:58:55,P006,22,,daily,female,19.png,AI,REAL,0
2026-08-09 17:58:55,P006,22,,daily,female,20.png,AI,AI,1
2026-08-09 17:58:55,P006,22,,daily,female,21.webp,REAL,AI,0
2026-08-09 17:58:55,P006,22,,daily,female,22.webp,AI,REAL,0
2026-08-09 17:58:55,P006,22,,daily,female,23.jpg,AI,REAL,0
2026-08-09 17:58:55,P006,22,,daily,female,24.mp4,AI,AI,1
2026-08-09 17:58:55,P006,22,,daily,female,25.mov,REAL,REAL,1
2026-08-09 17:58:55,P006,22,,daily,female,26.mov,AI,AI,1
2026-08-09 17:58:55,P006,22,,daily,female,27.jpeg,REAL,AI,0
2026-08-09 17:58:55,P006,22,,daily,female,28.jpg,AI,REAL,0
2026-08-09 17:58:55,P006,22,,daily,female,29.png,AI,REAL,0
2026-08-09 17:58:55,P006,22,,daily,female,30.jpg,AI,REAL,0
2026-08-09 17:58:55,P006,22,,daily,female,31.jpg,REAL,AI,0
2026-08-09 17:58:55,P006,22,,daily,female,32.png,REAL,AI,0
2026-08-09 17:58:55,P006,22,,daily,female,33.png,AI,REAL,0
2026-08-09 17:58:55,P006,22,,daily,female,34.png,REAL,REAL,1
2026-08-09 17:58:55,P006,22,,daily,female,35.png,AI,AI,1
2026-08-09 17:58:55,P006,22,,daily,female,36.jpg,REAL,REAL,1
2026-08-09 17:58:55,P006,22,,daily,female,37.mp4,AI,REAL,0
2026-08-09 17:58:55,P006,22,,daily,female,38.mp4,AI,AI,1
2026-08-09 19:59:55,P007,15,,daily,female,1.jpg,AI,AI,1
2026-08-09 19:59:55,P007,15,,daily,female,2.jpg,REAL,REAL,1
2026-08-09 19:59:55,P007,15,,daily,female,3.jpg,REAL,REAL,1
2026-08-09 19:59:55,P007,15,,daily,female,4.mp4,AI,AI,1
2026-08-09 19:59:55,P007,15,,daily,female,5.png,AI,AI,1
2026-08-09 19:59:55,P007,15,,daily,female,6.png,AI,AI,1
2026-08-09 19:59:55,P007,15,,daily,female,7.jpeg,REAL,REAL,1
2026-08-09 19:59:55,P007,15,,daily,female,8.avif,AI,REAL,0
2026-08-09 19:59:55,P007,15,,daily,female,9.png,AI,AI,1
2026-08-09 19:59:55,P007,15,,daily,female,10.webp,AI,REAL,0
2026-08-09 19:59:55,P007,15,,daily,female,11.jpg,AI,REAL,0
2026-08-09 19:59:55,P007,15,,daily,female,12.png,REAL,AI,0
2026-08-09 19:59:55,P007,15,,daily,female,13.jpg,REAL,AI,0
2026-08-09 19:59:55,P007,15,,daily,female,14.mp4,REAL,REAL,1
2026-08-09 19:59:55,P007,15,,daily,female,15.png,AI,AI,1
2026-08-09 19:59:55,P007,15,,daily,female,16.mp4,REAL,REAL,1
2026-08-09 19:59:55,P007,15,,daily,female,17.mp4,AI,AI,1
2026-08-09 19:59:55,P007,15,,daily,female,18.png,AI,AI,1
2026-08-09 19:59:55,P007,15,,daily,female,19.png,AI,REAL,0
2026-08-09 19:59:55,P007,15,,daily,female,20.png,AI,AI,1
2026-08-09 19:59:55,P007,15,,daily,female,21.webp,AI,AI,1
2026-08-09 19:59:55,P007,15,,daily,female,22.webp,REAL,REAL,1
2026-08-09 19:59:55,P007,15,,daily,female,23.jpg,REAL,REAL,1
2026-08-09 19:59:55,P007,15,,daily,female,24.mp4,AI,AI,1
2026-08-09 19:59:55,P007,15,,daily,female,25.mov,REAL,REAL,1
2026-08-09 19:59:55,P007,15,,daily,female,26.mov,REAL,AI,0
2026-08-09 19:59:55,P007,15,,daily,female,27.jpeg,REAL,AI,0
2026-08-09 19:59:55,P007,15,,daily,female,28.jpg,REAL,REAL,1
2026-08-09 19:59:55,P007,15,,daily,female,29.png,AI,REAL,0
2026-08-09 19:59:55,P007,15,,daily,female,30.jpg,AI,REAL,0
2026-08-09 19:59:55,P007,15,,daily,female,31.jpg,AI,AI,1
2026-08-09 19:59:55,P007,15,,daily,female,32.png,REAL,AI,0
2026-08-09 19:59:55,P007,15,,daily,female,33.png,REAL,REAL,1
2026-08-09 19:59:55,P007,15,,daily,female,34.png,AI,REAL,0
2026-08-09 19:59:55,P007,15,,daily,female,35.png,AI,AI,1
2026-08-09 19:59:55,P007,15,,daily,female,36.jpg,AI,REAL,0
2026-08-09 19:59:55,P007,15,,daily,female,37.mp4,AI,REAL,0
2026-08-09 19:59:55,P007,15,,daily,female,38.mp4,AI,AI,1
2026-08-09 20:07:55,P008,14,,daily,female,1.jpg,AI,AI,1
2026-08-09 20:07:55,P008,14,,daily,female,2.jpg,REAL,REAL,1
2026-08-09 20:07:55,P008,14,,daily,female,3.jpg,AI,REAL,0
2026-08-09 20:07:55,P008,14,,daily,female,4.mp4,AI,AI,1
2026-08-09 20:07:55,P008,14,,daily,female,5.png,AI,AI,1
2026-08-09 20:07:55,P008,14,,daily,female,6.png,REAL,AI,0
2026-08-09 20:07:55,P008,14,,daily,female,7.jpeg,AI,REAL,0
2026-08-09 20:07:55,P008,14,,daily,female,8.avif,AI,REAL,0
2026-08-09 20:07:55,P008,14,,daily,female,9.png,AI,AI,1
2026-08-09 20:07:55,P008,14,,daily,female,10.webp,AI,REAL,0
2026-08-09 20:07:55,P008,14,,daily,female,11.jpg,REAL,REAL,1
2026-08-09 20:07:55,P008,14,,daily,female,12.png,REAL,AI,0
2026-08-09 20:07:55,P008,14,,daily,female,13.jpg,AI,AI,1
2026-08-09 20:07:55,P008,14,,daily,female,14.mp4,REAL,REAL,1
2026-08-09 20:07:55,P008,14,,daily,female,15.png,AI,AI,1
2026-08-09 20:07:55,P008,14,,daily,female,16.mp4,AI,REAL,0
2026-08-09 20:07:55,P008,14,,daily,female,17.mp4,AI,AI,1
2026-08-09 20:07:55,P008,14,,daily,female,18.png,REAL,AI,0
2026-08-09 20:07:55,P008,14,,daily,female,19.png,AI,REAL,0
2026-08-09 20:07:55,P008,14,,daily,female,20.png,REAL,AI,0
2026-08-09 20:07:55,P008,14,,daily,female,21.webp,REAL,AI,0
2026-08-09 20:07:55,P008,14,,daily,female,22.webp,REAL,REAL,1
2026-08-09 20:07:55,P008,14,,daily,female,23.jpg,AI,REAL,0
2026-08-09 20:07:55,P008,14,,daily,female,24.mp4,AI,AI,1
2026-08-09 20:07:55,P008,14,,daily,female,25.mov,REAL,REAL,1
2026-08-09 20:07:55,P008,14,,daily,female,26.mov,AI,AI,1
2026-08-09 20:07:55,P008,14,,daily,female,27.jpeg,REAL,AI,0
2026-08-09 20:07:55,P008,14,,daily,female,28.jpg,REAL,REAL,1
2026-08-09 20:07:55,P008,14,,daily,female,29.png,REAL,REAL,1
2026-08-09 20:07:55,P008,14,,daily,female,30.jpg,AI,REAL,0
2026-08-09 20:07:55,P008,14,,daily,female,31.jpg,AI,AI,1
2026-08-09 20:07:55,P008,14,,daily,female,32.png,AI,AI,1
2026-08-09 20:07:55,P008,14,,daily,female,33.png,REAL,REAL,1
2026-08-09 20:07:55,P008,14,,daily,female,34.png,REAL,REAL,1
2026-08-09 20:07:55,P008,14,,daily,female,35.png,AI,AI,1
2026-08-09 20:07:55,P008,14,,daily,female,36.jpg,REAL,REAL,1
2026-08-09 20:07:55,P008,14,,daily,female,37.mp4,REAL,REAL,1
2026-08-09 20:07:55,P008,14,,daily,female,38.mp4,AI,AI,1
2026-08-09 20:12:02,P009,16,,daily,female,1.jpg,REAL,AI,0
2026-08-09 20:12:02,P009,16,,daily,female,2.jpg,AI,REAL,0
2026-08-09 20:12:02,P009,16,,daily,female,3.jpg,REAL,REAL,1
2026-08-09 20:12:02,P009,16,,daily,female,4.mp4,REAL,AI,0
2026-08-09 20:12:02,P009,16,,daily,female,5.png,AI,AI,1
2026-08-09 20:12:02,P009,16,,daily,female,6.png,AI,AI,1
2026-08-09 20:12:02,P009,16,,daily,female,7.jpeg,REAL,REAL,1
2026-08-09 20:12:02,P009,16,,daily,female,8.avif,REAL,REAL,1
2026-08-09 20:12:02,P009,16,,daily,female,9.png,REAL,AI,0
2026-08-09 20:12:02,P009,16,,daily,female,10.webp,AI,REAL,0
2026-08-09 20:12:02,P009,16,,daily,female,11.jpg,REAL,REAL,1
2026-08-09 20:12:02,P009,16,,daily,female,12.png,REAL,AI,0
2026-08-09 20:12:02,P009,16,,daily,female,13.jpg,REAL,AI,0
2026-08-09 20:12:02,P009,16,,daily,female,14.mp4,AI,REAL,0
2026-08-09 20:12:02,P009,16,,daily,female,15.png,AI,AI,1
2026-08-09 20:12:02,P009,16,,daily,female,16.mp4,REAL,REAL,1
2026-08-09 20:12:02,P009,16,,daily,female,17.mp4,AI,AI,1
2026-08-09 20:12:02,P009,16,,daily,female,18.png,REAL,AI,0
2026-08-09 20:12:02,P009,16,,daily,female,19.png,AI,REAL,0
2026-08-09 20:12:02,P009,16,,daily,female,20.png,REAL,AI,0
2026-08-09 20:12:02,P009,16,,daily,female,21.webp,REAL,AI,0
2026-08-09 20:12:02,P009,16,,daily,female,22.webp,REAL,REAL,1
2026-08-09 20:12:02,P009,16,,daily,female,23.jpg,REAL,REAL,1
2026-08-09 20:12:02,P009,16,,daily,female,24.mp4,AI,AI,1
2026-08-09 20:12:02,P009,16,,daily,female,25.mov,REAL,REAL,1
2026-08-09 20:12:02,P009,16,,daily,female,26.mov,AI,AI,1
2026-08-09 20:12:02,P009,16,,daily,female,27.jpeg,REAL,AI,0
2026-08-09 20:12:02,P009,16,,daily,female,28.jpg,REAL,REAL,1
2026-08-09 20:12:02,P009,16,,daily,female,29.png,AI,REAL,0
2026-08-09 20:12:02,P009,16,,daily,female,30.jpg,AI,REAL,0
2026-08-09 20:12:02,P009,16,,daily,female,31.jpg,AI,AI,1
2026-08-09 20:12:02,P009,16,,daily,female,32.png,REAL,AI,0
2026-08-09 20:12:02,P009,16,,daily,female,33.png,REAL,REAL,1
2026-08-09 20:12:02,P009,16,,daily,female,34.png,REAL,REAL,1
2026-08-09 20:12:02,P009,16,,daily,female,35.png,AI,AI,1
2026-08-09 20:12:02,P009,16,,daily,female,36.jpg,REAL,REAL,1
2026-08-09 20:12:02,P009,16,,daily,female,37.mp4,REAL,REAL,1
2026-08-09 20:12:02,P009,16,,daily,female,38.mp4,AI,AI,1
2026-08-09 20:14:54,P010,17,,daily,female,1.jpg,AI,AI,1
2026-08-09 20:14:54,P010,17,,daily,female,2.jpg,REAL,REAL,1
2026-08-09 20:14:54,P010,17,,daily,female,3.jpg,REAL,REAL,1
2026-08-09 20:14:54,P010,17,,daily,female,4.mp4,AI,AI,1
2026-08-09 20:14:54,P010,17,,daily,female,5.png,AI,AI,1
2026-08-09 20:14:54,P010,17,,daily,female,6.png,REAL,AI,0
2026-08-09 20:14:54,P010,17,,daily,female,7.jpeg,REAL,REAL,1
2026-08-09 20:14:54,P010,17,,daily,female,8.avif,AI,REAL,0
2026-08-09 20:14:54,P010,17,,daily,female,9.png,REAL,AI,0
2026-08-09 20:14:54,P010,17,,daily,female,10.webp,REAL,REAL,1
2026-08-09 20:14:54,P010,17,,daily,female,11.jpg,REAL,REAL,1
2026-08-09 20:14:54,P010,17,,daily,female,12.png,REAL,AI,0
2026-08-09 20:14:54,P010,17,,daily,female,13.jpg,REAL,AI,0
2026-08-09 20:14:54,P010,17,,daily,female,14.mp4,AI,REAL,0
2026-08-09 20:14:54,P010,17,,daily,female,15.png,AI,AI,1
2026-08-09 20:14:54,P010,17,,daily,female,16.mp4,REAL,REAL,1
2026-08-09 20:14:54,P010,17,,daily,female,17.mp4,AI,AI,1
2026-08-09 20:14:54,P010,17,,daily,female,18.png,AI,AI,1
2026-08-09 20:14:54,P010,17,,daily,female,19.png,REAL,REAL,1
2026-08-09 20:14:54,P010,17,,daily,female,20.png,AI,AI,1
2026-08-09 20:14:54,P010,17,,daily,female,21.webp,REAL,AI,0
2026-08-09 20:14:54,P010,17,,daily,female,22.webp,REAL,REAL,1
2026-08-09 20:14:54,P010,17,,daily,female,23.jpg,REAL,REAL,1
2026-08-09 20:14:54,P010,17,,daily,female,24.mp4,AI,AI,1
2026-08-09 20:14:54,P010,17,,daily,female,25.mov,REAL,REAL,1
2026-08-09 20:14:54,P010,17,,daily,female,26.mov,AI,AI,1
2026-08-09 20:14:54,P010,17,,daily,female,27.jpeg,REAL,AI,0
2026-08-09 20:14:54,P010,17,,daily,female,28.jpg,REAL,REAL,1
2026-08-09 20:14:54,P010,17,,daily,female,29.png,REAL,REAL,1
2026-08-09 20:14:54,P010,17,,daily,female,30.jpg,REAL,REAL,1
2026-08-09 20:14:54,P010,17,,daily,female,31.jpg,AI,AI,1
2026-08-09 20:14:54,P010,17,,daily,female,32.png,REAL,AI,0
2026-08-09 20:14:54,P010,17,,daily,female,33.png,REAL,REAL,1
2026-08-09 20:14:54,P010,17,,daily,female,34.png,REAL,REAL,1
2026-08-09 20:14:54,P010,17,,daily,female,35.png,AI,AI,1
2026-08-09 20:14:54,P010,17,,daily,female,36.jpg,REAL,REAL,1
2026-08-09 20:14:54,P010,17,,daily,female,37.mp4,REAL,REAL,1
2026-08-09 20:14:54,P010,17,,daily,female,38.mp4,AI,AI,1
2026-08-09 20:15:06,P011,17,,never,male,1.jpg,REAL,AI,0
2026-08-09 20:15:06,P011,17,,never,male,2.jpg,REAL,REAL,1
2026-08-09 20:15:06,P011,17,,never,male,3.jpg,REAL,REAL,1
2026-08-09 20:15:06,P011,17,,never,male,4.mp4,AI,AI,1
2026-08-09 20:15:06,P011,17,,never,male,5.png,REAL,AI,0
2026-08-09 20:15:06,P011,17,,never,male,6.png,AI,AI,1
2026-08-09 20:15:06,P011,17,,never,male,7.jpeg,AI,REAL,0
2026-08-09 20:15:06,P011,17,,never,male,8.avif,REAL,REAL,1
2026-08-09 20:15:06,P011,17,,never,male,9.png,REAL,AI,0
2026-08-09 20:15:06,P011,17,,never,male,10.webp,REAL,REAL,1
2026-08-09 20:15:06,P011,17,,never,male,11.jpg,AI,REAL,0
2026-08-09 20:15:06,P011,17,,never,male,12.png,AI,AI,1
2026-08-09 20:15:06,P011,17,,never,male,13.jpg,REAL,AI,0
2026-08-09 20:15:06,P011,17,,never,male,14.mp4,AI,REAL,0
2026-08-09 20:15:06,P011,17,,never,male,15.png,AI,AI,1
2026-08-09 20:15:06,P011,17,,never,male,16.mp4,REAL,REAL,1
2026-08-09 20:15:06,P011,17,,never,male,17.mp4,REAL,AI,0
2026-08-09 20:15:06,P011,17,,never,male,18.png,AI,AI,1
2026-08-09 20:15:06,P011,17,,never,male,19.png,REAL,REAL,1
2026-08-09 20:15:06,P011,17,,never,male,20.png,REAL,AI,0
2026-08-09 20:15:06,P011,17,,never,male,21.webp,REAL,AI,0
2026-08-09 20:15:06,P011,17,,never,male,22.webp,AI,REAL,0
2026-08-09 20:15:06,P011,17,,never,male,23.jpg,REAL,REAL,1
2026-08-09 20:15:06,P011,17,,never,male,24.mp4,REAL,AI,0
2026-08-09 20:15:06,P011,17,,never,male,25.mov,REAL,REAL,1
2026-08-09 20:15:06,P011,17,,never,male,26.mov,AI,AI,1
2026-08-09 20:15:06,P011,17,,never,male,27.jpeg,REAL,AI,0
2026-08-09 20:15:06,P011,17,,never,male,28.jpg,REAL,REAL,1
2026-08-09 20:15:06,P011,17,,never,male,29.png,AI,REAL,0
2026-08-09 20:15:06,P011,17,,never,male,30.jpg,REAL,REAL,1
2026-08-09 20:15:06,P011,17,,never,male,31.jpg,AI,AI,1
2026-08-09 20:15:06,P011,17,,never,male,32.png,REAL,AI,0
2026-08-09 20:15:06,P011,17,,never,male,33.png,AI,REAL,0
2026-08-09 20:15:06,P011,17,,never,male,34.png,REAL,REAL,1
2026-08-09 20:15:06,P011,17,,never,male,35.png,REAL,AI,0
2026-08-09 20:15:06,P011,17,,never,male,36.jpg,AI,REAL,0
2026-08-09 20:15:06,P011,17,,never,male,37.mp4,AI,REAL,0
2026-08-09 20:15:06,P011,17,,never,male,38.mp4,REAL,AI,0
2026-08-09 20:23:27,P012,18,,daily,male,1.jpg,REAL,AI,0
2026-08-09 20:23:27,P012,18,,daily,male,2.jpg,REAL,REAL,1
2026-08-09 20:23:27,P012,18,,daily,male,3.jpg,REAL,REAL,1
2026-08-09 20:23:27,P012,18,,daily,male,4.mp4,AI,AI,1
2026-08-09 20:23:27,P012,18,,daily,male,5.png,REAL,AI,0
2026-08-09 20:23:27,P012,18,,daily,male,6.png,AI,AI,1
2026-08-09 20:23:27,P012,18,,daily,male,7.jpeg,REAL,REAL,1
2026-08-09 20:23:27,P012,18,,daily,male,8.avif,REAL,REAL,1
2026-08-09 20:23:27,P012,18,,daily,male,9.png,AI,AI,1
2026-08-09 20:23:27,P012,18,,daily,male,10.webp,REAL,REAL,1
2026-08-09 20:23:27,P012,18,,daily,male,11.jpg,REAL,REAL,1
2026-08-09 20:23:27,P012,18,,daily,male,12.png,REAL,AI,0
2026-08-09 20:23:27,P012,18,,daily,male,13.jpg,REAL,AI,0
2026-08-09 20:23:27,P012,18,,daily,male,14.mp4,AI,REAL,0
2026-08-09 20:23:27,P012,18,,daily,male,15.png,AI,AI,1
2026-08-09 20:23:27,P012,18,,daily,male,16.mp4,AI,REAL,0
2026-08-09 20:23:27,P012,18,,daily,male,17.mp4,AI,AI,1
2026-08-09 20:23:27,P012,18,,daily,male,18.png,AI,AI,1
2026-08-09 20:23:27,P012,18,,daily,male,19.png,REAL,REAL,1
2026-08-09 20:23:27,P012,18,,daily,male,20.png,REAL,AI,0
2026-08-09 20:23:27,P012,18,,daily,male,21.webp,REAL,AI,0
2026-08-09 20:23:27,P012,18,,daily,male,22.webp,REAL,REAL,1
2026-08-09 20:23:27,P012,18,,daily,male,23.jpg,REAL,REAL,1
2026-08-09 20:23:27,P012,18,,daily,male,24.mp4,AI,AI,1
2026-08-09 20:23:27,P012,18,,daily,male,25.mov,REAL,REAL,1
2026-08-09 20:23:27,P012,18,,daily,male,26.mov,REAL,AI,0
2026-08-09 20:23:27,P012,18,,daily,male,27.jpeg,REAL,AI,0
2026-08-09 20:23:27,P012,18,,daily,male,28.jpg,REAL,REAL,1
2026-08-09 20:23:27,P012,18,,daily,male,29.png,REAL,REAL,1
2026-08-09 20:23:27,P012,18,,daily,male,30.jpg,REAL,REAL,1
2026-08-09 20:23:27,P012,18,,daily,male,31.jpg,AI,AI,1
2026-08-09 20:23:27,P012,18,,daily,male,32.png,AI,AI,1
2026-08-09 20:23:27,P012,18,,daily,male,33.png,AI,REAL,0
2026-08-09 20:23:27,P012,18,,daily,male,34.png,REAL,REAL,1
2026-08-09 20:23:27,P012,18,,daily,male,35.png,AI,AI,1
2026-08-09 20:23:27,P012,18,,daily,male,36.jpg,REAL,REAL,1
2026-08-09 20:23:27,P012,18,,daily,male,37.mp4,AI,REAL,0
2026-08-09 20:23:27,P012,18,,daily,male,38.mp4,AI,AI,1
2026-08-09 20:23:51,P013,16,,daily,male,1.jpg,AI,AI,1
2026-08-09 20:23:51,P013,16,,daily,male,2.jpg,REAL,REAL,1
2026-08-09 20:23:51,P013,16,,daily,male,3.jpg,REAL,REAL,1
2026-08-09 20:23:51,P013,16,,daily,male,4.mp4,AI,AI,1
2026-08-09 20:23:51,P013,16,,daily,male,5.png,REAL,AI,0
2026-08-09 20:23:51,P013,16,,daily,male,6.png,REAL,AI,0
2026-08-09 20:23:51,P013,16,,daily,male,7.jpeg,AI,REAL,0
2026-08-09 20:23:51,P013,16,,daily,male,8.avif,REAL,REAL,1
2026-08-09 20:23:51,P013,16,,daily,male,9.png,REAL,AI,0
2026-08-09 20:23:51,P013,16,,daily,male,10.webp,REAL,REAL,1
2026-08-09 20:23:51,P013,16,,daily,male,11.jpg,AI,REAL,0
2026-08-09 20:23:51,P013,16,,daily,male,12.png,REAL,AI,0
2026-08-09 20:23:51,P013,16,,daily,male,13.jpg,AI,AI,1
2026-08-09 20:23:51,P013,16,,daily,male,14.mp4,AI,REAL,0
2026-08-09 20:23:51,P013,16,,daily,male,15.png,AI,AI,1
2026-08-09 20:23:51,P013,16,,daily,male,16.mp4,AI,REAL,0
2026-08-09 20:23:51,P013,16,,daily,male,17.mp4,AI,AI,1
2026-08-09 20:23:51,P013,16,,daily,male,18.png,AI,AI,1
2026-08-09 20:23:51,P013,16,,daily,male,19.png,AI,REAL,0
2026-08-09 20:23:51,P013,16,,daily,male,20.png,REAL,AI,0
2026-08-09 20:23:51,P013,16,,daily,male,21.webp,AI,AI,1
2026-08-09 20:23:51,P013,16,,daily,male,22.webp,AI,REAL,0
2026-08-09 20:23:51,P013,16,,daily,male,23.jpg,REAL,REAL,1
2026-08-09 20:23:51,P013,16,,daily,male,24.mp4,AI,AI,1
2026-08-09 20:23:51,P013,16,,daily,male,25.mov,AI,REAL,0
2026-08-09 20:23:51,P013,16,,daily,male,26.mov,AI,AI,1
2026-08-09 20:23:51,P013,16,,daily,male,27.jpeg,AI,AI,1
2026-08-09 20:23:51,P013,16,,daily,male,28.jpg,REAL,REAL,1
2026-08-09 20:23:51,P013,16,,daily,male,29.png,REAL,REAL,1
2026-08-09 20:23:51,P013,16,,daily,male,30.jpg,REAL,REAL,1
2026-08-09 20:23:51,P013,16,,daily,male,31.jpg,AI,AI,1
2026-08-09 20:23:51,P013,16,,daily,male,32.png,REAL,AI,0
2026-08-09 20:23:51,P013,16,,daily,male,33.png,AI,REAL,0
2026-08-09 20:23:51,P013,16,,daily,male,34.png,AI,REAL,0
2026-08-09 20:23:51,P013,16,,daily,male,35.png,REAL,AI,0
2026-08-09 20:23:51,P013,16,,daily,male,36.jpg,AI,REAL,0
2026-08-09 20:23:51,P013,16,,daily,male,37.mp4,AI,REAL,0
2026-08-09 20:23:51,P013,16,,daily,male,38.mp4,AI,AI,1
2026-08-09 20:37:38,P014,19,,daily,male,1.jpg,REAL,AI,0
2026-08-09 20:37:38,P014,19,,daily,male,2.jpg,AI,REAL,0
2026-08-09 20:37:38,P014,19,,daily,male,3.jpg,AI,REAL,0
2026-08-09 20:37:38,P014,19,,daily,male,4.mp4,AI,AI,1
2026-08-09 20:37:38,P014,19,,daily,male,5.png,REAL,AI,0
2026-08-09 20:37:38,P014,19,,daily,male,6.png,REAL,AI,0
2026-08-09 20:37:38,P014,19,,daily,male,7.jpeg,AI,REAL,0
2026-08-09 20:37:38,P014,19,,daily,male,8.avif,AI,REAL,0
2026-08-09 20:37:38,P014,19,,daily,male,9.png,AI,AI,1
2026-08-09 20:37:38,P014,19,,daily,male,10.webp,REAL,REAL,1
2026-08-09 20:37:38,P014,19,,daily,male,11.jpg,AI,REAL,0
2026-08-09 20:37:38,P014,19,,daily,male,12.png,AI,AI,1
2026-08-09 20:37:38,P014,19,,daily,male,13.jpg,AI,AI,1
2026-08-09 20:37:38,P014,19,,daily,male,14.mp4,REAL,REAL,1
2026-08-09 20:37:38,P014,19,,daily,male,15.png,AI,AI,1
2026-08-09 20:37:38,P014,19,,daily,male,16.mp4,AI,REAL,0
2026-08-09 20:37:38,P014,19,,daily,male,17.mp4,REAL,AI,0
2026-08-09 20:37:38,P014,19,,daily,male,18.png,AI,AI,1
2026-08-09 20:37:38,P014,19,,daily,male,19.png,AI,REAL,0
2026-08-09 20:37:38,P014,19,,daily,male,20.png,REAL,AI,0
2026-08-09 20:37:38,P014,19,,daily,male,21.webp,REAL,AI,0
2026-08-09 20:37:38,P014,19,,daily,male,22.webp,AI,REAL,0
2026-08-09 20:37:38,P014,19,,daily,male,23.jpg,REAL,REAL,1
2026-08-09 20:37:38,P014,19,,daily,male,24.mp4,AI,AI,1
2026-08-09 20:37:38,P014,19,,daily,male,25.mov,REAL,REAL,1
2026-08-09 20:37:38,P014,19,,daily,male,26.mov,AI,AI,1
2026-08-09 20:37:38,P014,19,,daily,male,27.jpeg,REAL,AI,0
2026-08-09 20:37:38,P014,19,,daily,male,28.jpg,REAL,REAL,1
2026-08-09 20:37:38,P014,19,,daily,male,29.png,REAL,REAL,1
2026-08-09 20:37:38,P014,19,,daily,male,30.jpg,REAL,REAL,1
2026-08-09 20:37:38,P014,19,,daily,male,31.jpg,AI,AI,1
2026-08-09 20:37:38,P014,19,,daily,male,32.png,AI,AI,1
2026-08-09 20:37:38,P014,19,,daily,male,33.png,AI,REAL,0
2026-08-09 20:37:38,P014,19,,daily,male,34.png,REAL,REAL,1
2026-08-09 20:37:38,P014,19,,daily,male,35.png,AI,AI,1
2026-08-09 20:37:38,P014,19,,daily,male,36.jpg,AI,REAL,0
2026-08-09 20:37:38,P014,19,,daily,male,37.mp4,AI,REAL,0
2026-08-09 20:37:38,P014,19,,daily,male,38.mp4,REAL,AI,0
2026-08-09 20:38:29,P015,17,,daily,female,1.jpg,AI,AI,1
2026-08-09 20:38:29,P015,17,,daily,female,2.jpg,REAL,REAL,1
2026-08-09 20:38:29,P015,17,,daily,female,3.jpg,AI,REAL,0
2026-08-09 20:38:29,P015,17,,daily,female,4.mp4,AI,AI,1
2026-08-09 20:38:29,P015,17,,daily,female,5.png,AI,AI,1
2026-08-09 20:38:29,P015,17,,daily,female,6.png,AI,AI,1
2026-08-09 20:38:29,P015,17,,daily,female,7.jpeg,REAL,REAL,1
2026-08-09 20:38:29,P015,17,,daily,female,8.avif,AI,REAL,0
2026-08-09 20:38:29,P015,17,,daily,female,9.png,REAL,AI,0
2026-08-09 20:38:29,P015,17,,daily,female,10.webp,REAL,REAL,1
2026-08-09 20:38:29,P015,17,,daily,female,11.jpg,REAL,REAL,1
2026-08-09 20:38:29,P015,17,,daily,female,12.png,REAL,AI,0
2026-08-09 20:38:29,P015,17,,daily,female,13.jpg,REAL,AI,0
2026-08-09 20:38:29,P015,17,,daily,female,14.mp4,AI,REAL,0
2026-08-09 20:38:29,P015,17,,daily,female,15.png,AI,AI,1
2026-08-09 20:38:29,P015,17,,daily,female,16.mp4,AI,REAL,0
2026-08-09 20:38:29,P015,17,,daily,female,17.mp4,REAL,AI,0
2026-08-09 20:38:29,P015,17,,daily,female,18.png,AI,AI,1
2026-08-09 20:38:29,P015,17,,daily,female,19.png,AI,REAL,0
2026-08-09 20:38:29,P015,17,,daily,female,20.png,AI,AI,1
2026-08-09 20:38:29,P015,17,,daily,female,21.webp,REAL,AI,0
2026-08-09 20:38:29,P015,17,,daily,female,22.webp,AI,REAL,0
2026-08-09 20:38:29,P015,17,,daily,female,23.jpg,REAL,REAL,1
2026-08-09 20:38:29,P015,17,,daily,female,24.mp4,AI,AI,1
2026-08-09 20:38:29,P015,17,,daily,female,25.mov,REAL,REAL,1
2026-08-09 20:38:29,P015,17,,daily,female,26.mov,REAL,AI,0
2026-08-09 20:38:29,P015,17,,daily,female,27.jpeg,AI,AI,1
2026-08-09 20:38:29,P015,17,,daily,female,28.jpg,REAL,REAL,1
2026-08-09 20:38:29,P015,17,,daily,female,29.png,REAL,REAL,1
2026-08-09 20:38:29,P015,17,,daily,female,30.jpg,REAL,REAL,1
2026-08-09 20:38:29,P015,17,,daily,female,31.jpg,REAL,AI,0
2026-08-09 20:38:29,P015,17,,daily,female,32.png,REAL,AI,0
2026-08-09 20:38:29,P015,17,,daily,female,33.png,REAL,REAL,1
2026-08-09 20:38:29,P015,17,,daily,female,34.png,REAL,REAL,1
2026-08-09 20:38:29,P015,17,,daily,female,35.png,AI,AI,1
2026-08-09 20:38:29,P015,17,,daily,female,36.jpg,REAL,REAL,1
2026-08-09 20:38:29,P015,17,,daily,female,37.mp4,REAL,REAL,1
2026-08-09 20:38:29,P015,17,,daily,female,38.mp4,AI,AI,1
2026-08-09 20:45:25,P016,18,,daily,female,1.jpg,AI,AI,1
2026-08-09 20:45:25,P016,18,,daily,female,2.jpg,REAL,REAL,1
2026-08-09 20:45:25,P016,18,,daily,female,3.jpg,AI,REAL,0
2026-08-09 20:45:25,P016,18,,daily,female,4.mp4,AI,AI,1
2026-08-09 20:45:25,P016,18,,daily,female,5.png,AI,AI,1
2026-08-09 20:45:25,P016,18,,daily,female,6.png,REAL,AI,0
2026-08-09 20:45:25,P016,18,,daily,female,7.jpeg,REAL,REAL,1
2026-08-09 20:45:25,P016,18,,daily,female,8.avif,AI,REAL,0
2026-08-09 20:45:25,P016,18,,daily,female,9.png,AI,AI,1
2026-08-09 20:45:25,P016,18,,daily,female,10.webp,REAL,REAL,1
2026-08-09 20:45:25,P016,18,,daily,female,11.jpg,REAL,REAL,1
2026-08-09 20:45:25,P016,18,,daily,female,12.png,REAL,AI,0
2026-08-09 20:45:25,P016,18,,daily,female,13.jpg,REAL,AI,0
2026-08-09 20:45:25,P016,18,,daily,female,14.mp4,AI,REAL,0
2026-08-09 20:45:25,P016,18,,daily,female,15.png,REAL,AI,0
2026-08-09 20:45:25,P016,18,,daily,female,16.mp4,AI,REAL,0
2026-08-09 20:45:25,P016,18,,daily,female,17.mp4,AI,AI,1
2026-08-09 20:45:25,P016,18,,daily,female,18.png,REAL,AI,0
2026-08-09 20:45:25,P016,18,,daily,female,19.png,REAL,REAL,1
2026-08-09 20:45:25,P016,18,,daily,female,20.png,REAL,AI,0
2026-08-09 20:45:25,P016,18,,daily,female,21.webp,REAL,AI,0
2026-08-09 20:45:25,P016,18,,daily,female,22.webp,AI,REAL,0
2026-08-09 20:45:25,P016,18,,daily,female,23.jpg,REAL,REAL,1
2026-08-09 20:45:25,P016,18,,daily,female,24.mp4,AI,AI,1
2026-08-09 20:45:25,P016,18,,daily,female,25.mov,REAL,REAL,1
2026-08-09 20:45:25,P016,18,,daily,female,26.mov,REAL,AI,0
2026-08-09 20:45:25,P016,18,,daily,female,27.jpeg,REAL,AI,0
2026-08-09 20:45:25,P016,18,,daily,female,28.jpg,AI,REAL,0
2026-08-09 20:45:25,P016,18,,daily,female,29.png,REAL,REAL,1
2026-08-09 20:45:25,P016,18,,daily,female,30.jpg,REAL,REAL,1
2026-08-09 20:45:25,P016,18,,daily,female,31.jpg,AI,AI,1
2026-08-09 20:45:25,P016,18,,daily,female,32.png,AI,AI,1
2026-08-09 20:45:25,P016,18,,daily,female,33.png,REAL,REAL,1
2026-08-09 20:45:25,P016,18,,daily,female,34.png,REAL,REAL,1
2026-08-09 20:45:25,P016,18,,daily,female,35.png,REAL,AI,0
2026-08-09 20:45:25,P016,18,,daily,female,36.jpg,AI,REAL,0
2026-08-09 20:45:25,P016,18,,daily,female,37.mp4,AI,REAL,0
2026-08-09 20:45:25,P016,18,,daily,female,38.mp4,AI,AI,1
2026-08-09 20:45:45,P017,18,,daily,male,1.jpg,AI,AI,1
2026-08-09 20:45:45,P017,18,,daily,male,2.jpg,REAL,REAL,1
2026-08-09 20:45:45,P017,18,,daily,male,3.jpg,AI,REAL,0
2026-08-09 20:45:45,P017,18,,daily,male,4.mp4,REAL,AI,0
2026-08-09 20:45:45,P017,18,,daily,male,5.png,AI,AI,1
2026-08-09 20:45:45,P017,18,,daily,male,6.png,AI,AI,1
2026-08-09 20:45:45,P017,18,,daily,male,7.jpeg,AI,REAL,0
2026-08-09 20:45:45,P017,18,,daily,male,8.avif,AI,REAL,0
2026-08-09 20:45:45,P017,18,,daily,male,9.png,AI,AI,1
2026-08-09 20:45:45,P017,18,,daily,male,10.webp,REAL,REAL,1
2026-08-09 20:45:45,P017,18,,daily,male,11.jpg,REAL,REAL,1
2026-08-09 20:45:45,P017,18,,daily,male,12.png,REAL,AI,0
2026-08-09 20:45:45,P017,18,,daily,male,13.jpg,REAL,AI,0
2026-08-09 20:45:45,P017,18,,daily,male,14.mp4,REAL,REAL,1
2026-08-09 20:45:45,P017,18,,daily,male,15.png,AI,AI,1
2026-08-09 20:45:45,P017,18,,daily,male,16.mp4,REAL,REAL,1
2026-08-09 20:45:45,P017,18,,daily,male,17.mp4,AI,AI,1
2026-08-09 20:45:45,P017,18,,daily,male,18.png,REAL,AI,0
2026-08-09 20:45:45,P017,18,,daily,male,19.png,AI,REAL,0
2026-08-09 20:45:45,P017,18,,daily,male,20.png,AI,AI,1
2026-08-09 20:45:45,P017,18,,daily,male,21.webp,REAL,AI,0
2026-08-09 20:45:45,P017,18,,daily,male,22.webp,AI,REAL,0
2026-08-09 20:45:45,P017,18,,daily,male,23.jpg,REAL,REAL,1
2026-08-09 20:45:45,P017,18,,daily,male,24.mp4,AI,AI,1
2026-08-09 20:45:45,P017,18,,daily,male,25.mov,AI,REAL,0
2026-08-09 20:45:45,P017,18,,daily,male,26.mov,AI,AI,1
2026-08-09 20:45:45,P017,18,,daily,male,27.jpeg,AI,AI,1
2026-08-09 20:45:45,P017,18,,daily,male,28.jpg,REAL,REAL,1
2026-08-09 20:45:45,P017,18,,daily,male,29.png,REAL,REAL,1
2026-08-09 20:45:45,P017,18,,daily,male,30.jpg,REAL,REAL,1
2026-08-09 20:45:45,P017,18,,daily,male,31.jpg,AI,AI,1
2026-08-09 20:45:45,P017,18,,daily,male,32.png,AI,AI,1
2026-08-09 20:45:45,P017,18,,daily,male,33.png,REAL,REAL,1
2026-08-09 20:45:45,P017,18,,daily,male,34.png,REAL,REAL,1
2026-08-09 20:45:45,P017,18,,daily,male,35.png,AI,AI,1
2026-08-09 20:45:45,P017,18,,daily,male,36.jpg,REAL,REAL,1
2026-08-09 20:45:45,P017,18,,daily,male,37.mp4,REAL,REAL,1
2026-08-09 20:45:45,P017,18,,daily,male,38.mp4,AI,AI,1
2026-08-09 21:02:34,P018,21,,daily,female,1.jpg,REAL,AI,0
2026-08-09 21:02:34,P018,21,,daily,female,2.jpg,AI,REAL,0
2026-08-09 21:02:34,P018,21,,daily,female,3.jpg,REAL,REAL,1
2026-08-09 21:02:34,P018,21,,daily,female,4.mp4,AI,AI,1
2026-08-09 21:02:34,P018,21,,daily,female,5.png,AI,AI,1
2026-08-09 21:02:34,P018,21,,daily,female,6.png,AI,AI,1
2026-08-09 21:02:34,P018,21,,daily,female,7.jpeg,REAL,REAL,1
2026-08-09 21:02:34,P018,21,,daily,female,8.avif,AI,REAL,0
2026-08-09 21:02:34,P018,21,,daily,female,9.png,AI,AI,1
2026-08-09 21:02:34,P018,21,,daily,female,10.webp,REAL,REAL,1
2026-08-09 21:02:34,P018,21,,daily,female,11.jpg,AI,REAL,0
2026-08-09 21:02:34,P018,21,,daily,female,12.png,REAL,AI,0
2026-08-09 21:02:34,P018,21,,daily,female,13.jpg,REAL,AI,0
2026-08-09 21:02:34,P018,21,,daily,female,14.mp4,AI,REAL,0
2026-08-09 21:02:34,P018,21,,daily,female,15.png,AI,AI,1
2026-08-09 21:02:34,P018,21,,daily,female,16.mp4,REAL,REAL,1
2026-08-09 21:02:34,P018,21,,daily,female,17.mp4,AI,AI,1
2026-08-09 21:02:34,P018,21,,daily,female,18.png,AI,AI,1
2026-08-09 21:02:34,P018,21,,daily,female,19.png,AI,REAL,0
2026-08-09 21:02:34,P018,21,,daily,female,20.png,REAL,AI,0
2026-08-09 21:02:34,P018,21,,daily,female,21.webp,REAL,AI,0
2026-08-09 21:02:34,P018,21,,daily,female,22.webp,AI,REAL,0
2026-08-09 21:02:34,P018,21,,daily,female,23.jpg,AI,REAL,0
2026-08-09 21:02:34,P018,21,,daily,female,24.mp4,AI,AI,1
2026-08-09 21:02:34,P018,21,,daily,female,25.mov,REAL,REAL,1
2026-08-09 21:02:34,P018,21,,daily,female,26.mov,AI,AI,1
2026-08-09 21:02:34,P018,21,,daily,female,27.jpeg,AI,AI,1
2026-08-09 21:02:34,P018,21,,daily,female,28.jpg,REAL,REAL,1
2026-08-09 21:02:34,P018,21,,daily,female,29.png,AI,REAL,0
2026-08-09 21:02:34,P018,21,,daily,female,30.jpg,REAL,REAL,1
2026-08-09 21:02:34,P018,21,,daily,female,31.jpg,AI,AI,1
2026-08-09 21:02:34,P018,21,,daily,female,32.png,AI,AI,1
2026-08-09 21:02:34,P018,21,,daily,female,33.png,REAL,REAL,1
2026-08-09 21:02:34,P018,21,,daily,female,34.png,REAL,REAL,1
2026-08-09 21:02:34,P018,21,,daily,female,35.png,AI,AI,1
2026-08-09 21:02:34,P018,21,,daily,female,36.jpg,REAL,REAL,1
2026-08-09 21:02:34,P018,21,,daily,female,37.mp4,AI,REAL,0
2026-08-09 21:02:34,P018,21,,daily,female,38.mp4,AI,AI,1
2026-08-09 21:03:58,P019,17,,daily,female,1.jpg,AI,AI,1
2026-08-09 21:03:58,P019,17,,daily,female,2.jpg,REAL,REAL,1
2026-08-09 21:03:58,P019,17,,daily,female,3.jpg,AI,REAL,0
2026-08-09 21:03:58,P019,17,,daily,female,4.mp4,AI,AI,1
2026-08-09 21:03:58,P019,17,,daily,female,5.png,AI,AI,1
2026-08-09 21:03:58,P019,17,,daily,female,6.png,REAL,AI,0
2026-08-09 21:03:58,P019,17,,daily,female,7.jpeg,REAL,REAL,1
2026-08-09 21:03:58,P019,17,,daily,female,8.avif,AI,REAL,0
2026-08-09 21:03:58,P019,17,,daily,female,9.png,AI,AI,1
2026-08-09 21:03:58,P019,17,,daily,female,10.webp,REAL,REAL,1
2026-08-09 21:03:58,P019,17,,daily,female,11.jpg,REAL,REAL,1
2026-08-09 21:03:58,P019,17,,daily,female,12.png,REAL,AI,0
2026-08-09 21:03:58,P019,17,,daily,female,13.jpg,REAL,AI,0
2026-08-09 21:03:58,P019,17,,daily,female,14.mp4,REAL,REAL,1
2026-08-09 21:03:58,P019,17,,daily,female,15.png,AI,AI,1
2026-08-09 21:03:58,P019,17,,daily,female,16.mp4,REAL,REAL,1
2026-08-09 21:03:58,P019,17,,daily,female,17.mp4,AI,AI,1
2026-08-09 21:03:58,P019,17,,daily,female,18.png,AI,AI,1
2026-08-09 21:03:58,P019,17,,daily,female,19.png,REAL,REAL,1
2026-08-09 21:03:58,P019,17,,daily,female,20.png,REAL,AI,0
2026-08-09 21:03:58,P019,17,,daily,female,21.webp,REAL,AI,0
2026-08-09 21:03:58,P019,17,,daily,female,22.webp,REAL,REAL,1
2026-08-09 21:03:58,P019,17,,daily,female,23.jpg,REAL,REAL,1
2026-08-09 21:03:58,P019,17,,daily,female,24.mp4,AI,AI,1
2026-08-09 21:03:58,P019,17,,daily,female,25.mov,REAL,REAL,1
2026-08-09 21:03:58,P019,17,,daily,female,26.mov,AI,AI,1
2026-08-09 21:03:58,P019,17,,daily,female,27.jpeg,REAL,AI,0
2026-08-09 21:03:58,P019,17,,daily,female,28.jpg,REAL,REAL,1
2026-08-09 21:03:58,P019,17,,daily,female,29.png,REAL,REAL,1
2026-08-09 21:03:58,P019,17,,daily,female,30.jpg,REAL,REAL,1
2026-08-09 21:03:58,P019,17,,daily,female,31.jpg,AI,AI,1
2026-08-09 21:03:58,P019,17,,daily,female,32.png,REAL,AI,0
2026-08-09 21:03:58,P019,17,,daily,female,33.png,REAL,REAL,1
2026-08-09 21:03:58,P019,17,,daily,female,34.png,REAL,REAL,1
2026-08-09 21:03:58,P019,17,,daily,female,35.png,AI,AI,1
2026-08-09 21:03:58,P019,17,,daily,female,36.jpg,REAL,REAL,1
2026-08-09 21:03:58,P019,17,,daily,female,37.mp4,REAL,REAL,1
2026-08-09 21:03:58,P019,17,,daily,female,38.mp4,AI,AI,1
2026-08-09 21:11:39,P020,17,,daily,female,1.jpg,AI,AI,1
2026-08-09 21:11:39,P020,17,,daily,female,2.jpg,REAL,REAL,1
2026-08-09 21:11:39,P020,17,,daily,female,3.jpg,REAL,REAL,1
2026-08-09 21:11:39,P020,17,,daily,female,4.mp4,AI,AI,1
2026-08-09 21:11:39,P020,17,,daily,female,5.png,AI,AI,1
2026-08-09 21:11:39,P020,17,,daily,female,6.png,AI,AI,1
2026-08-09 21:11:39,P020,17,,daily,female,7.jpeg,REAL,REAL,1
2026-08-09 21:11:39,P020,17,,daily,female,8.avif,AI,REAL,0
2026-08-09 21:11:39,P020,17,,daily,female,9.png,AI,AI,1
2026-08-09 21:11:39,P020,17,,daily,female,10.webp,REAL,REAL,1
2026-08-09 21:11:39,P020,17,,daily,female,11.jpg,REAL,REAL,1
2026-08-09 21:11:39,P020,17,,daily,female,12.png,AI,AI,1
2026-08-09 21:11:39,P020,17,,daily,female,13.jpg,REAL,AI,0
2026-08-09 21:11:39,P020,17,,daily,female,14.mp4,AI,REAL,0
2026-08-09 21:11:39,P020,17,,daily,female,15.png,AI,AI,1
2026-08-09 21:11:39,P020,17,,daily,female,16.mp4,AI,REAL,0
2026-08-09 21:11:39,P020,17,,daily,female,17.mp4,AI,AI,1
2026-08-09 21:11:39,P020,17,,daily,female,18.png,AI,AI,1
2026-08-09 21:11:39,P020,17,,daily,female,19.png,REAL,REAL,1
2026-08-09 21:11:39,P020,17,,daily,female,20.png,REAL,AI,0
2026-08-09 21:11:39,P020,17,,daily,female,21.webp,REAL,AI,0
2026-08-09 21:11:39,P020,17,,daily,female,22.webp,REAL,REAL,1
2026-08-09 21:11:39,P020,17,,daily,female,23.jpg,REAL,REAL,1
2026-08-09 21:11:39,P020,17,,daily,female,24.mp4,AI,AI,1
2026-08-09 21:11:39,P020,17,,daily,female,25.mov,REAL,REAL,1
2026-08-09 21:11:39,P020,17,,daily,female,26.mov,AI,AI,1
2026-08-09 21:11:39,P020,17,,daily,female,27.jpeg,REAL,AI,0
2026-08-09 21:11:39,P020,17,,daily,female,28.jpg,REAL,REAL,1
2026-08-09 21:11:39,P020,17,,daily,female,29.png,REAL,REAL,1
2026-08-09 21:11:39,P020,17,,daily,female,30.jpg,REAL,REAL,1
2026-08-09 21:11:39,P020,17,,daily,female,31.jpg,REAL,AI,0
2026-08-09 21:11:39,P020,17,,daily,female,32.png,AI,AI,1
2026-08-09 21:11:39,P020,17,,daily,female,33.png,AI,REAL,0
2026-08-09 21:11:39,P020,17,,daily,female,34.png,REAL,REAL,1
2026-08-09 21:11:39,P020,17,,daily,female,35.png,AI,AI,1
2026-08-09 21:11:39,P020,17,,daily,female,36.jpg,REAL,REAL,1
2026-08-09 21:11:39,P020,17,,daily,female,37.mp4,AI,REAL,0
2026-08-09 21:11:39,P020,17,,daily,female,38.mp4,REAL,AI,0
2026-08-09 21:26:36,P021,16,,daily,female,1.jpg,AI,AI,1
2026-08-09 21:26:36,P021,16,,daily,female,2.jpg,REAL,REAL,1
2026-08-09 21:26:36,P021,16,,daily,female,3.jpg,REAL,REAL,1
2026-08-09 21:26:36,P021,16,,daily,female,4.mp4,AI,AI,1
2026-08-09 21:26:36,P021,16,,daily,female,5.png,AI,AI,1
2026-08-09 21:26:36,P021,16,,daily,female,6.png,AI,AI,1
2026-08-09 21:26:36,P021,16,,daily,female,7.jpeg,REAL,REAL,1
2026-08-09 21:26:36,P021,16,,daily,female,8.avif,REAL,REAL,1
2026-08-09 21:26:36,P021,16,,daily,female,9.png,AI,AI,1
2026-08-09 21:26:36,P021,16,,daily,female,10.webp,AI,REAL,0
2026-08-09 21:26:36,P021,16,,daily,female,11.jpg,REAL,REAL,1
2026-08-09 21:26:36,P021,16,,daily,female,12.png,AI,AI,1
2026-08-09 21:26:36,P021,16,,daily,female,13.jpg,REAL,AI,0
2026-08-09 21:26:36,P021,16,,daily,female,14.mp4,AI,REAL,0
2026-08-09 21:26:36,P021,16,,daily,female,15.png,AI,AI,1
2026-08-09 21:26:36,P021,16,,daily,female,16.mp4,AI,REAL,0
2026-08-09 21:26:36,P021,16,,daily,female,17.mp4,REAL,AI,0
2026-08-09 21:26:36,P021,16,,daily,female,18.png,REAL,AI,0
2026-08-09 21:26:36,P021,16,,daily,female,19.png,REAL,REAL,1
2026-08-09 21:26:36,P021,16,,daily,female,20.png,AI,AI,1
2026-08-09 21:26:36,P021,16,,daily,female,21.webp,REAL,AI,0
2026-08-09 21:26:36,P021,16,,daily,female,22.webp,REAL,REAL,1
2026-08-09 21:26:36,P021,16,,daily,female,23.jpg,REAL,REAL,1
2026-08-09 21:26:36,P021,16,,daily,female,24.mp4,AI,AI,1
2026-08-09 21:26:36,P021,16,,daily,female,25.mov,REAL,REAL,1
2026-08-09 21:26:36,P021,16,,daily,female,26.mov,AI,AI,1
2026-08-09 21:26:36,P021,16,,daily,female,27.jpeg,REAL,AI,0
2026-08-09 21:26:36,P021,16,,daily,female,28.jpg,REAL,REAL,1
2026-08-09 21:26:36,P021,16,,daily,female,29.png,REAL,REAL,1
2026-08-09 21:26:36,P021,16,,daily,female,30.jpg,REAL,REAL,1
2026-08-09 21:26:36,P021,16,,daily,female,31.jpg,AI,AI,1
2026-08-09 21:26:36,P021,16,,daily,female,32.png,REAL,AI,0
2026-08-09 21:26:36,P021,16,,daily,female,33.png,REAL,REAL,1
2026-08-09 21:26:36,P021,16,,daily,female,34.png,REAL,REAL,1
2026-08-09 21:26:36,P021,16,,daily,female,35.png,AI,AI,1
2026-08-09 21:26:36,P021,16,,daily,female,36.jpg,REAL,REAL,1
2026-08-09 21:26:36,P021,16,,daily,female,37.mp4,AI,REAL,0
2026-08-09 21:26:36,P021,16,,daily,female,38.mp4,AI,AI,1
2026-08-10 02:34:28,P022,17,,daily,female,1.jpg,AI,AI,1
2026-08-10 02:34:28,P022,17,,daily,female,2.jpg,AI,REAL,0
2026-08-10 02:34:28,P022,17,,daily,female,3.jpg,AI,REAL,0
2026-08-10 02:34:28,P022,17,,daily,female,4.mp4,AI,AI,1
2026-08-10 02:34:28,P022,17,,daily,female,5.png,REAL,AI,0
2026-08-10 02:34:28,P022,17,,daily,female,6.png,REAL,AI,0
2026-08-10 02:34:28,P022,17,,daily,female,7.jpeg,AI,REAL,0
2026-08-10 02:34:28,P022,17,,daily,female,8.avif,REAL,REAL,1
2026-08-10 02:34:28,P022,17,,daily,female,9.png,REAL,AI,0
2026-08-10 02:34:28,P022,17,,daily,female,10.webp,REAL,REAL,1
2026-08-10 02:34:28,P022,17,,daily,female,11.jpg,AI,REAL,0
2026-08-10 02:34:28,P022,17,,daily,female,12.png,REAL,AI,0
2026-08-10 02:34:28,P022,17,,daily,female,13.jpg,REAL,AI,0
2026-08-10 02:34:28,P022,17,,daily,female,14.mp4,AI,REAL,0
2026-08-10 02:34:28,P022,17,,daily,female,15.png,AI,AI,1
2026-08-10 02:34:28,P022,17,,daily,female,16.mp4,AI,REAL,0
2026-08-10 02:34:28,P022,17,,daily,female,17.mp4,AI,AI,1
2026-08-10 02:34:28,P022,17,,daily,female,18.png,AI,AI,1
2026-08-10 02:34:28,P022,17,,daily,female,19.png,AI,REAL,0
2026-08-10 02:34:28,P022,17,,daily,female,20.png,REAL,AI,0
2026-08-10 02:34:28,P022,17,,daily,female,21.webp,REAL,AI,0
2026-08-10 02:34:28,P022,17,,daily,female,22.webp,REAL,REAL,1
2026-08-10 02:34:28,P022,17,,daily,female,23.jpg,AI,REAL,0
2026-08-10 02:34:28,P022,17,,daily,female,24.mp4,AI,AI,1
2026-08-10 02:34:28,P022,17,,daily,female,25.mov,AI,REAL,0
2026-08-10 02:34:28,P022,17,,daily,female,26.mov,AI,AI,1
2026-08-10 02:34:28,P022,17,,daily,female,27.jpeg,REAL,AI,0
2026-08-10 02:34:28,P022,17,,daily,female,28.jpg,AI,REAL,0
2026-08-10 02:34:28,P022,17,,daily,female,29.png,AI,REAL,0
2026-08-10 02:34:28,P022,17,,daily,female,30.jpg,REAL,REAL,1
2026-08-10 02:34:28,P022,17,,daily,female,31.jpg,AI,AI,1
2026-08-10 02:34:28,P022,17,,daily,female,32.png,REAL,AI,0
2026-08-10 02:34:28,P022,17,,daily,female,33.png,AI,REAL,0
2026-08-10 02:34:28,P022,17,,daily,female,34.png,REAL,REAL,1
2026-08-10 02:34:28,P022,17,,daily,female,35.png,REAL,AI,0
2026-08-10 02:34:28,P022,17,,daily,female,36.jpg,AI,REAL,0
2026-08-10 02:34:28,P022,17,,daily,female,37.mp4,REAL,REAL,1
2026-08-10 02:34:28,P022,17,,daily,female,38.mp4,AI,AI,1
2026-08-10 06:51:22,P023,17,,frequently,female,1.jpg,REAL,AI,0
2026-08-10 06:51:22,P023,17,,frequently,female,2.jpg,REAL,REAL,1
2026-08-10 06:51:22,P023,17,,frequently,female,3.jpg,REAL,REAL,1
2026-08-10 06:51:22,P023,17,,frequently,female,4.mp4,REAL,AI,0
2026-08-10 06:51:22,P023,17,,frequently,female,5.png,REAL,AI,0
2026-08-10 06:51:22,P023,17,,frequently,female,6.png,REAL,AI,0
2026-08-10 06:51:22,P023,17,,frequently,female,7.jpeg,AI,REAL,0
2026-08-10 06:51:22,P023,17,,frequently,female,8.avif,REAL,REAL,1
2026-08-10 06:51:22,P023,17,,frequently,female,9.png,REAL,AI,0
2026-08-10 06:51:22,P023,17,,frequently,female,10.webp,REAL,REAL,1
2026-08-10 06:51:22,P023,17,,frequently,female,11.jpg,REAL,REAL,1
2026-08-10 06:51:22,P023,17,,frequently,female,12.png,REAL,AI,0
2026-08-10 06:51:22,P023,17,,frequently,female,13.jpg,AI,AI,1
2026-08-10 06:51:22,P023,17,,frequently,female,14.mp4,REAL,REAL,1
2026-08-10 06:51:22,P023,17,,frequently,female,15.png,REAL,AI,0
2026-08-10 06:51:22,P023,17,,frequently,female,16.mp4,REAL,REAL,1
2026-08-10 06:51:22,P023,17,,frequently,female,17.mp4,AI,AI,1
2026-08-10 06:51:22,P023,17,,frequently,female,18.png,AI,AI,1
2026-08-10 06:51:22,P023,17,,frequently,female,19.png,AI,REAL,0
2026-08-10 06:51:22,P023,17,,frequently,female,20.png,AI,AI,1
2026-08-10 06:51:22,P023,17,,frequently,female,21.webp,REAL,AI,0
2026-08-10 06:51:22,P023,17,,frequently,female,22.webp,AI,REAL,0
2026-08-10 06:51:22,P023,17,,frequently,female,23.jpg,REAL,REAL,1
2026-08-10 06:51:22,P023,17,,frequently,female,24.mp4,AI,AI,1
2026-08-10 06:51:22,P023,17,,frequently,female,25.mov,AI,REAL,0
2026-08-10 06:51:22,P023,17,,frequently,female,26.mov,AI,AI,1
2026-08-10 06:51:22,P023,17,,frequently,female,27.jpeg,AI,AI,1
2026-08-10 06:51:22,P023,17,,frequently,female,28.jpg,REAL,REAL,1
2026-08-10 06:51:22,P023,17,,frequently,female,29.png,REAL,REAL,1
2026-08-10 06:51:22,P023,17,,frequently,female,30.jpg,REAL,REAL,1
2026-08-10 06:51:22,P023,17,,frequently,female,31.jpg,AI,AI,1
2026-08-10 06:51:22,P023,17,,frequently,female,32.png,REAL,AI,0
2026-08-10 06:51:22,P023,17,,frequently,female,33.png,REAL,REAL,1
2026-08-10 06:51:22,P023,17,,frequently,female,34.png,REAL,REAL,1
2026-08-10 06:51:22,P023,17,,frequently,female,35.png,AI,AI,1
2026-08-10 06:51:22,P023,17,,frequently,female,36.jpg,REAL,REAL,1
2026-08-10 06:51:22,P023,17,,frequently,female,37.mp4,REAL,REAL,1
2026-08-10 06:51:22,P023,17,,frequently,female,38.mp4,AI,AI,1
2026-08-10 08:57:45,P024,16,,daily,male,1.jpg,AI,AI,1
2026-08-10 08:57:45,P024,16,,daily,male,2.jpg,AI,REAL,0
2026-08-10 08:57:45,P024,16,,daily,male,3.jpg,REAL,REAL,1
2026-08-10 08:57:45,P024,16,,daily,male,4.mp4,REAL,AI,0
2026-08-10 08:57:45,P024,16,,daily,male,5.png,REAL,AI,0
2026-08-10 08:57:45,P024,16,,daily,male,6.png,REAL,AI,0
2026-08-10 08:57:45,P024,16,,daily,male,7.jpeg,REAL,REAL,1
2026-08-10 08:57:45,P024,16,,daily,male,8.avif,REAL,REAL,1
2026-08-10 08:57:45,P024,16,,daily,male,9.png,REAL,AI,0
2026-08-10 08:57:45,P024,16,,daily,male,10.webp,REAL,REAL,1
2026-08-10 08:57:45,P024,16,,daily,male,11.jpg,AI,REAL,0
2026-08-10 08:57:45,P024,16,,daily,male,12.png,REAL,AI,0
2026-08-10 08:57:45,P024,16,,daily,male,13.jpg,REAL,AI,0
2026-08-10 08:57:45,P024,16,,daily,male,14.mp4,AI,REAL,0
2026-08-10 08:57:45,P024,16,,daily,male,15.png,REAL,AI,0
2026-08-10 08:57:45,P024,16,,daily,male,16.mp4,AI,REAL,0
2026-08-10 08:57:45,P024,16,,daily,male,17.mp4,AI,AI,1
2026-08-10 08:57:45,P024,16,,daily,male,18.png,AI,AI,1
2026-08-10 08:57:45,P024,16,,daily,male,19.png,AI,REAL,0
2026-08-10 08:57:45,P024,16,,daily,male,20.png,AI,AI,1
2026-08-10 08:57:45,P024,16,,daily,male,21.webp,AI,AI,1
2026-08-10 08:57:45,P024,16,,daily,male,22.webp,REAL,REAL,1
2026-08-10 08:57:45,P024,16,,daily,male,23.jpg,REAL,REAL,1
2026-08-10 08:57:45,P024,16,,daily,male,24.mp4,AI,AI,1
2026-08-10 08:57:45,P024,16,,daily,male,25.mov,REAL,REAL,1
2026-08-10 08:57:45,P024,16,,daily,male,26.mov,REAL,AI,0
2026-08-10 08:57:45,P024,16,,daily,male,27.jpeg,REAL,AI,0
2026-08-10 08:57:45,P024,16,,daily,male,28.jpg,REAL,REAL,1
2026-08-10 08:57:45,P024,16,,daily,male,29.png,REAL,REAL,1
2026-08-10 08:57:45,P024,16,,daily,male,30.jpg,REAL,REAL,1
2026-08-10 08:57:45,P024,16,,daily,male,31.jpg,AI,AI,1
2026-08-10 08:57:45,P024,16,,daily,male,32.png,REAL,AI,0
2026-08-10 08:57:45,P024,16,,daily,male,33.png,REAL,REAL,1
2026-08-10 08:57:45,P024,16,,daily,male,34.png,REAL,REAL,1
2026-08-10 08:57:45,P024,16,,daily,male,35.png,AI,AI,1
2026-08-10 08:57:45,P024,16,,daily,male,36.jpg,REAL,REAL,1
2026-08-10 08:57:45,P024,16,,daily,male,37.mp4,AI,REAL,0
2026-08-10 08:57:45,P024,16,,daily,male,38.mp4,AI,AI,1
2026-08-10 16:30:55,P025,53,,daily,male,1.jpg,REAL,AI,0
2026-08-10 16:30:55,P025,53,,daily,male,2.jpg,REAL,REAL,1
2026-08-10 16:30:55,P025,53,,daily,male,3.jpg,REAL,REAL,1
2026-08-10 16:30:55,P025,53,,daily,male,4.mp4,REAL,AI,0
2026-08-10 16:30:55,P025,53,,daily,male,5.png,REAL,AI,0
2026-08-10 16:30:55,P025,53,,daily,male,6.png,AI,AI,1
2026-08-10 16:30:55,P025,53,,daily,male,7.jpeg,REAL,REAL,1
2026-08-10 16:30:55,P025,53,,daily,male,8.avif,REAL,REAL,1
2026-08-10 16:30:55,P025,53,,daily,male,9.png,REAL,AI,0
2026-08-10 16:30:55,P025,53,,daily,male,10.webp,REAL,REAL,1
2026-08-10 16:30:55,P025,53,,daily,male,11.jpg,REAL,REAL,1
2026-08-10 16:30:55,P025,53,,daily,male,12.png,REAL,AI,0
2026-08-10 16:30:55,P025,53,,daily,male,13.jpg,REAL,AI,0
2026-08-10 16:30:55,P025,53,,daily,male,14.mp4,AI,REAL,0
2026-08-10 16:30:55,P025,53,,daily,male,15.png,AI,AI,1
2026-08-10 16:30:55,P025,53,,daily,male,16.mp4,REAL,REAL,1
2026-08-10 16:30:55,P025,53,,daily,male,17.mp4,REAL,AI,0
2026-08-10 16:30:55,P025,53,,daily,male,18.png,AI,AI,1
2026-08-10 16:30:55,P025,53,,daily,male,19.png,REAL,REAL,1
2026-08-10 16:30:55,P025,53,,daily,male,20.png,REAL,AI,0
2026-08-10 16:30:55,P025,53,,daily,male,21.webp,REAL,AI,0
2026-08-10 16:30:55,P025,53,,daily,male,22.webp,REAL,REAL,1
2026-08-10 16:30:55,P025,53,,daily,male,23.jpg,REAL,REAL,1
2026-08-10 16:30:55,P025,53,,daily,male,24.mp4,REAL,AI,0
2026-08-10 16:30:55,P025,53,,daily,male,25.mov,REAL,REAL,1
2026-08-10 16:30:55,P025,53,,daily,male,26.mov,REAL,AI,0
2026-08-10 16:30:55,P025,53,,daily,male,27.jpeg,REAL,AI,0
2026-08-10 16:30:55,P025,53,,daily,male,28.jpg,REAL,REAL,1
2026-08-10 16:30:55,P025,53,,daily,male,29.png,REAL,REAL,1
2026-08-10 16:30:55,P025,53,,daily,male,30.jpg,REAL,REAL,1
2026-08-10 16:30:55,P025,53,,daily,male,31.jpg,AI,AI,1
2026-08-10 16:30:55,P025,53,,daily,male,32.png,REAL,AI,0
2026-08-10 16:30:55,P025,53,,daily,male,33.png,REAL,REAL,1
2026-08-10 16:30:55,P025,53,,daily,male,34.png,REAL,REAL,1
2026-08-10 16:30:55,P025,53,,daily,male,35.png,REAL,AI,0
2026-08-10 16:30:55,P025,53,,daily,male,36.jpg,REAL,REAL,1
2026-08-10 16:30:55,P025,53,,daily,male,37.mp4,AI,REAL,0
2026-08-10 16:30:55,P025,53,,daily,male,38.mp4,REAL,AI,0
2026-08-10 16:33:13,P026,51,,daily,male,1.jpg,AI,AI,1
2026-08-10 16:33:13,P026,51,,daily,male,2.jpg,REAL,REAL,1
2026-08-10 16:33:13,P026,51,,daily,male,3.jpg,AI,REAL,0
2026-08-10 16:33:13,P026,51,,daily,male,4.mp4,REAL,AI,0
2026-08-10 16:33:13,P026,51,,daily,male,5.png,REAL,AI,0
2026-08-10 16:33:13,P026,51,,daily,male,6.png,REAL,AI,0
2026-08-10 16:33:13,P026,51,,daily,male,7.jpeg,AI,REAL,0
2026-08-10 16:33:13,P026,51,,daily,male,8.avif,REAL,REAL,1
2026-08-10 16:33:13,P026,51,,daily,male,9.png,AI,AI,1
2026-08-10 16:33:13,P026,51,,daily,male,10.webp,REAL,REAL,1
2026-08-10 16:33:13,P026,51,,daily,male,11.jpg,REAL,REAL,1
2026-08-10 16:33:13,P026,51,,daily,male,12.png,REAL,AI,0
2026-08-10 16:33:13,P026,51,,daily,male,13.jpg,REAL,AI,0
2026-08-10 16:33:13,P026,51,,daily,male,14.mp4,AI,REAL,0
2026-08-10 16:33:13,P026,51,,daily,male,15.png,AI,AI,1
2026-08-10 16:33:13,P026,51,,daily,male,16.mp4,AI,REAL,0
2026-08-10 16:33:13,P026,51,,daily,male,17.mp4,AI,AI,1
2026-08-10 16:33:13,P026,51,,daily,male,18.png,AI,AI,1
2026-08-10 16:33:13,P026,51,,daily,male,19.png,AI,REAL,0
2026-08-10 16:33:13,P026,51,,daily,male,20.png,AI,AI,1
2026-08-10 16:33:13,P026,51,,daily,male,21.webp,REAL,AI,0
2026-08-10 16:33:13,P026,51,,daily,male,22.webp,REAL,REAL,1
2026-08-10 16:33:13,P026,51,,daily,male,23.jpg,REAL,REAL,1
2026-08-10 16:33:13,P026,51,,daily,male,24.mp4,AI,AI,1
2026-08-10 16:33:13,P026,51,,daily,male,25.mov,AI,REAL,0
2026-08-10 16:33:13,P026,51,,daily,male,26.mov,AI,AI,1
2026-08-10 16:33:13,P026,51,,daily,male,27.jpeg,REAL,AI,0
2026-08-10 16:33:13,P026,51,,daily,male,28.jpg,REAL,REAL,1
2026-08-10 16:33:13,P026,51,,daily,male,29.png,AI,REAL,0
2026-08-10 16:33:13,P026,51,,daily,male,30.jpg,REAL,REAL,1
2026-08-10 16:33:13,P026,51,,daily,male,31.jpg,AI,AI,1
2026-08-10 16:33:13,P026,51,,daily,male,32.png,REAL,AI,0
2026-08-10 16:33:13,P026,51,,daily,male,33.png,REAL,REAL,1
2026-08-10 16:33:13,P026,51,,daily,male,34.png,REAL,REAL,1
2026-08-10 16:33:13,P026,51,,daily,male,35.png,REAL,AI,0
2026-08-10 16:33:13,P026,51,,daily,male,36.jpg,REAL,REAL,1
2026-08-10 16:33:13,P026,51,,daily,male,37.mp4,AI,REAL,0
2026-08-10 16:33:13,P026,51,,daily,male,38.mp4,REAL,AI,0
2026-08-10 16:35:01,P027,50,,daily,female,1.jpg,REAL,AI,0
2026-08-10 16:35:01,P027,50,,daily,female,2.jpg,REAL,REAL,1
2026-08-10 16:35:01,P027,50,,daily,female,3.jpg,AI,REAL,0
2026-08-10 16:35:01,P027,50,,daily,female,4.mp4,AI,AI,1
2026-08-10 16:35:01,P027,50,,daily,female,5.png,REAL,AI,0
2026-08-10 16:35:01,P027,50,,daily,female,6.png,REAL,AI,0
2026-08-10 16:35:01,P027,50,,daily,female,7.jpeg,AI,REAL,0
2026-08-10 16:35:01,P027,50,,daily,female,8.avif,REAL,REAL,1
2026-08-10 16:35:01,P027,50,,daily,female,9.png,REAL,AI,0
2026-08-10 16:35:01,P027,50,,daily,female,10.webp,REAL,REAL,1
2026-08-10 16:35:01,P027,50,,daily,female,11.jpg,AI,REAL,0
2026-08-10 16:35:01,P027,50,,daily,female,12.png,REAL,AI,0
2026-08-10 16:35:01,P027,50,,daily,female,13.jpg,REAL,AI,0
2026-08-10 16:35:01,P027,50,,daily,female,14.mp4,AI,REAL,0
2026-08-10 16:35:01,P027,50,,daily,female,15.png,AI,AI,1
2026-08-10 16:35:01,P027,50,,daily,female,16.mp4,REAL,REAL,1
2026-08-10 16:35:01,P027,50,,daily,female,17.mp4,REAL,AI,0
2026-08-10 16:35:01,P027,50,,daily,female,18.png,AI,AI,1
2026-08-10 16:35:01,P027,50,,daily,female,19.png,AI,REAL,0
2026-08-10 16:35:01,P027,50,,daily,female,20.png,REAL,AI,0
2026-08-10 16:35:01,P027,50,,daily,female,21.webp,REAL,AI,0
2026-08-10 16:35:01,P027,50,,daily,female,22.webp,AI,REAL,0
2026-08-10 16:35:01,P027,50,,daily,female,23.jpg,REAL,REAL,1
2026-08-10 16:35:01,P027,50,,daily,female,24.mp4,REAL,AI,0
2026-08-10 16:35:01,P027,50,,daily,female,25.mov,REAL,REAL,1
2026-08-10 16:35:01,P027,50,,daily,female,26.mov,REAL,AI,0
2026-08-10 16:35:01,P027,50,,daily,female,27.jpeg,REAL,AI,0
2026-08-10 16:35:01,P027,50,,daily,female,28.jpg,REAL,REAL,1
2026-08-10 16:35:01,P027,50,,daily,female,29.png,AI,REAL,0
2026-08-10 16:35:01,P027,50,,daily,female,30.jpg,AI,REAL,0
2026-08-10 16:35:01,P027,50,,daily,female,31.jpg,AI,AI,1
2026-08-10 16:35:01,P027,50,,daily,female,32.png,REAL,AI,0
2026-08-10 16:35:01,P027,50,,daily,female,33.png,REAL,REAL,1
2026-08-10 16:35:01,P027,50,,daily,female,34.png,REAL,REAL,1
2026-08-10 16:35:01,P027,50,,daily,female,35.png,REAL,AI,0
2026-08-10 16:35:01,P027,50,,daily,female,36.jpg,AI,REAL,0
2026-08-10 16:35:01,P027,50,,daily,female,37.mp4,AI,REAL,0
2026-08-10 16:35:01,P027,50,,daily,female,38.mp4,REAL,AI,0
2026-08-10 16:38:35,P028,50,,occasionally,male,1.jpg,REAL,AI,0
2026-08-10 16:38:35,P028,50,,occasionally,male,2.jpg,AI,REAL,0
2026-08-10 16:38:35,P028,50,,occasionally,male,3.jpg,REAL,REAL,1
2026-08-10 16:38:35,P028,50,,occasionally,male,4.mp4,AI,AI,1
2026-08-10 16:38:35,P028,50,,occasionally,male,5.png,REAL,AI,0
2026-08-10 16:38:35,P028,50,,occasionally,male,6.png,AI,AI,1
2026-08-10 16:38:35,P028,50,,occasionally,male,7.jpeg,REAL,REAL,1
2026-08-10 16:38:35,P028,50,,occasionally,male,8.avif,AI,REAL,0
2026-08-10 16:38:35,P028,50,,occasionally,male,9.png,REAL,AI,0
2026-08-10 16:38:35,P028,50,,occasionally,male,10.webp,REAL,REAL,1
2026-08-10 16:38:35,P028,50,,occasionally,male,11.jpg,REAL,REAL,1
2026-08-10 16:38:35,P028,50,,occasionally,male,12.png,AI,AI,1
2026-08-10 16:38:35,P028,50,,occasionally,male,13.jpg,REAL,AI,0
2026-08-10 16:38:35,P028,50,,occasionally,male,14.mp4,REAL,REAL,1
2026-08-10 16:38:35,P028,50,,occasionally,male,15.png,AI,AI,1
2026-08-10 16:38:35,P028,50,,occasionally,male,16.mp4,REAL,REAL,1
2026-08-10 16:38:35,P028,50,,occasionally,male,17.mp4,AI,AI,1
2026-08-10 16:38:35,P028,50,,occasionally,male,18.png,AI,AI,1
2026-08-10 16:38:35,P028,50,,occasionally,male,19.png,REAL,REAL,1
2026-08-10 16:38:35,P028,50,,occasionally,male,20.png,AI,AI,1
2026-08-10 16:38:35,P028,50,,occasionally,male,21.webp,REAL,AI,0
2026-08-10 16:38:35,P028,50,,occasionally,male,22.webp,AI,REAL,0
2026-08-10 16:38:35,P028,50,,occasionally,male,23.jpg,AI,REAL,0
2026-08-10 16:38:35,P028,50,,occasionally,male,24.mp4,REAL,AI,0
2026-08-10 16:38:35,P028,50,,occasionally,male,25.mov,REAL,REAL,1
2026-08-10 16:38:35,P028,50,,occasionally,male,26.mov,REAL,AI,0
2026-08-10 16:38:35,P028,50,,occasionally,male,27.jpeg,REAL,AI,0
2026-08-10 16:38:35,P028,50,,occasionally,male,28.jpg,REAL,REAL,1
2026-08-10 16:38:35,P028,50,,occasionally,male,29.png,AI,REAL,0
2026-08-10 16:38:35,P028,50,,occasionally,male,30.jpg,AI,REAL,0
2026-08-10 16:38:35,P028,50,,occasionally,male,31.jpg,AI,AI,1
2026-08-10 16:38:35,P028,50,,occasionally,male,32.png,REAL,AI,0
2026-08-10 16:38:35,P028,50,,occasionally,male,33.png,REAL,REAL,1
2026-08-10 16:38:35,P028,50,,occasionally,male,34.png,REAL,REAL,1
2026-08-10 16:38:35,P028,50,,occasionally,male,35.png,AI,AI,1
2026-08-10 16:38:35,P028,50,,occasionally,male,36.jpg,AI,REAL,0
2026-08-10 16:38:35,P028,50,,occasionally,male,37.mp4,AI,REAL,0
2026-08-10 16:38:35,P028,50,,occasionally,male,38.mp4,AI,AI,1
2026-08-10 16:39:57,P029,56,,occasionally,male,1.jpg,REAL,AI,0
2026-08-10 16:39:57,P029,56,,occasionally,male,2.jpg,AI,REAL,0
2026-08-10 16:39:57,P029,56,,occasionally,male,3.jpg,AI,REAL,0
2026-08-10 16:39:57,P029,56,,occasionally,male,4.mp4,AI,AI,1
2026-08-10 16:39:57,P029,56,,occasionally,male,5.png,REAL,AI,0
2026-08-10 16:39:57,P029,56,,occasionally,male,6.png,REAL,AI,0
2026-08-10 16:39:57,P029,56,,occasionally,male,7.jpeg,AI,REAL,0
2026-08-10 16:39:57,P029,56,,occasionally,male,8.avif,AI,REAL,0
2026-08-10 16:39:57,P029,56,,occasionally,male,9.png,REAL,AI,0
2026-08-10 16:39:57,P029,56,,occasionally,male,10.webp,REAL,REAL,1
2026-08-10 16:39:57,P029,56,,occasionally,male,11.jpg,REAL,REAL,1
2026-08-10 16:39:57,P029,56,,occasionally,male,12.png,REAL,AI,0
2026-08-10 16:39:57,P029,56,,occasionally,male,13.jpg,REAL,AI,0
2026-08-10 16:39:57,P029,56,,occasionally,male,14.mp4,AI,REAL,0
2026-08-10 16:39:57,P029,56,,occasionally,male,15.png,AI,AI,1
2026-08-10 16:39:57,P029,56,,occasionally,male,16.mp4,REAL,REAL,1
2026-08-10 16:39:57,P029,56,,occasionally,male,17.mp4,REAL,AI,0
2026-08-10 16:39:57,P029,56,,occasionally,male,18.png,REAL,AI,0
2026-08-10 16:39:57,P029,56,,occasionally,male,19.png,REAL,REAL,1
2026-08-10 16:39:57,P029,56,,occasionally,male,20.png,REAL,AI,0
2026-08-10 16:39:57,P029,56,,occasionally,male,21.webp,REAL,AI,0
2026-08-10 16:39:57,P029,56,,occasionally,male,22.webp,REAL,REAL,1
2026-08-10 16:39:57,P029,56,,occasionally,male,23.jpg,REAL,REAL,1
2026-08-10 16:39:57,P029,56,,occasionally,male,24.mp4,REAL,AI,0
2026-08-10 16:39:57,P029,56,,occasionally,male,25.mov,REAL,REAL,1
2026-08-10 16:39:57,P029,56,,occasionally,male,26.mov,REAL,AI,0
2026-08-10 16:39:57,P029,56,,occasionally,male,27.jpeg,REAL,AI,0
2026-08-10 16:39:57,P029,56,,occasionally,male,28.jpg,REAL,REAL,1
2026-08-10 16:39:57,P029,56,,occasionally,male,29.png,AI,REAL,0
2026-08-10 16:39:57,P029,56,,occasionally,male,30.jpg,AI,REAL,0
2026-08-10 16:39:57,P029,56,,occasionally,male,31.jpg,REAL,AI,0
2026-08-10 16:39:57,P029,56,,occasionally,male,32.png,REAL,AI,0
2026-08-10 16:39:57,P029,56,,occasionally,male,33.png,REAL,REAL,1
2026-08-10 16:39:57,P029,56,,occasionally,male,34.png,REAL,REAL,1
2026-08-10 16:39:57,P029,56,,occasionally,male,35.png,AI,AI,1
2026-08-10 16:39:57,P029,56,,occasionally,male,36.jpg,REAL,REAL,1
2026-08-10 16:39:57,P029,56,,occasionally,male,37.mp4,AI,REAL,0
2026-08-10 16:39:57,P029,56,,occasionally,male,38.mp4,AI,AI,1
2026-08-10 16:39:57,P029,56,,occasionally,male,1.jpg,REAL,AI,0
2026-08-10 16:39:57,P029,56,,occasionally,male,2.jpg,AI,REAL,0
2026-08-10 16:39:57,P029,56,,occasionally,male,3.jpg,AI,REAL,0
2026-08-10 16:39:57,P029,56,,occasionally,male,4.mp4,AI,AI,1
2026-08-10 16:39:57,P029,56,,occasionally,male,5.png,REAL,AI,0
2026-08-10 16:39:57,P029,56,,occasionally,male,6.png,REAL,AI,0
2026-08-10 16:39:57,P029,56,,occasionally,male,7.jpeg,AI,REAL,0
2026-08-10 16:39:57,P029,56,,occasionally,male,8.avif,AI,REAL,0
2026-08-10 16:39:57,P029,56,,occasionally,male,9.png,REAL,AI,0
2026-08-10 16:39:57,P029,56,,occasionally,male,10.webp,REAL,REAL,1
2026-08-10 16:39:57,P029,56,,occasionally,male,11.jpg,REAL,REAL,1
2026-08-10 16:39:57,P029,56,,occasionally,male,12.png,REAL,AI,0
2026-08-10 16:39:57,P029,56,,occasionally,male,13.jpg,REAL,AI,0
2026-08-10 16:39:57,P029,56,,occasionally,male,14.mp4,AI,REAL,0
2026-08-10 16:39:57,P029,56,,occasionally,male,15.png,AI,AI,1
2026-08-10 16:39:57,P029,56,,occasionally,male,16.mp4,REAL,REAL,1
2026-08-10 16:39:57,P029,56,,occasionally,male,17.mp4,REAL,AI,0
2026-08-10 16:39:57,P029,56,,occasionally,male,18.png,REAL,AI,0
2026-08-10 16:39:57,P029,56,,occasionally,male,19.png,REAL,REAL,1
2026-08-10 16:39:57,P029,56,,occasionally,male,20.png,REAL,AI,0
2026-08-10 16:39:57,P029,56,,occasionally,male,21.webp,REAL,AI,0
2026-08-10 16:39:57,P029,56,,occasionally,male,22.webp,REAL,REAL,1
2026-08-10 16:39:57,P029,56,,occasionally,male,23.jpg,REAL,REAL,1
2026-08-10 16:39:57,P029,56,,occasionally,male,24.mp4,REAL,AI,0
2026-08-10 16:39:57,P029,56,,occasionally,male,25.mov,REAL,REAL,1
2026-08-10 16:39:57,P029,56,,occasionally,male,26.mov,REAL,AI,0
2026-08-10 16:39:57,P029,56,,occasionally,male,27.jpeg,REAL,AI,0
2026-08-10 16:39:57,P029,56,,occasionally,male,28.jpg,REAL,REAL,1
2026-08-10 16:39:57,P029,56,,occasionally,male,29.png,AI,REAL,0
2026-08-10 16:39:57,P029,56,,occasionally,male,30.jpg,AI,REAL,0
2026-08-10 16:39:57,P029,56,,occasionally,male,31.jpg,REAL,AI,0
2026-08-10 16:39:57,P029,56,,occasionally,male,32.png,REAL,AI,0
2026-08-10 16:39:57,P029,56,,occasionally,male,33.png,REAL,REAL,1
2026-08-10 16:39:57,P029,56,,occasionally,male,34.png,REAL,REAL,1
2026-08-10 16:39:57,P029,56,,occasionally,male,35.png,AI,AI,1
2026-08-10 16:39:57,P029,56,,occasionally,male,36.jpg,REAL,REAL,1
2026-08-10 16:39:57,P029,56,,occasionally,male,37.mp4,AI,REAL,0
2026-08-10 16:39:57,P029,56,,occasionally,male,38.mp4,AI,AI,1
2026-08-10 16:39:57,P029,56,,occasionally,male,38.mp4,AI,AI,1
2026-08-10 16:40:45,P030,53,,daily,male,1.jpg,REAL,AI,0
2026-08-10 16:40:45,P030,53,,daily,male,2.jpg,REAL,REAL,1
2026-08-10 16:40:45,P030,53,,daily,male,3.jpg,REAL,REAL,1
2026-08-10 16:40:45,P030,53,,daily,male,4.mp4,AI,AI,1
2026-08-10 16:40:45,P030,53,,daily,male,5.png,REAL,AI,0
2026-08-10 16:40:45,P030,53,,daily,male,6.png,REAL,AI,0
2026-08-10 16:40:45,P030,53,,daily,male,7.jpeg,REAL,REAL,1
2026-08-10 16:40:45,P030,53,,daily,male,8.avif,AI,REAL,0
2026-08-10 16:40:45,P030,53,,daily,male,9.png,REAL,AI,0
2026-08-10 16:40:45,P030,53,,daily,male,10.webp,REAL,REAL,1
2026-08-10 16:40:45,P030,53,,daily,male,11.jpg,REAL,REAL,1
2026-08-10 16:40:45,P030,53,,daily,male,12.png,AI,AI,1
2026-08-10 16:40:45,P030,53,,daily,male,13.jpg,REAL,AI,0
2026-08-10 16:40:45,P030,53,,daily,male,14.mp4,AI,REAL,0
2026-08-10 16:40:45,P030,53,,daily,male,15.png,AI,AI,1
2026-08-10 16:40:45,P030,53,,daily,male,16.mp4,AI,REAL,0
2026-08-10 16:40:45,P030,53,,daily,male,17.mp4,AI,AI,1
2026-08-10 16:40:45,P030,53,,daily,male,18.png,REAL,AI,0
2026-08-10 16:40:45,P030,53,,daily,male,19.png,REAL,REAL,1
2026-08-10 16:40:45,P030,53,,daily,male,20.png,AI,AI,1
2026-08-10 16:40:45,P030,53,,daily,male,21.webp,REAL,AI,0
2026-08-10 16:40:45,P030,53,,daily,male,22.webp,AI,REAL,0
2026-08-10 16:40:45,P030,53,,daily,male,23.jpg,REAL,REAL,1
2026-08-10 16:40:45,P030,53,,daily,male,24.mp4,AI,AI,1
2026-08-10 16:40:45,P030,53,,daily,male,25.mov,REAL,REAL,1
2026-08-10 16:40:45,P030,53,,daily,male,26.mov,REAL,AI,0
2026-08-10 16:40:45,P030,53,,daily,male,27.jpeg,REAL,AI,0
2026-08-10 16:40:45,P030,53,,daily,male,28.jpg,REAL,REAL,1
2026-08-10 16:40:45,P030,53,,daily,male,29.png,AI,REAL,0
2026-08-10 16:40:45,P030,53,,daily,male,30.jpg,AI,REAL,0
2026-08-10 16:40:45,P030,53,,daily,male,31.jpg,AI,AI,1
2026-08-10 16:40:45,P030,53,,daily,male,32.png,REAL,AI,0
2026-08-10 16:40:45,P030,53,,daily,male,33.png,REAL,REAL,1
2026-08-10 16:40:45,P030,53,,daily,male,34.png,REAL,REAL,1
2026-08-10 16:40:45,P030,53,,daily,male,35.png,REAL,AI,0
2026-08-10 16:40:45,P030,53,,daily,male,36.jpg,REAL,REAL,1
2026-08-10 16:40:45,P030,53,,daily,male,37.mp4,AI,REAL,0
2026-08-10 16:40:45,P030,53,,daily,male,38.mp4,AI,AI,1
2026-08-10 16:43:44,P031,51,,daily,male,1.jpg,REAL,AI,0
2026-08-10 16:43:44,P031,51,,daily,male,2.jpg,REAL,REAL,1
2026-08-10 16:43:44,P031,51,,daily,male,3.jpg,AI,REAL,0
2026-08-10 16:43:44,P031,51,,daily,male,4.mp4,AI,AI,1
2026-08-10 16:43:44,P031,51,,daily,male,5.png,AI,AI,1
2026-08-10 16:43:44,P031,51,,daily,male,6.png,REAL,AI,0
2026-08-10 16:43:44,P031,51,,daily,male,7.jpeg,AI,REAL,0
2026-08-10 16:43:44,P031,51,,daily,male,8.avif,AI,REAL,0
2026-08-10 16:43:44,P031,51,,daily,male,9.png,AI,AI,1
2026-08-10 16:43:44,P031,51,,daily,male,10.webp,AI,REAL,0
2026-08-10 16:43:44,P031,51,,daily,male,11.jpg,REAL,REAL,1
2026-08-10 16:43:44,P031,51,,daily,male,12.png,REAL,AI,0
2026-08-10 16:43:44,P031,51,,daily,male,13.jpg,REAL,AI,0
2026-08-10 16:43:44,P031,51,,daily,male,14.mp4,AI,REAL,0
2026-08-10 16:43:44,P031,51,,daily,male,15.png,AI,AI,1
2026-08-10 16:43:44,P031,51,,daily,male,16.mp4,AI,REAL,0
2026-08-10 16:43:44,P031,51,,daily,male,17.mp4,REAL,AI,0
2026-08-10 16:43:44,P031,51,,daily,male,18.png,AI,AI,1
2026-08-10 16:43:44,P031,51,,daily,male,19.png,AI,REAL,0
2026-08-10 16:43:44,P031,51,,daily,male,20.png,REAL,AI,0
2026-08-10 16:43:44,P031,51,,daily,male,21.webp,REAL,AI,0
2026-08-10 16:43:44,P031,51,,daily,male,22.webp,REAL,REAL,1
2026-08-10 16:43:44,P031,51,,daily,male,23.jpg,REAL,REAL,1
2026-08-10 16:43:44,P031,51,,daily,male,24.mp4,AI,AI,1
2026-08-10 16:43:44,P031,51,,daily,male,25.mov,AI,REAL,0
2026-08-10 16:43:44,P031,51,,daily,male,26.mov,AI,AI,1
2026-08-10 16:43:44,P031,51,,daily,male,27.jpeg,REAL,AI,0
2026-08-10 16:43:44,P031,51,,daily,male,28.jpg,REAL,REAL,1
2026-08-10 16:43:44,P031,51,,daily,male,29.png,AI,REAL,0
2026-08-10 16:43:44,P031,51,,daily,male,30.jpg,REAL,REAL,1
2026-08-10 16:43:44,P031,51,,daily,male,31.jpg,AI,AI,1
2026-08-10 16:43:44,P031,51,,daily,male,32.png,REAL,AI,0
2026-08-10 16:43:44,P031,51,,daily,male,33.png,REAL,REAL,1
2026-08-10 16:43:44,P031,51,,daily,male,34.png,REAL,REAL,1
2026-08-10 16:43:44,P031,51,,daily,male,35.png,REAL,AI,0
2026-08-10 16:43:44,P031,51,,daily,male,36.jpg,REAL,REAL,1
2026-08-10 16:43:44,P031,51,,daily,male,37.mp4,AI,REAL,0
2026-08-10 16:43:44,P031,51,,daily,male,38.mp4,AI,AI,1
2026-08-10 16:44:43,P032,46,,occasionally,male,1.jpg,REAL,AI,0
2026-08-10 16:44:43,P032,46,,occasionally,male,2.jpg,REAL,REAL,1
2026-08-10 16:44:43,P032,46,,occasionally,male,3.jpg,AI,REAL,0
2026-08-10 16:44:43,P032,46,,occasionally,male,4.mp4,AI,AI,1
2026-08-10 16:44:43,P032,46,,occasionally,male,5.png,REAL,AI,0
2026-08-10 16:44:43,P032,46,,occasionally,male,6.png,REAL,AI,0
2026-08-10 16:44:43,P032,46,,occasionally,male,7.jpeg,AI,REAL,0
2026-08-10 16:44:43,P032,46,,occasionally,male,8.avif,AI,REAL,0
2026-08-10 16:44:43,P032,46,,occasionally,male,9.png,REAL,AI,0
2026-08-10 16:44:43,P032,46,,occasionally,male,10.webp,REAL,REAL,1
2026-08-10 16:44:43,P032,46,,occasionally,male,11.jpg,AI,REAL,0
2026-08-10 16:44:43,P032,46,,occasionally,male,12.png,AI,AI,1
2026-08-10 16:44:43,P032,46,,occasionally,male,13.jpg,REAL,AI,0
2026-08-10 16:44:43,P032,46,,occasionally,male,14.mp4,REAL,REAL,1
2026-08-10 16:44:43,P032,46,,occasionally,male,15.png,AI,AI,1
2026-08-10 16:44:43,P032,46,,occasionally,male,16.mp4,AI,REAL,0
2026-08-10 16:44:43,P032,46,,occasionally,male,17.mp4,AI,AI,1
2026-08-10 16:44:43,P032,46,,occasionally,male,18.png,REAL,AI,0
2026-08-10 16:44:43,P032,46,,occasionally,male,19.png,REAL,REAL,1
2026-08-10 16:44:43,P032,46,,occasionally,male,20.png,AI,AI,1
2026-08-10 16:44:43,P032,46,,occasionally,male,21.webp,REAL,AI,0
2026-08-10 16:44:43,P032,46,,occasionally,male,22.webp,REAL,REAL,1
2026-08-10 16:44:43,P032,46,,occasionally,male,23.jpg,AI,REAL,0
2026-08-10 16:44:43,P032,46,,occasionally,male,24.mp4,REAL,AI,0
2026-08-10 16:44:43,P032,46,,occasionally,male,25.mov,AI,REAL,0
2026-08-10 16:44:43,P032,46,,occasionally,male,26.mov,AI,AI,1
2026-08-10 16:44:43,P032,46,,occasionally,male,27.jpeg,REAL,AI,0
2026-08-10 16:44:43,P032,46,,occasionally,male,28.jpg,REAL,REAL,1
2026-08-10 16:44:43,P032,46,,occasionally,male,29.png,AI,REAL,0
2026-08-10 16:44:43,P032,46,,occasionally,male,30.jpg,AI,REAL,0
2026-08-10 16:44:43,P032,46,,occasionally,male,31.jpg,REAL,AI,0
2026-08-10 16:44:43,P032,46,,occasionally,male,32.png,REAL,AI,0
2026-08-10 16:44:43,P032,46,,occasionally,male,33.png,REAL,REAL,1
2026-08-10 16:44:43,P032,46,,occasionally,male,34.png,REAL,REAL,1
2026-08-10 16:44:43,P032,46,,occasionally,male,35.png,AI,AI,1
2026-08-10 16:44:43,P032,46,,occasionally,male,36.jpg,AI,REAL,0
2026-08-10 16:44:43,P032,46,,occasionally,male,37.mp4,REAL,REAL,1
2026-08-10 16:44:43,P032,46,,occasionally,male,38.mp4,AI,AI,1
2026-08-10 16:45:41,P033,58,,frequently,male,1.jpg,REAL,AI,0
2026-08-10 16:45:41,P033,58,,frequently,male,2.jpg,REAL,REAL,1
2026-08-10 16:45:41,P033,58,,frequently,male,3.jpg,REAL,REAL,1
2026-08-10 16:45:41,P033,58,,frequently,male,4.mp4,REAL,AI,0
2026-08-10 16:45:41,P033,58,,frequently,male,5.png,REAL,AI,0
2026-08-10 16:45:41,P033,58,,frequently,male,6.png,REAL,AI,0
2026-08-10 16:45:41,P033,58,,frequently,male,7.jpeg,REAL,REAL,1
2026-08-10 16:45:41,P033,58,,frequently,male,8.avif,AI,REAL,0
2026-08-10 16:45:41,P033,58,,frequently,male,9.png,REAL,AI,0
2026-08-10 16:45:41,P033,58,,frequently,male,10.webp,REAL,REAL,1
2026-08-10 16:45:41,P033,58,,frequently,male,11.jpg,AI,REAL,0
2026-08-10 16:45:41,P033,58,,frequently,male,12.png,AI,AI,1
2026-08-10 16:45:41,P033,58,,frequently,male,13.jpg,REAL,AI,0
2026-08-10 16:45:41,P033,58,,frequently,male,14.mp4,REAL,REAL,1
2026-08-10 16:45:41,P033,58,,frequently,male,15.png,AI,AI,1
2026-08-10 16:45:41,P033,58,,frequently,male,16.mp4,REAL,REAL,1
2026-08-10 16:45:41,P033,58,,frequently,male,17.mp4,AI,AI,1
2026-08-10 16:45:41,P033,58,,frequently,male,18.png,REAL,AI,0
2026-08-10 16:45:41,P033,58,,frequently,male,19.png,REAL,REAL,1
2026-08-10 16:45:41,P033,58,,frequently,male,20.png,REAL,AI,0
2026-08-10 16:45:41,P033,58,,frequently,male,21.webp,AI,AI,1
2026-08-10 16:45:41,P033,58,,frequently,male,22.webp,AI,REAL,0
2026-08-10 16:45:41,P033,58,,frequently,male,23.jpg,REAL,REAL,1
2026-08-10 16:45:41,P033,58,,frequently,male,24.mp4,REAL,AI,0
2026-08-10 16:45:41,P033,58,,frequently,male,25.mov,REAL,REAL,1
2026-08-10 16:45:41,P033,58,,frequently,male,26.mov,AI,AI,1
2026-08-10 16:45:41,P033,58,,frequently,male,27.jpeg,AI,AI,1
2026-08-10 16:45:41,P033,58,,frequently,male,28.jpg,AI,REAL,0
2026-08-10 16:45:41,P033,58,,frequently,male,29.png,AI,REAL,0
2026-08-10 16:45:41,P033,58,,frequently,male,30.jpg,REAL,REAL,1
2026-08-10 16:45:41,P033,58,,frequently,male,31.jpg,REAL,AI,0
2026-08-10 16:45:41,P033,58,,frequently,male,32.png,REAL,AI,0
2026-08-10 16:45:41,P033,58,,frequently,male,33.png,REAL,REAL,1
2026-08-10 16:45:41,P033,58,,frequently,male,34.png,REAL,REAL,1
2026-08-10 16:45:41,P033,58,,frequently,male,35.png,REAL,AI,0
2026-08-10 16:45:41,P033,58,,frequently,male,36.jpg,AI,REAL,0
2026-08-10 16:45:41,P033,58,,frequently,male,37.mp4,AI,REAL,0
2026-08-10 16:45:41,P033,58,,frequently,male,38.mp4,AI,AI,1
2026-08-10 16:52:55,P034,52,,daily,prefer_not_to_say,1.jpg,AI,AI,1
2026-08-10 16:52:55,P034,52,,daily,prefer_not_to_say,2.jpg,REAL,REAL,1
2026-08-10 16:52:55,P034,52,,daily,prefer_not_to_say,3.jpg,AI,REAL,0
2026-08-10 16:52:55,P034,52,,daily,prefer_not_to_say,4.mp4,REAL,AI,0
2026-08-10 16:52:55,P034,52,,daily,prefer_not_to_say,5.png,REAL,AI,0
2026-08-10 16:52:55,P034,52,,daily,prefer_not_to_say,6.png,REAL,AI,0
2026-08-10 16:52:55,P034,52,,daily,prefer_not_to_say,7.jpeg,AI,REAL,0
2026-08-10 16:52:55,P034,52,,daily,prefer_not_to_say,8.avif,AI,REAL,0
2026-08-10 16:52:55,P034,52,,daily,prefer_not_to_say,9.png,REAL,AI,0
2026-08-10 16:52:55,P034,52,,daily,prefer_not_to_say,10.webp,AI,REAL,0
2026-08-10 16:52:55,P034,52,,daily,prefer_not_to_say,11.jpg,AI,REAL,0
2026-08-10 16:52:55,P034,52,,daily,prefer_not_to_say,12.png,AI,AI,1
2026-08-10 16:52:55,P034,52,,daily,prefer_not_to_say,13.jpg,AI,AI,1
2026-08-10 16:52:55,P034,52,,daily,prefer_not_to_say,14.mp4,REAL,REAL,1
2026-08-10 16:52:55,P034,52,,daily,prefer_not_to_say,15.png,REAL,AI,0
2026-08-10 16:52:55,P034,52,,daily,prefer_not_to_say,16.mp4,REAL,REAL,1
2026-08-10 16:52:55,P034,52,,daily,prefer_not_to_say,17.mp4,AI,AI,1
2026-08-10 16:52:55,P034,52,,daily,prefer_not_to_say,18.png,REAL,AI,0
2026-08-10 16:52:55,P034,52,,daily,prefer_not_to_say,19.png,REAL,REAL,1
2026-08-10 16:52:55,P034,52,,daily,prefer_not_to_say,20.png,REAL,AI,0
2026-08-10 16:52:55,P034,52,,daily,prefer_not_to_say,21.webp,REAL,AI,0
2026-08-10 16:52:55,P034,52,,daily,prefer_not_to_say,22.webp,REAL,REAL,1
2026-08-10 16:52:55,P034,52,,daily,prefer_not_to_say,23.jpg,REAL,REAL,1
2026-08-10 16:52:55,P034,52,,daily,prefer_not_to_say,24.mp4,REAL,AI,0
2026-08-10 16:52:55,P034,52,,daily,prefer_not_to_say,25.mov,AI,REAL,0
2026-08-10 16:52:55,P034,52,,daily,prefer_not_to_say,26.mov,REAL,AI,0
2026-08-10 16:52:55,P034,52,,daily,prefer_not_to_say,27.jpeg,REAL,AI,0
2026-08-10 16:52:55,P034,52,,daily,prefer_not_to_say,28.jpg,REAL,REAL,1
2026-08-10 16:52:55,P034,52,,daily,prefer_not_to_say,29.png,AI,REAL,0
2026-08-10 16:52:55,P034,52,,daily,prefer_not_to_say,30.jpg,AI,REAL,0
2026-08-10 16:52:55,P034,52,,daily,prefer_not_to_say,31.jpg,REAL,AI,0
2026-08-10 16:52:55,P034,52,,daily,prefer_not_to_say,32.png,AI,AI,1
2026-08-10 16:52:55,P034,52,,daily,prefer_not_to_say,33.png,REAL,REAL,1
2026-08-10 16:52:55,P034,52,,daily,prefer_not_to_say,34.png,REAL,REAL,1
2026-08-10 16:52:55,P034,52,,daily,prefer_not_to_say,35.png,REAL,AI,0
2026-08-10 16:52:55,P034,52,,daily,prefer_not_to_say,36.jpg,REAL,REAL,1
2026-08-10 16:52:55,P034,52,,daily,prefer_not_to_say,37.mp4,REAL,REAL,1
2026-08-10 16:52:55,P034,52,,daily,prefer_not_to_say,38.mp4,REAL,AI,0
2026-08-10 17:01:10,P035,52,,daily,male,1.jpg,REAL,AI,0
2026-08-10 17:01:10,P035,52,,daily,male,2.jpg,AI,REAL,0
2026-08-10 17:01:10,P035,52,,daily,male,3.jpg,REAL,REAL,1
2026-08-10 17:01:10,P035,52,,daily,male,4.mp4,AI,AI,1
2026-08-10 17:01:10,P035,52,,daily,male,5.png,REAL,AI,0
2026-08-10 17:01:10,P035,52,,daily,male,6.png,REAL,AI,0
2026-08-10 17:01:10,P035,52,,daily,male,7.jpeg,AI,REAL,0
2026-08-10 17:01:10,P035,52,,daily,male,8.avif,AI,REAL,0
2026-08-10 17:01:10,P035,52,,daily,male,9.png,REAL,AI,0
2026-08-10 17:01:10,P035,52,,daily,male,10.webp,AI,REAL,0
2026-08-10 17:01:10,P035,52,,daily,male,11.jpg,AI,REAL,0
2026-08-10 17:01:10,P035,52,,daily,male,12.png,AI,AI,1
2026-08-10 17:01:10,P035,52,,daily,male,13.jpg,REAL,AI,0
2026-08-10 17:01:10,P035,52,,daily,male,14.mp4,AI,REAL,0
2026-08-10 17:01:10,P035,52,,daily,male,15.png,AI,AI,1
2026-08-10 17:01:10,P035,52,,daily,male,16.mp4,AI,REAL,0
2026-08-10 17:01:10,P035,52,,daily,male,17.mp4,REAL,AI,0
2026-08-10 17:01:10,P035,52,,daily,male,18.png,REAL,AI,0
2026-08-10 17:01:10,P035,52,,daily,male,19.png,AI,REAL,0
2026-08-10 17:01:10,P035,52,,daily,male,20.png,AI,AI,1
2026-08-10 17:01:10,P035,52,,daily,male,21.webp,AI,AI,1
2026-08-10 17:01:10,P035,52,,daily,male,22.webp,AI,REAL,0
2026-08-10 17:01:10,P035,52,,daily,male,23.jpg,REAL,REAL,1
2026-08-10 17:01:10,P035,52,,daily,male,24.mp4,REAL,AI,0
2026-08-10 17:01:10,P035,52,,daily,male,25.mov,AI,REAL,0
2026-08-10 17:01:10,P035,52,,daily,male,26.mov,REAL,AI,0
2026-08-10 17:01:10,P035,52,,daily,male,27.jpeg,REAL,AI,0
2026-08-10 17:01:10,P035,52,,daily,male,28.jpg,REAL,REAL,1
2026-08-10 17:01:10,P035,52,,daily,male,29.png,REAL,REAL,1
2026-08-10 17:01:10,P035,52,,daily,male,30.jpg,AI,REAL,0
2026-08-10 17:01:10,P035,52,,daily,male,31.jpg,AI,AI,1
2026-08-10 17:01:10,P035,52,,daily,male,32.png,AI,AI,1
2026-08-10 17:01:10,P035,52,,daily,male,33.png,AI,REAL,0
2026-08-10 17:01:10,P035,52,,daily,male,34.png,AI,REAL,0
2026-08-10 17:01:10,P035,52,,daily,male,35.png,REAL,AI,0
2026-08-10 17:01:10,P035,52,,daily,male,36.jpg,REAL,REAL,1
2026-08-10 17:01:10,P035,52,,daily,male,37.mp4,AI,REAL,0
2026-08-10 17:01:10,P035,52,,daily,male,38.mp4,REAL,AI,0
2026-08-10 17:04:47,P036,49,,daily,male,1.jpg,REAL,AI,0
2026-08-10 17:04:47,P036,49,,daily,male,2.jpg,REAL,REAL,1
2026-08-10 17:04:47,P036,49,,daily,male,3.jpg,AI,REAL,0
2026-08-10 17:04:47,P036,49,,daily,male,4.mp4,REAL,AI,0
2026-08-10 17:04:47,P036,49,,daily,male,5.png,REAL,AI,0
2026-08-10 17:04:47,P036,49,,daily,male,6.png,REAL,AI,0
2026-08-10 17:04:47,P036,49,,daily,male,7.jpeg,AI,REAL,0
2026-08-10 17:04:47,P036,49,,daily,male,8.avif,AI,REAL,0
2026-08-10 17:04:47,P036,49,,daily,male,9.png,REAL,AI,0
2026-08-10 17:04:47,P036,49,,daily,male,10.webp,AI,REAL,0
2026-08-10 17:04:47,P036,49,,daily,male,11.jpg,AI,REAL,0
2026-08-10 17:04:47,P036,49,,daily,male,12.png,REAL,AI,0
2026-08-10 17:04:47,P036,49,,daily,male,13.jpg,REAL,AI,0
2026-08-10 17:04:47,P036,49,,daily,male,14.mp4,AI,REAL,0
2026-08-10 17:04:47,P036,49,,daily,male,15.png,AI,AI,1
2026-08-10 17:04:47,P036,49,,daily,male,16.mp4,REAL,REAL,1
2026-08-10 17:04:47,P036,49,,daily,male,17.mp4,REAL,AI,0
2026-08-10 17:04:47,P036,49,,daily,male,18.png,REAL,AI,0
2026-08-10 17:04:47,P036,49,,daily,male,19.png,AI,REAL,0
2026-08-10 17:04:47,P036,49,,daily,male,20.png,AI,AI,1
2026-08-10 17:04:47,P036,49,,daily,male,21.webp,AI,AI,1
2026-08-10 17:04:47,P036,49,,daily,male,22.webp,REAL,REAL,1
2026-08-10 17:04:47,P036,49,,daily,male,23.jpg,REAL,REAL,1
2026-08-10 17:04:47,P036,49,,daily,male,24.mp4,REAL,AI,0
2026-08-10 17:04:47,P036,49,,daily,male,25.mov,REAL,REAL,1
2026-08-10 17:04:47,P036,49,,daily,male,26.mov,AI,AI,1
2026-08-10 17:04:47,P036,49,,daily,male,27.jpeg,AI,AI,1
2026-08-10 17:04:47,P036,49,,daily,male,28.jpg,REAL,REAL,1
2026-08-10 17:04:47,P036,49,,daily,male,29.png,REAL,REAL,1
2026-08-10 17:04:47,P036,49,,daily,male,30.jpg,AI,REAL,0
2026-08-10 17:04:47,P036,49,,daily,male,31.jpg,REAL,AI,0
2026-08-10 17:04:47,P036,49,,daily,male,32.png,REAL,AI,0
2026-08-10 17:04:47,P036,49,,daily,male,33.png,REAL,REAL,1
2026-08-10 17:04:47,P036,49,,daily,male,34.png,REAL,REAL,1
2026-08-10 17:04:47,P036,49,,daily,male,35.png,REAL,AI,0
2026-08-10 17:04:47,P036,49,,daily,male,36.jpg,AI,REAL,0
2026-08-10 17:04:47,P036,49,,daily,male,37.mp4,AI,REAL,0
2026-08-10 17:04:47,P036,49,,daily,male,38.mp4,REAL,AI,0
2026-08-10 17:07:28,P037,52,,daily,male,1.jpg,AI,AI,1
2026-08-10 17:07:28,P037,52,,daily,male,2.jpg,AI,REAL,0
2026-08-10 17:07:28,P037,52,,daily,male,3.jpg,REAL,REAL,1
2026-08-10 17:07:28,P037,52,,daily,male,4.mp4,AI,AI,1
2026-08-10 17:07:28,P037,52,,daily,male,5.png,REAL,AI,0
2026-08-10 17:07:28,P037,52,,daily,male,6.png,AI,AI,1
2026-08-10 17:07:28,P037,52,,daily,male,7.jpeg,REAL,REAL,1
2026-08-10 17:07:28,P037,52,,daily,male,8.avif,REAL,REAL,1
2026-08-10 17:07:28,P037,52,,daily,male,9.png,REAL,AI,0
2026-08-10 17:07:28,P037,52,,daily,male,10.webp,REAL,REAL,1
2026-08-10 17:07:28,P037,52,,daily,male,11.jpg,AI,REAL,0
2026-08-10 17:07:28,P037,52,,daily,male,12.png,REAL,AI,0
2026-08-10 17:07:28,P037,52,,daily,male,13.jpg,REAL,AI,0
2026-08-10 17:07:28,P037,52,,daily,male,14.mp4,AI,REAL,0
2026-08-10 17:07:28,P037,52,,daily,male,15.png,AI,AI,1
2026-08-10 17:07:28,P037,52,,daily,male,16.mp4,REAL,REAL,1
2026-08-10 17:07:28,P037,52,,daily,male,17.mp4,AI,AI,1
2026-08-10 17:07:28,P037,52,,daily,male,18.png,AI,AI,1
2026-08-10 17:07:28,P037,52,,daily,male,19.png,REAL,REAL,1
2026-08-10 17:07:28,P037,52,,daily,male,20.png,REAL,AI,0
2026-08-10 17:07:28,P037,52,,daily,male,21.webp,AI,AI,1
2026-08-10 17:07:28,P037,52,,daily,male,22.webp,AI,REAL,0
2026-08-10 17:07:28,P037,52,,daily,male,23.jpg,REAL,REAL,1
2026-08-10 17:07:28,P037,52,,daily,male,24.mp4,AI,AI,1
2026-08-10 17:07:28,P037,52,,daily,male,25.mov,REAL,REAL,1
2026-08-10 17:07:28,P037,52,,daily,male,26.mov,AI,AI,1
2026-08-10 17:07:28,P037,52,,daily,male,27.jpeg,AI,AI,1
2026-08-10 17:07:28,P037,52,,daily,male,28.jpg,REAL,REAL,1
2026-08-10 17:07:28,P037,52,,daily,male,29.png,AI,REAL,0
2026-08-10 17:07:28,P037,52,,daily,male,30.jpg,AI,REAL,0
2026-08-10 17:07:28,P037,52,,daily,male,31.jpg,REAL,AI,0
2026-08-10 17:07:28,P037,52,,daily,male,32.png,AI,AI,1
2026-08-10 17:07:28,P037,52,,daily,male,33.png,REAL,REAL,1
2026-08-10 17:07:28,P037,52,,daily,male,34.png,AI,REAL,0
2026-08-10 17:07:28,P037,52,,daily,male,35.png,REAL,AI,0
2026-08-10 17:07:28,P037,52,,daily,male,36.jpg,REAL,REAL,1
2026-08-10 17:07:28,P037,52,,daily,male,37.mp4,AI,REAL,0
2026-08-10 17:07:28,P037,52,,daily,male,38.mp4,AI,AI,1
2026-08-10 17:07:29,P038,40,,frequently,male,1.jpg,AI,AI,1
2026-08-10 17:07:29,P038,40,,frequently,male,2.jpg,REAL,REAL,1
2026-08-10 17:07:29,P038,40,,frequently,male,3.jpg,REAL,REAL,1
2026-08-10 17:07:29,P038,40,,frequently,male,4.mp4,REAL,AI,0
2026-08-10 17:07:29,P038,40,,frequently,male,5.png,REAL,AI,0
2026-08-10 17:07:29,P038,40,,frequently,male,6.png,REAL,AI,0
2026-08-10 17:07:29,P038,40,,frequently,male,7.jpeg,AI,REAL,0
2026-08-10 17:07:29,P038,40,,frequently,male,8.avif,REAL,REAL,1
2026-08-10 17:07:29,P038,40,,frequently,male,9.png,REAL,AI,0
2026-08-10 17:07:29,P038,40,,frequently,male,10.webp,REAL,REAL,1
2026-08-10 17:07:29,P038,40,,frequently,male,11.jpg,REAL,REAL,1
2026-08-10 17:07:29,P038,40,,frequently,male,12.png,REAL,AI,0
2026-08-10 17:07:29,P038,40,,frequently,male,13.jpg,REAL,AI,0
2026-08-10 17:07:29,P038,40,,frequently,male,14.mp4,AI,REAL,0
2026-08-10 17:07:29,P038,40,,frequently,male,15.png,AI,AI,1
2026-08-10 17:07:29,P038,40,,frequently,male,16.mp4,AI,REAL,0
2026-08-10 17:07:29,P038,40,,frequently,male,17.mp4,REAL,AI,0
2026-08-10 17:07:29,P038,40,,frequently,male,18.png,AI,AI,1
2026-08-10 17:07:29,P038,40,,frequently,male,19.png,AI,REAL,0
2026-08-10 17:07:29,P038,40,,frequently,male,20.png,AI,AI,1
2026-08-10 17:07:29,P038,40,,frequently,male,21.webp,AI,AI,1
2026-08-10 17:07:29,P038,40,,frequently,male,22.webp,AI,REAL,0
2026-08-10 17:07:29,P038,40,,frequently,male,23.jpg,AI,REAL,0
2026-08-10 17:07:29,P038,40,,frequently,male,24.mp4,REAL,AI,0
2026-08-10 17:07:29,P038,40,,frequently,male,25.mov,AI,REAL,0
2026-08-10 17:07:29,P038,40,,frequently,male,26.mov,AI,AI,1
2026-08-10 17:07:29,P038,40,,frequently,male,27.jpeg,REAL,AI,0
2026-08-10 17:07:29,P038,40,,frequently,male,28.jpg,REAL,REAL,1
2026-08-10 17:07:29,P038,40,,frequently,male,29.png,AI,REAL,0
2026-08-10 17:07:29,P038,40,,frequently,male,30.jpg,AI,REAL,0
2026-08-10 17:07:29,P038,40,,frequently,male,31.jpg,AI,AI,1
2026-08-10 17:07:29,P038,40,,frequently,male,32.png,AI,AI,1
2026-08-10 17:07:29,P038,40,,frequently,male,33.png,REAL,REAL,1
2026-08-10 17:07:29,P038,40,,frequently,male,34.png,REAL,REAL,1
2026-08-10 17:07:29,P038,40,,frequently,male,35.png,REAL,AI,0
2026-08-10 17:07:29,P038,40,,frequently,male,36.jpg,AI,REAL,0
2026-08-10 17:07:29,P038,40,,frequently,male,37.mp4,REAL,REAL,1
2026-08-10 17:07:29,P038,40,,frequently,male,38.mp4,REAL,AI,0
2026-08-10 17:09:25,P039,53,,daily,male,1.jpg,AI,AI,1
2026-08-10 17:09:25,P039,53,,daily,male,2.jpg,REAL,REAL,1
2026-08-10 17:09:25,P039,53,,daily,male,3.jpg,REAL,REAL,1
2026-08-10 17:09:25,P039,53,,daily,male,4.mp4,AI,AI,1
2026-08-10 17:09:25,P039,53,,daily,male,5.png,REAL,AI,0
2026-08-10 17:09:25,P039,53,,daily,male,6.png,REAL,AI,0
2026-08-10 17:09:25,P039,53,,daily,male,7.jpeg,AI,REAL,0
2026-08-10 17:09:25,P039,53,,daily,male,8.avif,REAL,REAL,1
2026-08-10 17:09:25,P039,53,,daily,male,9.png,AI,AI,1
2026-08-10 17:09:25,P039,53,,daily,male,10.webp,REAL,REAL,1
2026-08-10 17:09:25,P039,53,,daily,male,11.jpg,REAL,REAL,1
2026-08-10 17:09:25,P039,53,,daily,male,12.png,REAL,AI,0
2026-08-10 17:09:25,P039,53,,daily,male,13.jpg,REAL,AI,0
2026-08-10 17:09:25,P039,53,,daily,male,14.mp4,AI,REAL,0
2026-08-10 17:09:25,P039,53,,daily,male,15.png,AI,AI,1
2026-08-10 17:09:25,P039,53,,daily,male,16.mp4,AI,REAL,0
2026-08-10 17:09:25,P039,53,,daily,male,17.mp4,AI,AI,1
2026-08-10 17:09:25,P039,53,,daily,male,18.png,AI,AI,1
2026-08-10 17:09:25,P039,53,,daily,male,19.png,REAL,REAL,1
2026-08-10 17:09:25,P039,53,,daily,male,20.png,REAL,AI,0
2026-08-10 17:09:25,P039,53,,daily,male,21.webp,AI,AI,1
2026-08-10 17:09:25,P039,53,,daily,male,22.webp,AI,REAL,0
2026-08-10 17:09:25,P039,53,,daily,male,23.jpg,REAL,REAL,1
2026-08-10 17:09:25,P039,53,,daily,male,24.mp4,AI,AI,1
2026-08-10 17:09:25,P039,53,,daily,male,25.mov,AI,REAL,0
2026-08-10 17:09:25,P039,53,,daily,male,26.mov,AI,AI,1
2026-08-10 17:09:25,P039,53,,daily,male,27.jpeg,REAL,AI,0
2026-08-10 17:09:25,P039,53,,daily,male,28.jpg,REAL,REAL,1
2026-08-10 17:09:25,P039,53,,daily,male,29.png,REAL,REAL,1
2026-08-10 17:09:25,P039,53,,daily,male,30.jpg,REAL,REAL,1
2026-08-10 17:09:25,P039,53,,daily,male,31.jpg,AI,AI,1
2026-08-10 17:09:25,P039,53,,daily,male,32.png,REAL,AI,0
2026-08-10 17:09:25,P039,53,,daily,male,33.png,REAL,REAL,1
2026-08-10 17:09:25,P039,53,,daily,male,34.png,REAL,REAL,1
2026-08-10 17:09:25,P039,53,,daily,male,35.png,REAL,AI,0
2026-08-10 17:09:25,P039,53,,daily,male,36.jpg,REAL,REAL,1
2026-08-10 17:09:25,P039,53,,daily,male,37.mp4,AI,REAL,0
2026-08-10 17:09:25,P039,53,,daily,male,38.mp4,AI,AI,1
2026-08-10 17:09:31,P040,50,,daily,male,1.jpg,REAL,AI,0
2026-08-10 17:09:31,P040,50,,daily,male,2.jpg,AI,REAL,0
2026-08-10 17:09:31,P040,50,,daily,male,3.jpg,REAL,REAL,1
2026-08-10 17:09:31,P040,50,,daily,male,4.mp4,AI,AI,1
2026-08-10 17:09:31,P040,50,,daily,male,5.png,REAL,AI,0
2026-08-10 17:09:31,P040,50,,daily,male,6.png,AI,AI,1
2026-08-10 17:09:31,P040,50,,daily,male,7.jpeg,REAL,REAL,1
2026-08-10 17:09:31,P040,50,,daily,male,8.avif,REAL,REAL,1
2026-08-10 17:09:31,P040,50,,daily,male,9.png,AI,AI,1
2026-08-10 17:09:31,P040,50,,daily,male,10.webp,REAL,REAL,1
2026-08-10 17:09:31,P040,50,,daily,male,11.jpg,AI,REAL,0
2026-08-10 17:09:31,P040,50,,daily,male,12.png,REAL,AI,0
2026-08-10 17:09:31,P040,50,,daily,male,13.jpg,REAL,AI,0
2026-08-10 17:09:31,P040,50,,daily,male,14.mp4,AI,REAL,0
2026-08-10 17:09:31,P040,50,,daily,male,15.png,REAL,AI,0
2026-08-10 17:09:31,P040,50,,daily,male,16.mp4,REAL,REAL,1
2026-08-10 17:09:31,P040,50,,daily,male,17.mp4,AI,AI,1
2026-08-10 17:09:31,P040,50,,daily,male,18.png,REAL,AI,0
2026-08-10 17:09:31,P040,50,,daily,male,19.png,AI,REAL,0
2026-08-10 17:09:31,P040,50,,daily,male,20.png,REAL,AI,0
2026-08-10 17:09:31,P040,50,,daily,male,21.webp,AI,AI,1
2026-08-10 17:09:31,P040,50,,daily,male,22.webp,AI,REAL,0
2026-08-10 17:09:31,P040,50,,daily,male,23.jpg,REAL,REAL,1
2026-08-10 17:09:31,P040,50,,daily,male,24.mp4,AI,AI,1
2026-08-10 17:09:31,P040,50,,daily,male,25.mov,REAL,REAL,1
2026-08-10 17:09:31,P040,50,,daily,male,26.mov,AI,AI,1
2026-08-10 17:09:31,P040,50,,daily,male,27.jpeg,REAL,AI,0
2026-08-10 17:09:31,P040,50,,daily,male,28.jpg,REAL,REAL,1
2026-08-10 17:09:31,P040,50,,daily,male,29.png,AI,REAL,0
2026-08-10 17:09:31,P040,50,,daily,male,30.jpg,AI,REAL,0
2026-08-10 17:09:31,P040,50,,daily,male,31.jpg,AI,AI,1
2026-08-10 17:09:31,P040,50,,daily,male,32.png,AI,AI,1
2026-08-10 17:09:31,P040,50,,daily,male,33.png,REAL,REAL,1
2026-08-10 17:09:31,P040,50,,daily,male,34.png,REAL,REAL,1
2026-08-10 17:09:31,P040,50,,daily,male,35.png,REAL,AI,0
2026-08-10 17:09:31,P040,50,,daily,male,36.jpg,AI,REAL,0
2026-08-10 17:09:31,P040,50,,daily,male,37.mp4,REAL,REAL,1
2026-08-10 17:09:31,P040,50,,daily,male,38.mp4,AI,AI,1
2026-08-10 17:11:18,P041,59,,daily,female,1.jpg,REAL,AI,0
2026-08-10 17:11:18,P041,59,,daily,female,2.jpg,AI,REAL,0
2026-08-10 17:11:18,P041,59,,daily,female,3.jpg,AI,REAL,0
2026-08-10 17:11:18,P041,59,,daily,female,4.mp4,REAL,AI,0
2026-08-10 17:11:18,P041,59,,daily,female,5.png,REAL,AI,0
2026-08-10 17:11:18,P041,59,,daily,female,6.png,REAL,AI,0
2026-08-10 17:11:18,P041,59,,daily,female,7.jpeg,AI,REAL,0
2026-08-10 17:11:18,P041,59,,daily,female,8.avif,AI,REAL,0
2026-08-10 17:11:18,P041,59,,daily,female,9.png,REAL,AI,0
2026-08-10 17:11:18,P041,59,,daily,female,10.webp,AI,REAL,0
2026-08-10 17:11:18,P041,59,,daily,female,11.jpg,REAL,REAL,1
2026-08-10 17:11:18,P041,59,,daily,female,12.png,REAL,AI,0
2026-08-10 17:11:18,P041,59,,daily,female,13.jpg,REAL,AI,0
2026-08-10 17:11:18,P041,59,,daily,female,14.mp4,AI,REAL,0
2026-08-10 17:11:18,P041,59,,daily,female,15.png,AI,AI,1
2026-08-10 17:11:18,P041,59,,daily,female,16.mp4,AI,REAL,0
2026-08-10 17:11:18,P041,59,,daily,female,17.mp4,AI,AI,1
2026-08-10 17:11:18,P041,59,,daily,female,18.png,AI,AI,1
2026-08-10 17:11:18,P041,59,,daily,female,19.png,AI,REAL,0
2026-08-10 17:11:18,P041,59,,daily,female,20.png,AI,AI,1
2026-08-10 17:11:18,P041,59,,daily,female,21.webp,AI,AI,1
2026-08-10 17:11:18,P041,59,,daily,female,22.webp,AI,REAL,0
2026-08-10 17:11:18,P041,59,,daily,female,23.jpg,AI,REAL,0
2026-08-10 17:11:18,P041,59,,daily,female,24.mp4,AI,AI,1
2026-08-10 17:11:18,P041,59,,daily,female,25.mov,AI,REAL,0
2026-08-10 17:11:18,P041,59,,daily,female,26.mov,REAL,AI,0
2026-08-10 17:11:18,P041,59,,daily,female,27.jpeg,REAL,AI,0
2026-08-10 17:11:18,P041,59,,daily,female,28.jpg,REAL,REAL,1
2026-08-10 17:11:18,P041,59,,daily,female,29.png,AI,REAL,0
2026-08-10 17:11:18,P041,59,,daily,female,30.jpg,AI,REAL,0
2026-08-10 17:11:18,P041,59,,daily,female,31.jpg,AI,AI,1
2026-08-10 17:11:18,P041,59,,daily,female,32.png,AI,AI,1
2026-08-10 17:11:18,P041,59,,daily,female,33.png,AI,REAL,0
2026-08-10 17:11:18,P041,59,,daily,female,34.png,REAL,REAL,1
2026-08-10 17:11:18,P041,59,,daily,female,35.png,REAL,AI,0
2026-08-10 17:11:18,P041,59,,daily,female,36.jpg,AI,REAL,0
2026-08-10 17:11:18,P041,59,,daily,female,37.mp4,AI,REAL,0
2026-08-10 17:11:18,P041,59,,daily,female,38.mp4,AI,AI,1
2026-08-10 17:13:30,P042,46,,daily,male,1.jpg,REAL,AI,0
2026-08-10 17:13:30,P042,46,,daily,male,2.jpg,REAL,REAL,1
2026-08-10 17:13:30,P042,46,,daily,male,3.jpg,AI,REAL,0
2026-08-10 17:13:30,P042,46,,daily,male,4.mp4,AI,AI,1
2026-08-10 17:13:30,P042,46,,daily,male,5.png,AI,AI,1
2026-08-10 17:13:30,P042,46,,daily,male,6.png,REAL,AI,0
2026-08-10 17:13:30,P042,46,,daily,male,7.jpeg,AI,REAL,0
2026-08-10 17:13:30,P042,46,,daily,male,8.avif,AI,REAL,0
2026-08-10 17:13:30,P042,46,,daily,male,9.png,REAL,AI,0
2026-08-10 17:13:30,P042,46,,daily,male,10.webp,REAL,REAL,1
2026-08-10 17:13:30,P042,46,,daily,male,11.jpg,REAL,REAL,1
2026-08-10 17:13:30,P042,46,,daily,male,12.png,REAL,AI,0
2026-08-10 17:13:30,P042,46,,daily,male,13.jpg,REAL,AI,0
2026-08-10 17:13:30,P042,46,,daily,male,14.mp4,AI,REAL,0
2026-08-10 17:13:30,P042,46,,daily,male,15.png,REAL,AI,0
2026-08-10 17:13:30,P042,46,,daily,male,16.mp4,REAL,REAL,1
2026-08-10 17:13:30,P042,46,,daily,male,17.mp4,AI,AI,1
2026-08-10 17:13:30,P042,46,,daily,male,18.png,AI,AI,1
2026-08-10 17:13:30,P042,46,,daily,male,19.png,REAL,REAL,1
2026-08-10 17:13:30,P042,46,,daily,male,20.png,REAL,AI,0
2026-08-10 17:13:30,P042,46,,daily,male,21.webp,REAL,AI,0
2026-08-10 17:13:30,P042,46,,daily,male,22.webp,REAL,REAL,1
2026-08-10 17:13:30,P042,46,,daily,male,23.jpg,REAL,REAL,1
2026-08-10 17:13:30,P042,46,,daily,male,24.mp4,AI,AI,1
2026-08-10 17:13:30,P042,46,,daily,male,25.mov,REAL,REAL,1
2026-08-10 17:13:30,P042,46,,daily,male,26.mov,AI,AI,1
2026-08-10 17:13:30,P042,46,,daily,male,27.jpeg,REAL,AI,0
2026-08-10 17:13:30,P042,46,,daily,male,28.jpg,REAL,REAL,1
2026-08-10 17:13:30,P042,46,,daily,male,29.png,REAL,REAL,1
2026-08-10 17:13:30,P042,46,,daily,male,30.jpg,AI,REAL,0
2026-08-10 17:13:30,P042,46,,daily,male,31.jpg,AI,AI,1
2026-08-10 17:13:30,P042,46,,daily,male,32.png,REAL,AI,0
2026-08-10 17:13:30,P042,46,,daily,male,33.png,REAL,REAL,1
2026-08-10 17:13:30,P042,46,,daily,male,34.png,REAL,REAL,1
2026-08-10 17:13:30,P042,46,,daily,male,35.png,REAL,AI,0
2026-08-10 17:13:30,P042,46,,daily,male,36.jpg,REAL,REAL,1
2026-08-10 17:13:30,P042,46,,daily,male,37.mp4,AI,REAL,0
2026-08-10 17:13:30,P042,46,,daily,male,38.mp4,REAL,AI,0
2026-08-10 17:14:01,P043,49,,daily,female,1.jpg,AI,AI,1
2026-08-10 17:14:01,P043,49,,daily,female,2.jpg,REAL,REAL,1
2026-08-10 17:14:01,P043,49,,daily,female,3.jpg,REAL,REAL,1
2026-08-10 17:14:01,P043,49,,daily,female,4.mp4,REAL,AI,0
2026-08-10 17:14:01,P043,49,,daily,female,5.png,REAL,AI,0
2026-08-10 17:14:01,P043,49,,daily,female,6.png,REAL,AI,0
2026-08-10 17:14:01,P043,49,,daily,female,7.jpeg,AI,REAL,0
2026-08-10 17:14:01,P043,49,,daily,female,8.avif,REAL,REAL,1
2026-08-10 17:14:01,P043,49,,daily,female,9.png,REAL,AI,0
2026-08-10 17:14:01,P043,49,,daily,female,10.webp,REAL,REAL,1
2026-08-10 17:14:01,P043,49,,daily,female,11.jpg,AI,REAL,0
2026-08-10 17:14:01,P043,49,,daily,female,12.png,REAL,AI,0
2026-08-10 17:14:01,P043,49,,daily,female,13.jpg,REAL,AI,0
2026-08-10 17:14:01,P043,49,,daily,female,14.mp4,REAL,REAL,1
2026-08-10 17:14:01,P043,49,,daily,female,15.png,AI,AI,1
2026-08-10 17:14:01,P043,49,,daily,female,16.mp4,AI,REAL,0
2026-08-10 17:14:01,P043,49,,daily,female,17.mp4,AI,AI,1
2026-08-10 17:14:01,P043,49,,daily,female,18.png,AI,AI,1
2026-08-10 17:14:01,P043,49,,daily,female,19.png,AI,REAL,0
2026-08-10 17:14:01,P043,49,,daily,female,20.png,REAL,AI,0
2026-08-10 17:14:01,P043,49,,daily,female,21.webp,AI,AI,1
2026-08-10 17:14:01,P043,49,,daily,female,22.webp,AI,REAL,0
2026-08-10 17:14:01,P043,49,,daily,female,23.jpg,REAL,REAL,1
2026-08-10 17:14:01,P043,49,,daily,female,24.mp4,AI,AI,1
2026-08-10 17:14:01,P043,49,,daily,female,25.mov,AI,REAL,0
2026-08-10 17:14:01,P043,49,,daily,female,26.mov,AI,AI,1
2026-08-10 17:14:01,P043,49,,daily,female,27.jpeg,REAL,AI,0
2026-08-10 17:14:01,P043,49,,daily,female,28.jpg,AI,REAL,0
2026-08-10 17:14:01,P043,49,,daily,female,29.png,REAL,REAL,1
2026-08-10 17:14:01,P043,49,,daily,female,30.jpg,REAL,REAL,1
2026-08-10 17:14:01,P043,49,,daily,female,31.jpg,REAL,AI,0
2026-08-10 17:14:01,P043,49,,daily,female,32.png,REAL,AI,0
2026-08-10 17:14:01,P043,49,,daily,female,33.png,REAL,REAL,1
2026-08-10 17:14:01,P043,49,,daily,female,34.png,AI,REAL,0
2026-08-10 17:14:01,P043,49,,daily,female,35.png,REAL,AI,0
2026-08-10 17:14:01,P043,49,,daily,female,36.jpg,REAL,REAL,1
2026-08-10 17:14:01,P043,49,,daily,female,37.mp4,REAL,REAL,1
2026-08-10 17:14:01,P043,49,,daily,female,38.mp4,AI,AI,1
2026-08-10 17:17:01,P044,54,,daily,female,1.jpg,REAL,AI,0
2026-08-10 17:17:01,P044,54,,daily,female,2.jpg,AI,REAL,0
2026-08-10 17:17:01,P044,54,,daily,female,3.jpg,REAL,REAL,1
2026-08-10 17:17:01,P044,54,,daily,female,4.mp4,REAL,AI,0
2026-08-10 17:17:01,P044,54,,daily,female,5.png,REAL,AI,0
2026-08-10 17:17:01,P044,54,,daily,female,6.png,REAL,AI,0
2026-08-10 17:17:01,P044,54,,daily,female,7.jpeg,AI,REAL,0
2026-08-10 17:17:01,P044,54,,daily,female,8.avif,AI,REAL,0
2026-08-10 17:17:01,P044,54,,daily,female,9.png,REAL,AI,0
2026-08-10 17:17:01,P044,54,,daily,female,10.webp,REAL,REAL,1
2026-08-10 17:17:01,P044,54,,daily,female,11.jpg,AI,REAL,0
2026-08-10 17:17:01,P044,54,,daily,female,12.png,AI,AI,1
2026-08-10 17:17:01,P044,54,,daily,female,13.jpg,REAL,AI,0
2026-08-10 17:17:01,P044,54,,daily,female,14.mp4,REAL,REAL,1
2026-08-10 17:17:01,P044,54,,daily,female,15.png,REAL,AI,0
2026-08-10 17:17:01,P044,54,,daily,female,16.mp4,REAL,REAL,1
2026-08-10 17:17:01,P044,54,,daily,female,17.mp4,AI,AI,1
2026-08-10 17:17:01,P044,54,,daily,female,18.png,REAL,AI,0
2026-08-10 17:17:01,P044,54,,daily,female,19.png,AI,REAL,0
2026-08-10 17:17:01,P044,54,,daily,female,20.png,REAL,AI,0
2026-08-10 17:17:01,P044,54,,daily,female,21.webp,REAL,AI,0
2026-08-10 17:17:01,P044,54,,daily,female,22.webp,AI,REAL,0
2026-08-10 17:17:01,P044,54,,daily,female,23.jpg,REAL,REAL,1
2026-08-10 17:17:01,P044,54,,daily,female,24.mp4,REAL,AI,0
2026-08-10 17:17:01,P044,54,,daily,female,25.mov,AI,REAL,0
2026-08-10 17:17:01,P044,54,,daily,female,26.mov,REAL,AI,0
2026-08-10 17:17:01,P044,54,,daily,female,27.jpeg,REAL,AI,0
2026-08-10 17:17:01,P044,54,,daily,female,28.jpg,AI,REAL,0
2026-08-10 17:17:01,P044,54,,daily,female,29.png,AI,REAL,0
2026-08-10 17:17:01,P044,54,,daily,female,30.jpg,REAL,REAL,1
2026-08-10 17:17:01,P044,54,,daily,female,31.jpg,AI,AI,1
2026-08-10 17:17:01,P044,54,,daily,female,32.png,REAL,AI,0
2026-08-10 17:17:01,P044,54,,daily,female,33.png,REAL,REAL,1
2026-08-10 17:17:01,P044,54,,daily,female,34.png,REAL,REAL,1
2026-08-10 17:17:01,P044,54,,daily,female,35.png,REAL,AI,0
2026-08-10 17:17:01,P044,54,,daily,female,36.jpg,AI,REAL,0
2026-08-10 17:17:01,P044,54,,daily,female,37.mp4,REAL,REAL,1
2026-08-10 17:17:01,P044,54,,daily,female,38.mp4,REAL,AI,0
2026-08-10 17:17:17,P045,38,,daily,male,1.jpg,REAL,AI,0
2026-08-10 17:17:17,P045,38,,daily,male,2.jpg,REAL,REAL,1
2026-08-10 17:17:17,P045,38,,daily,male,3.jpg,REAL,REAL,1
2026-08-10 17:17:17,P045,38,,daily,male,4.mp4,AI,AI,1
2026-08-10 17:17:17,P045,38,,daily,male,5.png,REAL,AI,0
2026-08-10 17:17:17,P045,38,,daily,male,6.png,REAL,AI,0
2026-08-10 17:17:17,P045,38,,daily,male,7.jpeg,REAL,REAL,1
2026-08-10 17:17:17,P045,38,,daily,male,8.avif,REAL,REAL,1
2026-08-10 17:17:17,P045,38,,daily,male,9.png,AI,AI,1
2026-08-10 17:17:17,P045,38,,daily,male,10.webp,REAL,REAL,1
2026-08-10 17:17:17,P045,38,,daily,male,11.jpg,REAL,REAL,1
2026-08-10 17:17:17,P045,38,,daily,male,12.png,REAL,AI,0
2026-08-10 17:17:17,P045,38,,daily,male,13.jpg,REAL,AI,0
2026-08-10 17:17:17,P045,38,,daily,male,14.mp4,AI,REAL,0
2026-08-10 17:17:17,P045,38,,daily,male,15.png,AI,AI,1
2026-08-10 17:17:17,P045,38,,daily,male,16.mp4,REAL,REAL,1
2026-08-10 17:17:17,P045,38,,daily,male,17.mp4,REAL,AI,0
2026-08-10 17:17:17,P045,38,,daily,male,18.png,REAL,AI,0
2026-08-10 17:17:17,P045,38,,daily,male,19.png,REAL,REAL,1
2026-08-10 17:17:17,P045,38,,daily,male,20.png,AI,AI,1
2026-08-10 17:17:17,P045,38,,daily,male,21.webp,REAL,AI,0
2026-08-10 17:17:17,P045,38,,daily,male,22.webp,REAL,REAL,1
2026-08-10 17:17:17,P045,38,,daily,male,23.jpg,REAL,REAL,1
2026-08-10 17:17:17,P045,38,,daily,male,24.mp4,AI,AI,1
2026-08-10 17:17:17,P045,38,,daily,male,25.mov,REAL,REAL,1
2026-08-10 17:17:17,P045,38,,daily,male,26.mov,REAL,AI,0
2026-08-10 17:17:17,P045,38,,daily,male,27.jpeg,AI,AI,1
2026-08-10 17:17:17,P045,38,,daily,male,28.jpg,AI,REAL,0
2026-08-10 17:17:17,P045,38,,daily,male,29.png,AI,REAL,0
2026-08-10 17:17:17,P045,38,,daily,male,30.jpg,REAL,REAL,1
2026-08-10 17:17:17,P045,38,,daily,male,31.jpg,REAL,AI,0
2026-08-10 17:17:17,P045,38,,daily,male,32.png,REAL,AI,0
2026-08-10 17:17:17,P045,38,,daily,male,33.png,AI,REAL,0
2026-08-10 17:17:17,P045,38,,daily,male,34.png,AI,REAL,0
2026-08-10 17:17:17,P045,38,,daily,male,35.png,REAL,AI,0
2026-08-10 17:17:17,P045,38,,daily,male,36.jpg,REAL,REAL,1
2026-08-10 17:17:17,P045,38,,daily,male,37.mp4,AI,REAL,0
2026-08-10 17:17:17,P045,38,,daily,male,38.mp4,REAL,AI,0
2026-08-10 17:17:49,P046,46,,daily,male,1.jpg,REAL,AI,0
2026-08-10 17:17:49,P046,46,,daily,male,2.jpg,AI,REAL,0
2026-08-10 17:17:49,P046,46,,daily,male,3.jpg,AI,REAL,0
2026-08-10 17:17:49,P046,46,,daily,male,4.mp4,AI,AI,1
2026-08-10 17:17:49,P046,46,,daily,male,5.png,REAL,AI,0
2026-08-10 17:17:49,P046,46,,daily,male,6.png,REAL,AI,0
2026-08-10 17:17:49,P046,46,,daily,male,7.jpeg,AI,REAL,0
2026-08-10 17:17:49,P046,46,,daily,male,8.avif,AI,REAL,0
2026-08-10 17:17:49,P046,46,,daily,male,9.png,REAL,AI,0
2026-08-10 17:17:49,P046,46,,daily,male,10.webp,REAL,REAL,1
2026-08-10 17:17:49,P046,46,,daily,male,11.jpg,AI,REAL,0
2026-08-10 17:17:49,P046,46,,daily,male,12.png,REAL,AI,0
2026-08-10 17:17:49,P046,46,,daily,male,13.jpg,REAL,AI,0
2026-08-10 17:17:49,P046,46,,daily,male,14.mp4,REAL,REAL,1
2026-08-10 17:17:49,P046,46,,daily,male,15.png,AI,AI,1
2026-08-10 17:17:49,P046,46,,daily,male,16.mp4,REAL,REAL,1
2026-08-10 17:17:49,P046,46,,daily,male,17.mp4,AI,AI,1
2026-08-10 17:17:49,P046,46,,daily,male,18.png,REAL,AI,0
2026-08-10 17:17:49,P046,46,,daily,male,19.png,AI,REAL,0
2026-08-10 17:17:49,P046,46,,daily,male,20.png,AI,AI,1
2026-08-10 17:17:49,P046,46,,daily,male,21.webp,REAL,AI,0
2026-08-10 17:17:49,P046,46,,daily,male,22.webp,AI,REAL,0
2026-08-10 17:17:49,P046,46,,daily,male,23.jpg,REAL,REAL,1
2026-08-10 17:17:49,P046,46,,daily,male,24.mp4,REAL,AI,0
2026-08-10 17:17:49,P046,46,,daily,male,25.mov,REAL,REAL,1
2026-08-10 17:17:49,P046,46,,daily,male,26.mov,AI,AI,1
2026-08-10 17:17:49,P046,46,,daily,male,27.jpeg,REAL,AI,0
2026-08-10 17:17:49,P046,46,,daily,male,28.jpg,REAL,REAL,1
2026-08-10 17:17:49,P046,46,,daily,male,29.png,REAL,REAL,1
2026-08-10 17:17:49,P046,46,,daily,male,30.jpg,REAL,REAL,1
2026-08-10 17:17:49,P046,46,,daily,male,31.jpg,AI,AI,1
2026-08-10 17:17:49,P046,46,,daily,male,32.png,REAL,AI,0
2026-08-10 17:17:49,P046,46,,daily,male,33.png,REAL,REAL,1
2026-08-10 17:17:49,P046,46,,daily,male,34.png,REAL,REAL,1
2026-08-10 17:17:49,P046,46,,daily,male,35.png,REAL,AI,0
2026-08-10 17:17:49,P046,46,,daily,male,36.jpg,REAL,REAL,1
2026-08-10 17:17:49,P046,46,,daily,male,37.mp4,AI,REAL,0
2026-08-10 17:17:49,P046,46,,daily,male,38.mp4,REAL,AI,0
2026-08-10 17:19:06,P047,47,,daily,male,1.jpg,REAL,AI,0
2026-08-10 17:19:06,P047,47,,daily,male,2.jpg,REAL,REAL,1
2026-08-10 17:19:06,P047,47,,daily,male,3.jpg,REAL,REAL,1
2026-08-10 17:19:06,P047,47,,daily,male,4.mp4,AI,AI,1
2026-08-10 17:19:06,P047,47,,daily,male,5.png,REAL,AI,0
2026-08-10 17:19:06,P047,47,,daily,male,6.png,REAL,AI,0
2026-08-10 17:19:06,P047,47,,daily,male,7.jpeg,REAL,REAL,1
2026-08-10 17:19:06,P047,47,,daily,male,8.avif,REAL,REAL,1
2026-08-10 17:19:06,P047,47,,daily,male,9.png,REAL,AI,0
2026-08-10 17:19:06,P047,47,,daily,male,10.webp,REAL,REAL,1
2026-08-10 17:19:06,P047,47,,daily,male,11.jpg,REAL,REAL,1
2026-08-10 17:19:06,P047,47,,daily,male,12.png,REAL,AI,0
2026-08-10 17:19:06,P047,47,,daily,male,13.jpg,REAL,AI,0
2026-08-10 17:19:06,P047,47,,daily,male,14.mp4,AI,REAL,0
2026-08-10 17:19:06,P047,47,,daily,male,15.png,AI,AI,1
2026-08-10 17:19:06,P047,47,,daily,male,16.mp4,REAL,REAL,1
2026-08-10 17:19:06,P047,47,,daily,male,17.mp4,AI,AI,1
2026-08-10 17:19:06,P047,47,,daily,male,18.png,AI,AI,1
2026-08-10 17:19:06,P047,47,,daily,male,19.png,AI,REAL,0
2026-08-10 17:19:06,P047,47,,daily,male,20.png,AI,AI,1
2026-08-10 17:19:06,P047,47,,daily,male,21.webp,AI,AI,1
2026-08-10 17:19:06,P047,47,,daily,male,22.webp,REAL,REAL,1
2026-08-10 17:19:06,P047,47,,daily,male,23.jpg,REAL,REAL,1
2026-08-10 17:19:06,P047,47,,daily,male,24.mp4,REAL,AI,0
2026-08-10 17:19:06,P047,47,,daily,male,25.mov,REAL,REAL,1
2026-08-10 17:19:06,P047,47,,daily,male,26.mov,REAL,AI,0
2026-08-10 17:19:06,P047,47,,daily,male,27.jpeg,REAL,AI,0
2026-08-10 17:19:06,P047,47,,daily,male,28.jpg,REAL,REAL,1
2026-08-10 17:19:06,P047,47,,daily,male,29.png,REAL,REAL,1
2026-08-10 17:19:06,P047,47,,daily,male,30.jpg,REAL,REAL,1
2026-08-10 17:19:06,P047,47,,daily,male,31.jpg,AI,AI,1
2026-08-10 17:19:06,P047,47,,daily,male,32.png,REAL,AI,0
2026-08-10 17:19:06,P047,47,,daily,male,33.png,REAL,REAL,1
2026-08-10 17:19:06,P047,47,,daily,male,34.png,REAL,REAL,1
2026-08-10 17:19:06,P047,47,,daily,male,35.png,REAL,AI,0
2026-08-10 17:19:06,P047,47,,daily,male,36.jpg,REAL,REAL,1
2026-08-10 17:19:06,P047,47,,daily,male,37.mp4,AI,REAL,0
2026-08-10 17:19:06,P047,47,,daily,male,38.mp4,REAL,AI,0
2026-08-10 17:26:33,P048,52,,daily,female,1.jpg,REAL,AI,0
2026-08-10 17:26:33,P048,52,,daily,female,2.jpg,REAL,REAL,1
2026-08-10 17:26:33,P048,52,,daily,female,3.jpg,AI,REAL,0
2026-08-10 17:26:33,P048,52,,daily,female,4.mp4,REAL,AI,0
2026-08-10 17:26:33,P048,52,,daily,female,5.png,AI,AI,1
2026-08-10 17:26:33,P048,52,,daily,female,6.png,REAL,AI,0
2026-08-10 17:26:33,P048,52,,daily,female,7.jpeg,AI,REAL,0
2026-08-10 17:26:33,P048,52,,daily,female,8.avif,AI,REAL,0
2026-08-10 17:26:33,P048,52,,daily,female,9.png,REAL,AI,0
2026-08-10 17:26:33,P048,52,,daily,female,10.webp,AI,REAL,0
2026-08-10 17:26:33,P048,52,,daily,female,11.jpg,AI,REAL,0
2026-08-10 17:26:33,P048,52,,daily,female,12.png,REAL,AI,0
2026-08-10 17:26:33,P048,52,,daily,female,13.jpg,REAL,AI,0
2026-08-10 17:26:33,P048,52,,daily,female,14.mp4,AI,REAL,0
2026-08-10 17:26:33,P048,52,,daily,female,15.png,AI,AI,1
2026-08-10 17:26:33,P048,52,,daily,female,16.mp4,REAL,REAL,1
2026-08-10 17:26:33,P048,52,,daily,female,17.mp4,AI,AI,1
2026-08-10 17:26:33,P048,52,,daily,female,18.png,AI,AI,1
2026-08-10 17:26:33,P048,52,,daily,female,19.png,AI,REAL,0
2026-08-10 17:26:33,P048,52,,daily,female,20.png,REAL,AI,0
2026-08-10 17:26:33,P048,52,,daily,female,21.webp,REAL,AI,0
2026-08-10 17:26:33,P048,52,,daily,female,22.webp,AI,REAL,0
2026-08-10 17:26:33,P048,52,,daily,female,23.jpg,REAL,REAL,1
2026-08-10 17:26:33,P048,52,,daily,female,24.mp4,REAL,AI,0
2026-08-10 17:26:33,P048,52,,daily,female,25.mov,AI,REAL,0
2026-08-10 17:26:33,P048,52,,daily,female,26.mov,AI,AI,1
2026-08-10 17:26:33,P048,52,,daily,female,27.jpeg,REAL,AI,0
2026-08-10 17:26:33,P048,52,,daily,female,28.jpg,REAL,REAL,1
2026-08-10 17:26:33,P048,52,,daily,female,29.png,AI,REAL,0
2026-08-10 17:26:33,P048,52,,daily,female,30.jpg,REAL,REAL,1
2026-08-10 17:26:33,P048,52,,daily,female,31.jpg,AI,AI,1
2026-08-10 17:26:33,P048,52,,daily,female,32.png,REAL,AI,0
2026-08-10 17:26:33,P048,52,,daily,female,33.png,REAL,REAL,1
2026-08-10 17:26:33,P048,52,,daily,female,34.png,AI,REAL,0
2026-08-10 17:26:33,P048,52,,daily,female,35.png,REAL,AI,0
2026-08-10 17:26:33,P048,52,,daily,female,36.jpg,AI,REAL,0
2026-08-10 17:26:33,P048,52,,daily,female,37.mp4,AI,REAL,0
2026-08-10 17:26:33,P048,52,,daily,female,38.mp4,REAL,AI,0
2026-08-10 17:38:01,P049,49,,occasionally,male,1.jpg,REAL,AI,0
2026-08-10 17:38:01,P049,49,,occasionally,male,2.jpg,REAL,REAL,1
2026-08-10 17:38:01,P049,49,,occasionally,male,3.jpg,AI,REAL,0
2026-08-10 17:38:01,P049,49,,occasionally,male,4.mp4,REAL,AI,0
2026-08-10 17:38:01,P049,49,,occasionally,male,5.png,REAL,AI,0
2026-08-10 17:38:01,P049,49,,occasionally,male,6.png,REAL,AI,0
2026-08-10 17:38:01,P049,49,,occasionally,male,7.jpeg,AI,REAL,0
2026-08-10 17:38:01,P049,49,,occasionally,male,8.avif,REAL,REAL,1
2026-08-10 17:38:01,P049,49,,occasionally,male,9.png,REAL,AI,0
2026-08-10 17:38:01,P049,49,,occasionally,male,10.webp,REAL,REAL,1
2026-08-10 17:38:01,P049,49,,occasionally,male,11.jpg,REAL,REAL,1
2026-08-10 17:38:01,P049,49,,occasionally,male,12.png,REAL,AI,0
2026-08-10 17:38:01,P049,49,,occasionally,male,13.jpg,REAL,AI,0
2026-08-10 17:38:01,P049,49,,occasionally,male,14.mp4,AI,REAL,0
2026-08-10 17:38:01,P049,49,,occasionally,male,15.png,AI,AI,1
2026-08-10 17:38:01,P049,49,,occasionally,male,16.mp4,AI,REAL,0
2026-08-10 17:38:01,P049,49,,occasionally,male,17.mp4,AI,AI,1
2026-08-10 17:38:01,P049,49,,occasionally,male,18.png,REAL,AI,0
2026-08-10 17:38:01,P049,49,,occasionally,male,19.png,AI,REAL,0
2026-08-10 17:38:01,P049,49,,occasionally,male,20.png,REAL,AI,0
2026-08-10 17:38:01,P049,49,,occasionally,male,21.webp,REAL,AI,0
2026-08-10 17:38:01,P049,49,,occasionally,male,22.webp,REAL,REAL,1
2026-08-10 17:38:01,P049,49,,occasionally,male,23.jpg,REAL,REAL,1
2026-08-10 17:38:01,P049,49,,occasionally,male,24.mp4,REAL,AI,0
2026-08-10 17:38:01,P049,49,,occasionally,male,25.mov,REAL,REAL,1
2026-08-10 17:38:01,P049,49,,occasionally,male,26.mov,AI,AI,1
2026-08-10 17:38:01,P049,49,,occasionally,male,27.jpeg,REAL,AI,0
2026-08-10 17:38:01,P049,49,,occasionally,male,28.jpg,REAL,REAL,1
2026-08-10 17:38:01,P049,49,,occasionally,male,29.png,AI,REAL,0
2026-08-10 17:38:01,P049,49,,occasionally,male,30.jpg,REAL,REAL,1
2026-08-10 17:38:01,P049,49,,occasionally,male,31.jpg,AI,AI,1
2026-08-10 17:38:01,P049,49,,occasionally,male,32.png,REAL,AI,0
2026-08-10 17:38:01,P049,49,,occasionally,male,33.png,REAL,REAL,1
2026-08-10 17:38:01,P049,49,,occasionally,male,34.png,REAL,REAL,1
2026-08-10 17:38:01,P049,49,,occasionally,male,35.png,REAL,AI,0
2026-08-10 17:38:01,P049,49,,occasionally,male,36.jpg,REAL,REAL,1
2026-08-10 17:38:01,P049,49,,occasionally,male,37.mp4,AI,REAL,0
2026-08-10 17:38:01,P049,49,,occasionally,male,38.mp4,REAL,AI,0
2026-08-10 18:02:13,P050,55,,daily,male,1.jpg,REAL,AI,0
2026-08-10 18:02:13,P050,55,,daily,male,2.jpg,REAL,REAL,1
2026-08-10 18:02:13,P050,55,,daily,male,3.jpg,AI,REAL,0
2026-08-10 18:02:13,P050,55,,daily,male,4.mp4,REAL,AI,0
2026-08-10 18:02:13,P050,55,,daily,male,5.png,REAL,AI,0
2026-08-10 18:02:13,P050,55,,daily,male,6.png,REAL,AI,0
2026-08-10 18:02:13,P050,55,,daily,male,7.jpeg,AI,REAL,0
2026-08-10 18:02:13,P050,55,,daily,male,8.avif,AI,REAL,0
2026-08-10 18:02:13,P050,55,,daily,male,9.png,REAL,AI,0
2026-08-10 18:02:13,P050,55,,daily,male,10.webp,REAL,REAL,1
2026-08-10 18:02:13,P050,55,,daily,male,11.jpg,AI,REAL,0
2026-08-10 18:02:13,P050,55,,daily,male,12.png,REAL,AI,0
2026-08-10 18:02:13,P050,55,,daily,male,13.jpg,REAL,AI,0
2026-08-10 18:02:13,P050,55,,daily,male,14.mp4,REAL,REAL,1
2026-08-10 18:02:13,P050,55,,daily,male,15.png,REAL,AI,0
2026-08-10 18:02:13,P050,55,,daily,male,16.mp4,REAL,REAL,1
2026-08-10 18:02:13,P050,55,,daily,male,17.mp4,REAL,AI,0
2026-08-10 18:02:13,P050,55,,daily,male,18.png,REAL,AI,0
2026-08-10 18:02:13,P050,55,,daily,male,19.png,REAL,REAL,1
2026-08-10 18:02:13,P050,55,,daily,male,20.png,REAL,AI,0
2026-08-10 18:02:13,P050,55,,daily,male,21.webp,REAL,AI,0
2026-08-10 18:02:13,P050,55,,daily,male,22.webp,AI,REAL,0
2026-08-10 18:02:13,P050,55,,daily,male,23.jpg,REAL,REAL,1
2026-08-10 18:02:13,P050,55,,daily,male,24.mp4,REAL,AI,0
2026-08-10 18:02:13,P050,55,,daily,male,25.mov,AI,REAL,0
2026-08-10 18:02:13,P050,55,,daily,male,26.mov,AI,AI,1
2026-08-10 18:02:13,P050,55,,daily,male,27.jpeg,REAL,AI,0
2026-08-10 18:02:13,P050,55,,daily,male,28.jpg,REAL,REAL,1
2026-08-10 18:02:13,P050,55,,daily,male,29.png,AI,REAL,0
2026-08-10 18:02:13,P050,55,,daily,male,30.jpg,REAL,REAL,1
2026-08-10 18:02:13,P050,55,,daily,male,31.jpg,REAL,AI,0
2026-08-10 18:02:13,P050,55,,daily,male,32.png,REAL,AI,0
2026-08-10 18:02:13,P050,55,,daily,male,33.png,REAL,REAL,1
2026-08-10 18:02:13,P050,55,,daily,male,34.png,REAL,REAL,1
2026-08-10 18:02:13,P050,55,,daily,male,35.png,REAL,AI,0
2026-08-10 18:02:13,P050,55,,daily,male,36.jpg,AI,REAL,0
2026-08-10 18:02:13,P050,55,,daily,male,37.mp4,REAL,REAL,1
2026-08-10 18:02:13,P050,55,,daily,male,38.mp4,REAL,AI,0
2026-08-10 18:02:38,P051,22,,daily,male,1.jpg,REAL,AI,0
2026-08-10 18:02:38,P051,22,,daily,male,2.jpg,AI,REAL,0
2026-08-10 18:02:38,P051,22,,daily,male,3.jpg,AI,REAL,0
2026-08-10 18:02:38,P051,22,,daily,male,4.mp4,AI,AI,1
2026-08-10 18:02:38,P051,22,,daily,male,5.png,REAL,AI,0
2026-08-10 18:02:38,P051,22,,daily,male,6.png,REAL,AI,0
2026-08-10 18:02:38,P051,22,,daily,male,7.jpeg,REAL,REAL,1
2026-08-10 18:02:38,P051,22,,daily,male,8.avif,AI,REAL,0
2026-08-10 18:02:38,P051,22,,daily,male,9.png,REAL,AI,0
2026-08-10 18:02:38,P051,22,,daily,male,10.webp,REAL,REAL,1
2026-08-10 18:02:38,P051,22,,daily,male,11.jpg,AI,REAL,0
2026-08-10 18:02:38,P051,22,,daily,male,12.png,REAL,AI,0
2026-08-10 18:02:38,P051,22,,daily,male,13.jpg,REAL,AI,0
2026-08-10 18:02:38,P051,22,,daily,male,14.mp4,AI,REAL,0
2026-08-10 18:02:38,P051,22,,daily,male,15.png,REAL,AI,0
2026-08-10 18:02:38,P051,22,,daily,male,16.mp4,REAL,REAL,1
2026-08-10 18:02:38,P051,22,,daily,male,17.mp4,REAL,AI,0
2026-08-10 18:02:38,P051,22,,daily,male,18.png,AI,AI,1
2026-08-10 18:02:38,P051,22,,daily,male,19.png,AI,REAL,0
2026-08-10 18:02:38,P051,22,,daily,male,20.png,REAL,AI,0
2026-08-10 18:02:38,P051,22,,daily,male,21.webp,REAL,AI,0
2026-08-10 18:02:38,P051,22,,daily,male,22.webp,REAL,REAL,1
2026-08-10 18:02:38,P051,22,,daily,male,23.jpg,REAL,REAL,1
2026-08-10 18:02:38,P051,22,,daily,male,24.mp4,AI,AI,1
2026-08-10 18:02:38,P051,22,,daily,male,25.mov,REAL,REAL,1
2026-08-10 18:02:38,P051,22,,daily,male,26.mov,REAL,AI,0
2026-08-10 18:02:38,P051,22,,daily,male,27.jpeg,REAL,AI,0
2026-08-10 18:02:38,P051,22,,daily,male,28.jpg,REAL,REAL,1
2026-08-10 18:02:38,P051,22,,daily,male,29.png,REAL,REAL,1
2026-08-10 18:02:38,P051,22,,daily,male,30.jpg,REAL,REAL,1
2026-08-10 18:02:38,P051,22,,daily,male,31.jpg,AI,AI,1
2026-08-10 18:02:38,P051,22,,daily,male,32.png,REAL,AI,0
2026-08-10 18:02:38,P051,22,,daily,male,33.png,REAL,REAL,1
2026-08-10 18:02:38,P051,22,,daily,male,34.png,REAL,REAL,1
2026-08-10 18:02:38,P051,22,,daily,male,35.png,REAL,AI,0
2026-08-10 18:02:38,P051,22,,daily,male,36.jpg,AI,REAL,0
2026-08-10 18:02:38,P051,22,,daily,male,37.mp4,AI,REAL,0
2026-08-10 18:02:38,P051,22,,daily,male,38.mp4,AI,AI,1
2026-08-10 18:09:14,P052,19,,daily,female,1.jpg,REAL,AI,0
2026-08-10 18:09:14,P052,19,,daily,female,2.jpg,AI,REAL,0
2026-08-10 18:09:14,P052,19,,daily,female,3.jpg,AI,REAL,0
2026-08-10 18:09:14,P052,19,,daily,female,4.mp4,REAL,AI,0
2026-08-10 18:09:14,P052,19,,daily,female,5.png,AI,AI,1
2026-08-10 18:09:14,P052,19,,daily,female,6.png,REAL,AI,0
2026-08-10 18:09:14,P052,19,,daily,female,7.jpeg,REAL,REAL,1
2026-08-10 18:09:14,P052,19,,daily,female,8.avif,AI,REAL,0
2026-08-10 18:09:14,P052,19,,daily,female,9.png,AI,AI,1
2026-08-10 18:09:14,P052,19,,daily,female,10.webp,REAL,REAL,1
2026-08-10 18:09:14,P052,19,,daily,female,11.jpg,AI,REAL,0
2026-08-10 18:09:14,P052,19,,daily,female,12.png,REAL,AI,0
2026-08-10 18:09:14,P052,19,,daily,female,13.jpg,REAL,AI,0
2026-08-10 18:09:14,P052,19,,daily,female,14.mp4,AI,REAL,0
2026-08-10 18:09:14,P052,19,,daily,female,15.png,AI,AI,1
2026-08-10 18:09:14,P052,19,,daily,female,16.mp4,REAL,REAL,1
2026-08-10 18:09:14,P052,19,,daily,female,17.mp4,AI,AI,1
2026-08-10 18:09:14,P052,19,,daily,female,18.png,AI,AI,1
2026-08-10 18:09:14,P052,19,,daily,female,19.png,AI,REAL,0
2026-08-10 18:09:14,P052,19,,daily,female,20.png,AI,AI,1
2026-08-10 18:09:14,P052,19,,daily,female,21.webp,AI,AI,1
2026-08-10 18:09:14,P052,19,,daily,female,22.webp,AI,REAL,0
2026-08-10 18:09:14,P052,19,,daily,female,23.jpg,REAL,REAL,1
2026-08-10 18:09:14,P052,19,,daily,female,24.mp4,AI,AI,1
2026-08-10 18:09:14,P052,19,,daily,female,25.mov,AI,REAL,0
2026-08-10 18:09:14,P052,19,,daily,female,26.mov,AI,AI,1
2026-08-10 18:09:14,P052,19,,daily,female,27.jpeg,AI,AI,1
2026-08-10 18:09:14,P052,19,,daily,female,28.jpg,REAL,REAL,1
2026-08-10 18:09:14,P052,19,,daily,female,29.png,REAL,REAL,1
2026-08-10 18:09:14,P052,19,,daily,female,30.jpg,REAL,REAL,1
2026-08-10 18:09:14,P052,19,,daily,female,31.jpg,AI,AI,1
2026-08-10 18:09:14,P052,19,,daily,female,32.png,REAL,AI,0
2026-08-10 18:09:14,P052,19,,daily,female,33.png,AI,REAL,0
2026-08-10 18:09:14,P052,19,,daily,female,34.png,REAL,REAL,1
2026-08-10 18:09:14,P052,19,,daily,female,35.png,AI,AI,1
2026-08-10 18:09:14,P052,19,,daily,female,36.jpg,REAL,REAL,1
2026-08-10 18:09:14,P052,19,,daily,female,37.mp4,REAL,REAL,1
2026-08-10 18:09:14,P052,19,,daily,female,38.mp4,AI,AI,1
2026-08-10 18:23:29,P053,52,,frequently,male,1.jpg,REAL,AI,0
2026-08-10 18:23:29,P053,52,,frequently,male,2.jpg,REAL,REAL,1
2026-08-10 18:23:29,P053,52,,frequently,male,3.jpg,REAL,REAL,1
2026-08-10 18:23:29,P053,52,,frequently,male,4.mp4,REAL,AI,0
2026-08-10 18:23:29,P053,52,,frequently,male,5.png,REAL,AI,0
2026-08-10 18:23:29,P053,52,,frequently,male,6.png,REAL,AI,0
2026-08-10 18:23:29,P053,52,,frequently,male,7.jpeg,REAL,REAL,1
2026-08-10 18:23:29,P053,52,,frequently,male,8.avif,REAL,REAL,1
2026-08-10 18:23:29,P053,52,,frequently,male,9.png,REAL,AI,0
2026-08-10 18:23:29,P053,52,,frequently,male,10.webp,REAL,REAL,1
2026-08-10 18:23:29,P053,52,,frequently,male,11.jpg,REAL,REAL,1
2026-08-10 18:23:29,P053,52,,frequently,male,12.png,REAL,AI,0
2026-08-10 18:23:29,P053,52,,frequently,male,13.jpg,REAL,AI,0
2026-08-10 18:23:29,P053,52,,frequently,male,14.mp4,AI,REAL,0
2026-08-10 18:23:29,P053,52,,frequently,male,15.png,REAL,AI,0
2026-08-10 18:23:29,P053,52,,frequently,male,16.mp4,REAL,REAL,1
2026-08-10 18:23:29,P053,52,,frequently,male,17.mp4,REAL,AI,0
2026-08-10 18:23:29,P053,52,,frequently,male,18.png,REAL,AI,0
2026-08-10 18:23:29,P053,52,,frequently,male,19.png,REAL,REAL,1
2026-08-10 18:23:29,P053,52,,frequently,male,20.png,REAL,AI,0
2026-08-10 18:23:29,P053,52,,frequently,male,21.webp,REAL,AI,0
2026-08-10 18:23:29,P053,52,,frequently,male,22.webp,REAL,REAL,1
2026-08-10 18:23:29,P053,52,,frequently,male,23.jpg,REAL,REAL,1
2026-08-10 18:23:29,P053,52,,frequently,male,24.mp4,REAL,AI,0
2026-08-10 18:23:29,P053,52,,frequently,male,25.mov,REAL,REAL,1
2026-08-10 18:23:29,P053,52,,frequently,male,26.mov,REAL,AI,0
2026-08-10 18:23:29,P053,52,,frequently,male,27.jpeg,REAL,AI,0
2026-08-10 18:23:29,P053,52,,frequently,male,28.jpg,REAL,REAL,1
2026-08-10 18:23:29,P053,52,,frequently,male,29.png,REAL,REAL,1
2026-08-10 18:23:29,P053,52,,frequently,male,30.jpg,REAL,REAL,1
2026-08-10 18:23:29,P053,52,,frequently,male,31.jpg,REAL,AI,0
2026-08-10 18:23:29,P053,52,,frequently,male,32.png,REAL,AI,0
2026-08-10 18:23:29,P053,52,,frequently,male,33.png,REAL,REAL,1
2026-08-10 18:23:29,P053,52,,frequently,male,34.png,REAL,REAL,1
2026-08-10 18:23:29,P053,52,,frequently,male,35.png,REAL,AI,0
2026-08-10 18:23:29,P053,52,,frequently,male,36.jpg,REAL,REAL,1
2026-08-10 18:23:29,P053,52,,frequently,male,37.mp4,REAL,REAL,1
2026-08-10 18:23:29,P053,52,,frequently,male,38.mp4,REAL,AI,0
2026-08-10 18:28:00,P054,56,,daily,female,1.jpg,REAL,AI,0
2026-08-10 18:28:00,P054,56,,daily,female,2.jpg,REAL,REAL,1
2026-08-10 18:28:00,P054,56,,daily,female,3.jpg,REAL,REAL,1
2026-08-10 18:28:00,P054,56,,daily,female,4.mp4,AI,AI,1
2026-08-10 18:28:00,P054,56,,daily,female,5.png,AI,AI,1
2026-08-10 18:28:00,P054,56,,daily,female,6.png,REAL,AI,0
2026-08-10 18:28:00,P054,56,,daily,female,7.jpeg,AI,REAL,0
2026-08-10 18:28:00,P054,56,,daily,female,8.avif,AI,REAL,0
2026-08-10 18:28:00,P054,56,,daily,female,9.png,REAL,AI,0
2026-08-10 18:28:00,P054,56,,daily,female,10.webp,REAL,REAL,1
2026-08-10 18:28:00,P054,56,,daily,female,11.jpg,AI,REAL,0
2026-08-10 18:28:00,P054,56,,daily,female,12.png,REAL,AI,0
2026-08-10 18:28:00,P054,56,,daily,female,13.jpg,REAL,AI,0
2026-08-10 18:28:00,P054,56,,daily,female,14.mp4,REAL,REAL,1
2026-08-10 18:28:00,P054,56,,daily,female,15.png,AI,AI,1
2026-08-10 18:28:00,P054,56,,daily,female,16.mp4,REAL,REAL,1
2026-08-10 18:28:00,P054,56,,daily,female,17.mp4,AI,AI,1
2026-08-10 18:28:00,P054,56,,daily,female,18.png,REAL,AI,0
2026-08-10 18:28:00,P054,56,,daily,female,19.png,REAL,REAL,1
2026-08-10 18:28:00,P054,56,,daily,female,20.png,REAL,AI,0
2026-08-10 18:28:00,P054,56,,daily,female,21.webp,REAL,AI,0
2026-08-10 18:28:00,P054,56,,daily,female,22.webp,AI,REAL,0
2026-08-10 18:28:00,P054,56,,daily,female,23.jpg,REAL,REAL,1
2026-08-10 18:28:00,P054,56,,daily,female,24.mp4,REAL,AI,0
2026-08-10 18:28:00,P054,56,,daily,female,25.mov,AI,REAL,0
2026-08-10 18:28:00,P054,56,,daily,female,26.mov,AI,AI,1
2026-08-10 18:28:00,P054,56,,daily,female,27.jpeg,REAL,AI,0
2026-08-10 18:28:00,P054,56,,daily,female,28.jpg,REAL,REAL,1
2026-08-10 18:28:00,P054,56,,daily,female,29.png,REAL,REAL,1
2026-08-10 18:28:00,P054,56,,daily,female,30.jpg,AI,REAL,0
2026-08-10 18:28:00,P054,56,,daily,female,31.jpg,AI,AI,1
2026-08-10 18:28:00,P054,56,,daily,female,32.png,REAL,AI,0
2026-08-10 18:28:00,P054,56,,daily,female,33.png,REAL,REAL,1
2026-08-10 18:28:00,P054,56,,daily,female,34.png,REAL,REAL,1
2026-08-10 18:28:00,P054,56,,daily,female,35.png,REAL,AI,0
2026-08-10 18:28:00,P054,56,,daily,female,36.jpg,REAL,REAL,1
2026-08-10 18:28:00,P054,56,,daily,female,37.mp4,AI,REAL,0
2026-08-10 18:28:00,P054,56,,daily,female,38.mp4,AI,AI,1
2026-08-10 18:35:37,P055,19,,daily,male,1.jpg,AI,AI,1
2026-08-10 18:35:37,P055,19,,daily,male,2.jpg,REAL,REAL,1
2026-08-10 18:35:37,P055,19,,daily,male,3.jpg,REAL,REAL,1
2026-08-10 18:35:37,P055,19,,daily,male,4.mp4,AI,AI,1
2026-08-10 18:35:37,P055,19,,daily,male,5.png,AI,AI,1
2026-08-10 18:35:37,P055,19,,daily,male,6.png,AI,AI,1
2026-08-10 18:35:37,P055,19,,daily,male,7.jpeg,REAL,REAL,1
2026-08-10 18:35:37,P055,19,,daily,male,8.avif,REAL,REAL,1
2026-08-10 18:35:37,P055,19,,daily,male,9.png,AI,AI,1
2026-08-10 18:35:37,P055,19,,daily,male,10.webp,REAL,REAL,1
2026-08-10 18:35:37,P055,19,,daily,male,11.jpg,REAL,REAL,1
2026-08-10 18:35:37,P055,19,,daily,male,12.png,REAL,AI,0
2026-08-10 18:35:37,P055,19,,daily,male,13.jpg,REAL,AI,0
2026-08-10 18:35:37,P055,19,,daily,male,14.mp4,REAL,REAL,1
2026-08-10 18:35:37,P055,19,,daily,male,15.png,REAL,AI,0
2026-08-10 18:35:37,P055,19,,daily,male,16.mp4,AI,REAL,0
2026-08-10 18:35:37,P055,19,,daily,male,17.mp4,AI,AI,1
2026-08-10 18:35:37,P055,19,,daily,male,18.png,AI,AI,1
2026-08-10 18:35:37,P055,19,,daily,male,19.png,REAL,REAL,1
2026-08-10 18:35:37,P055,19,,daily,male,20.png,REAL,AI,0
2026-08-10 18:35:37,P055,19,,daily,male,21.webp,REAL,AI,0
2026-08-10 18:35:37,P055,19,,daily,male,22.webp,REAL,REAL,1
2026-08-10 18:35:37,P055,19,,daily,male,23.jpg,REAL,REAL,1
2026-08-10 18:35:37,P055,19,,daily,male,24.mp4,AI,AI,1
2026-08-10 18:35:37,P055,19,,daily,male,25.mov,REAL,REAL,1
2026-08-10 18:35:37,P055,19,,daily,male,26.mov,REAL,AI,0
2026-08-10 18:35:37,P055,19,,daily,male,27.jpeg,REAL,AI,0
2026-08-10 18:35:37,P055,19,,daily,male,28.jpg,REAL,REAL,1
2026-08-10 18:35:37,P055,19,,daily,male,29.png,REAL,REAL,1
2026-08-10 18:35:37,P055,19,,daily,male,30.jpg,REAL,REAL,1
2026-08-10 18:35:37,P055,19,,daily,male,31.jpg,AI,AI,1
2026-08-10 18:35:37,P055,19,,daily,male,32.png,AI,AI,1
2026-08-10 18:35:37,P055,19,,daily,male,33.png,REAL,REAL,1
2026-08-10 18:35:37,P055,19,,daily,male,34.png,REAL,REAL,1
2026-08-10 18:35:37,P055,19,,daily,male,35.png,AI,AI,1
2026-08-10 18:35:37,P055,19,,daily,male,36.jpg,REAL,REAL,1
2026-08-10 18:35:37,P055,19,,daily,male,37.mp4,AI,REAL,0
2026-08-10 18:35:37,P055,19,,daily,male,38.mp4,AI,AI,1
2026-08-10 18:48:33,P055,19,,daily,male,1.jpg,AI,AI,1
2026-08-10 18:48:33,P055,19,,daily,male,2.jpg,REAL,REAL,1
2026-08-10 18:48:33,P055,19,,daily,male,3.jpg,REAL,REAL,1
2026-08-10 18:48:33,P055,19,,daily,male,4.mp4,AI,AI,1
2026-08-10 18:48:33,P055,19,,daily,male,5.png,AI,AI,1
2026-08-10 18:48:33,P055,19,,daily,male,6.png,AI,AI,1
2026-08-10 18:48:33,P055,19,,daily,male,7.jpeg,REAL,REAL,1
2026-08-10 18:48:33,P055,19,,daily,male,8.avif,REAL,REAL,1
2026-08-10 18:48:33,P055,19,,daily,male,9.png,AI,AI,1
2026-08-10 18:48:33,P055,19,,daily,male,10.webp,REAL,REAL,1
2026-08-10 18:48:33,P055,19,,daily,male,11.jpg,REAL,REAL,1
2026-08-10 18:48:33,P055,19,,daily,male,12.png,REAL,AI,0
2026-08-10 18:48:33,P055,19,,daily,male,13.jpg,REAL,AI,0
2026-08-10 18:48:33,P055,19,,daily,male,14.mp4,AI,REAL,0
2026-08-10 18:48:33,P055,19,,daily,male,15.png,REAL,AI,0
2026-08-10 18:48:33,P055,19,,daily,male,16.mp4,REAL,REAL,1
2026-08-10 18:48:33,P055,19,,daily,male,17.mp4,AI,AI,1
2026-08-10 18:48:33,P055,19,,daily,male,18.png,AI,AI,1
2026-08-10 18:48:33,P055,19,,daily,male,19.png,REAL,REAL,1
2026-08-10 18:48:33,P055,19,,daily,male,20.png,REAL,AI,0
2026-08-10 18:48:33,P055,19,,daily,male,21.webp,REAL,AI,0
2026-08-10 18:48:33,P055,19,,daily,male,22.webp,REAL,REAL,1
2026-08-10 18:48:33,P055,19,,daily,male,23.jpg,AI,REAL,0
2026-08-10 18:48:33,P055,19,,daily,male,24.mp4,AI,AI,1
2026-08-10 18:48:33,P055,19,,daily,male,25.mov,REAL,REAL,1
2026-08-10 18:48:33,P055,19,,daily,male,26.mov,REAL,AI,0
2026-08-10 18:48:33,P055,19,,daily,male,27.jpeg,AI,AI,1
2026-08-10 18:48:33,P055,19,,daily,male,28.jpg,REAL,REAL,1
2026-08-10 18:48:33,P055,19,,daily,male,29.png,REAL,REAL,1
2026-08-10 18:48:33,P055,19,,daily,male,30.jpg,REAL,REAL,1
2026-08-10 18:48:33,P055,19,,daily,male,31.jpg,AI,AI,1
2026-08-10 18:48:33,P055,19,,daily,male,32.png,REAL,AI,0
2026-08-10 18:48:33,P055,19,,daily,male,33.png,REAL,REAL,1
2026-08-10 18:48:33,P055,19,,daily,male,34.png,REAL,REAL,1
2026-08-10 18:48:33,P055,19,,daily,male,35.png,AI,AI,1
2026-08-10 18:48:33,P055,19,,daily,male,36.jpg,REAL,REAL,1
2026-08-10 18:48:33,P055,19,,daily,male,37.mp4,REAL,REAL,1
2026-08-10 18:48:33,P055,19,,daily,male,38.mp4,AI,AI,1
2026-08-10 18:36:55,P056,62,,daily,male,1.jpg,REAL,AI,0
2026-08-10 18:36:55,P056,62,,daily,male,2.jpg,AI,REAL,0
2026-08-10 18:36:55,P056,62,,daily,male,3.jpg,AI,REAL,0
2026-08-10 18:36:55,P056,62,,daily,male,4.mp4,REAL,AI,0
2026-08-10 18:36:55,P056,62,,daily,male,5.png,REAL,AI,0
2026-08-10 18:36:55,P056,62,,daily,male,6.png,REAL,AI,0
2026-08-10 18:36:55,P056,62,,daily,male,7.jpeg,AI,REAL,0
2026-08-10 18:36:55,P056,62,,daily,male,8.avif,AI,REAL,0
2026-08-10 18:36:55,P056,62,,daily,male,9.png,REAL,AI,0
2026-08-10 18:36:55,P056,62,,daily,male,10.webp,AI,REAL,0
2026-08-10 18:36:55,P056,62,,daily,male,11.jpg,AI,REAL,0
2026-08-10 18:36:55,P056,62,,daily,male,12.png,REAL,AI,0
2026-08-10 18:36:55,P056,62,,daily,male,13.jpg,REAL,AI,0
2026-08-10 18:36:55,P056,62,,daily,male,14.mp4,REAL,REAL,1
2026-08-10 18:36:55,P056,62,,daily,male,15.png,REAL,AI,0
2026-08-10 18:36:55,P056,62,,daily,male,16.mp4,AI,REAL,0
2026-08-10 18:36:55,P056,62,,daily,male,17.mp4,AI,AI,1
2026-08-10 18:36:55,P056,62,,daily,male,18.png,REAL,AI,0
2026-08-10 18:36:55,P056,62,,daily,male,19.png,AI,REAL,0
2026-08-10 18:36:55,P056,62,,daily,male,20.png,REAL,AI,0
2026-08-10 18:36:55,P056,62,,daily,male,21.webp,AI,AI,1
2026-08-10 18:36:55,P056,62,,daily,male,22.webp,AI,REAL,0
2026-08-10 18:36:55,P056,62,,daily,male,23.jpg,REAL,REAL,1
2026-08-10 18:36:55,P056,62,,daily,male,24.mp4,REAL,AI,0
2026-08-10 18:36:55,P056,62,,daily,male,25.mov,REAL,REAL,1
2026-08-10 18:36:55,P056,62,,daily,male,26.mov,REAL,AI,0
2026-08-10 18:36:55,P056,62,,daily,male,27.jpeg,REAL,AI,0
2026-08-10 18:36:55,P056,62,,daily,male,28.jpg,REAL,REAL,1
2026-08-10 18:36:55,P056,62,,daily,male,29.png,AI,REAL,0
2026-08-10 18:36:55,P056,62,,daily,male,30.jpg,AI,REAL,0
2026-08-10 18:36:55,P056,62,,daily,male,31.jpg,AI,AI,1
2026-08-10 18:36:55,P056,62,,daily,male,32.png,REAL,AI,0
2026-08-10 18:36:55,P056,62,,daily,male,33.png,REAL,REAL,1
2026-08-10 18:36:55,P056,62,,daily,male,34.png,REAL,REAL,1
2026-08-10 18:36:55,P056,62,,daily,male,35.png,REAL,AI,0
2026-08-10 18:36:55,P056,62,,daily,male,36.jpg,REAL,REAL,1
2026-08-10 18:36:55,P056,62,,daily,male,37.mp4,AI,REAL,0
2026-08-10 18:36:55,P056,62,,daily,male,38.mp4,REAL,AI,0
2026-08-10 18:53:26,P057,51,,never,female,1.jpg,AI,AI,1
2026-08-10 18:53:26,P057,51,,never,female,2.jpg,REAL,REAL,1
2026-08-10 18:53:26,P057,51,,never,female,3.jpg,AI,REAL,0
2026-08-10 18:53:26,P057,51,,never,female,4.mp4,REAL,AI,0
2026-08-10 18:53:26,P057,51,,never,female,5.png,REAL,AI,0
2026-08-10 18:53:26,P057,51,,never,female,6.png,REAL,AI,0
2026-08-10 18:53:26,P057,51,,never,female,7.jpeg,REAL,REAL,1
2026-08-10 18:53:26,P057,51,,never,female,8.avif,AI,REAL,0
2026-08-10 18:53:26,P057,51,,never,female,9.png,REAL,AI,0
2026-08-10 18:53:26,P057,51,,never,female,10.webp,REAL,REAL,1
2026-08-10 18:53:26,P057,51,,never,female,11.jpg,REAL,REAL,1
2026-08-10 18:53:26,P057,51,,never,female,12.png,REAL,AI,0
2026-08-10 18:53:26,P057,51,,never,female,13.jpg,AI,AI,1
2026-08-10 18:53:26,P057,51,,never,female,14.mp4,REAL,REAL,1
2026-08-10 18:53:26,P057,51,,never,female,15.png,REAL,AI,0
2026-08-10 18:53:26,P057,51,,never,female,16.mp4,REAL,REAL,1
2026-08-10 18:53:26,P057,51,,never,female,17.mp4,REAL,AI,0
2026-08-10 18:53:26,P057,51,,never,female,18.png,REAL,AI,0
2026-08-10 18:53:26,P057,51,,never,female,19.png,REAL,REAL,1
2026-08-10 18:53:26,P057,51,,never,female,20.png,REAL,AI,0
2026-08-10 18:53:26,P057,51,,never,female,21.webp,REAL,AI,0
2026-08-10 18:53:26,P057,51,,never,female,22.webp,REAL,REAL,1
2026-08-10 18:53:26,P057,51,,never,female,23.jpg,REAL,REAL,1
2026-08-10 18:53:26,P057,51,,never,female,24.mp4,REAL,AI,0
2026-08-10 18:53:26,P057,51,,never,female,25.mov,REAL,REAL,1
2026-08-10 18:53:26,P057,51,,never,female,26.mov,REAL,AI,0
2026-08-10 18:53:26,P057,51,,never,female,27.jpeg,REAL,AI,0
2026-08-10 18:53:26,P057,51,,never,female,28.jpg,REAL,REAL,1
2026-08-10 18:53:26,P057,51,,never,female,29.png,REAL,REAL,1
2026-08-10 18:53:26,P057,51,,never,female,30.jpg,REAL,REAL,1
2026-08-10 18:53:26,P057,51,,never,female,31.jpg,AI,AI,1
2026-08-10 18:53:26,P057,51,,never,female,32.png,REAL,AI,0
2026-08-10 18:53:26,P057,51,,never,female,33.png,REAL,REAL,1
2026-08-10 18:53:26,P057,51,,never,female,34.png,REAL,REAL,1
2026-08-10 18:53:26,P057,51,,never,female,35.png,REAL,AI,0
2026-08-10 18:53:26,P057,51,,never,female,36.jpg,REAL,REAL,1
2026-08-10 18:53:26,P057,51,,never,female,37.mp4,REAL,REAL,1
2026-08-10 18:53:26,P057,51,,never,female,38.mp4,AI,AI,1
2026-08-10 18:56:48,P058,25,,daily,female,1.jpg,REAL,AI,0
2026-08-10 18:56:48,P058,25,,daily,female,2.jpg,REAL,REAL,1
2026-08-10 18:56:48,P058,25,,daily,female,3.jpg,REAL,REAL,1
2026-08-10 18:56:48,P058,25,,daily,female,4.mp4,REAL,AI,0
2026-08-10 18:56:48,P058,25,,daily,female,5.png,REAL,AI,0
2026-08-10 18:56:48,P058,25,,daily,female,6.png,REAL,AI,0
2026-08-10 18:56:48,P058,25,,daily,female,7.jpeg,REAL,REAL,1
2026-08-10 18:56:48,P058,25,,daily,female,8.avif,REAL,REAL,1
2026-08-10 18:56:48,P058,25,,daily,female,9.png,REAL,AI,0
2026-08-10 18:56:48,P058,25,,daily,female,10.webp,REAL,REAL,1
2026-08-10 18:56:48,P058,25,,daily,female,11.jpg,REAL,REAL,1
2026-08-10 18:56:48,P058,25,,daily,female,12.png,REAL,AI,0
2026-08-10 18:56:48,P058,25,,daily,female,13.jpg,REAL,AI,0
2026-08-10 18:56:48,P058,25,,daily,female,14.mp4,AI,REAL,0
2026-08-10 18:56:48,P058,25,,daily,female,15.png,REAL,AI,0
2026-08-10 18:56:48,P058,25,,daily,female,16.mp4,REAL,REAL,1
2026-08-10 18:56:48,P058,25,,daily,female,17.mp4,REAL,AI,0
2026-08-10 18:56:48,P058,25,,daily,female,18.png,REAL,AI,0
2026-08-10 18:56:48,P058,25,,daily,female,19.png,AI,REAL,0
2026-08-10 18:56:48,P058,25,,daily,female,20.png,REAL,AI,0
2026-08-10 18:56:48,P058,25,,daily,female,21.webp,REAL,AI,0
2026-08-10 18:56:48,P058,25,,daily,female,22.webp,REAL,REAL,1
2026-08-10 18:56:48,P058,25,,daily,female,23.jpg,REAL,REAL,1
2026-08-10 18:56:48,P058,25,,daily,female,24.mp4,AI,AI,1
2026-08-10 18:56:48,P058,25,,daily,female,25.mov,REAL,REAL,1
2026-08-10 18:56:48,P058,25,,daily,female,26.mov,REAL,AI,0
2026-08-10 18:56:48,P058,25,,daily,female,27.jpeg,REAL,AI,0
2026-08-10 18:56:48,P058,25,,daily,female,28.jpg,REAL,REAL,1
2026-08-10 18:56:48,P058,25,,daily,female,29.png,AI,REAL,0
2026-08-10 18:56:48,P058,25,,daily,female,30.jpg,REAL,REAL,1
2026-08-10 18:56:48,P058,25,,daily,female,31.jpg,AI,AI,1
2026-08-10 18:56:48,P058,25,,daily,female,32.png,REAL,AI,0
2026-08-10 18:56:48,P058,25,,daily,female,33.png,REAL,REAL,1
2026-08-10 18:56:48,P058,25,,daily,female,34.png,REAL,REAL,1
2026-08-10 18:56:48,P058,25,,daily,female,35.png,REAL,AI,0
2026-08-10 18:56:48,P058,25,,daily,female,36.jpg,REAL,REAL,1
2026-08-10 18:56:48,P058,25,,daily,female,37.mp4,AI,REAL,0
2026-08-10 18:56:48,P058,25,,daily,female,38.mp4,REAL,AI,0
2026-08-10 20:20:39,P058,49,,daily,female,1.jpg,AI,AI,1
2026-08-10 20:20:39,P058,49,,daily,female,2.jpg,REAL,REAL,1
2026-08-10 20:20:39,P058,49,,daily,female,3.jpg,REAL,REAL,1
2026-08-10 20:20:39,P058,49,,daily,female,4.mp4,AI,AI,1
2026-08-10 20:20:39,P058,49,,daily,female,5.png,REAL,AI,0
2026-08-10 20:20:39,P058,49,,daily,female,6.png,REAL,AI,0
2026-08-10 20:20:39,P058,49,,daily,female,7.jpeg,REAL,REAL,1
2026-08-10 20:20:39,P058,49,,daily,female,8.avif,REAL,REAL,1
2026-08-10 20:20:39,P058,49,,daily,female,9.png,REAL,AI,0
2026-08-10 20:20:39,P058,49,,daily,female,10.webp,REAL,REAL,1
2026-08-10 20:20:39,P058,49,,daily,female,11.jpg,AI,REAL,0
2026-08-10 20:20:39,P058,49,,daily,female,12.png,REAL,AI,0
2026-08-10 20:20:39,P058,49,,daily,female,13.jpg,REAL,AI,0
2026-08-10 20:20:39,P058,49,,daily,female,14.mp4,AI,REAL,0
2026-08-10 20:20:39,P058,49,,daily,female,15.png,AI,AI,1
2026-08-10 20:20:39,P058,49,,daily,female,16.mp4,REAL,REAL,1
2026-08-10 20:20:39,P058,49,,daily,female,17.mp4,REAL,AI,0
2026-08-10 20:20:39,P058,49,,daily,female,18.png,AI,AI,1
2026-08-10 20:20:39,P058,49,,daily,female,19.png,AI,REAL,0
2026-08-10 20:20:39,P058,49,,daily,female,20.png,REAL,AI,0
2026-08-10 20:20:39,P058,49,,daily,female,21.webp,REAL,AI,0
2026-08-10 20:20:39,P058,49,,daily,female,22.webp,REAL,REAL,1
2026-08-10 20:20:39,P058,49,,daily,female,23.jpg,REAL,REAL,1
2026-08-10 20:20:39,P058,49,,daily,female,24.mp4,REAL,AI,0
2026-08-10 20:20:39,P058,49,,daily,female,25.mov,AI,REAL,0
2026-08-10 20:20:39,P058,49,,daily,female,26.mov,AI,AI,1
2026-08-10 20:20:39,P058,49,,daily,female,27.jpeg,REAL,AI,0
2026-08-10 20:20:39,P058,49,,daily,female,28.jpg,REAL,REAL,1
2026-08-10 20:20:39,P058,49,,daily,female,29.png,REAL,REAL,1
2026-08-10 20:20:39,P058,49,,daily,female,30.jpg,REAL,REAL,1
2026-08-10 20:20:39,P058,49,,daily,female,31.jpg,AI,AI,1
2026-08-10 20:20:39,P058,49,,daily,female,32.png,REAL,AI,0
2026-08-10 20:20:39,P058,49,,daily,female,33.png,REAL,REAL,1
2026-08-10 20:20:39,P058,49,,daily,female,34.png,REAL,REAL,1
2026-08-10 20:20:39,P058,49,,daily,female,35.png,REAL,AI,0
2026-08-10 20:20:39,P058,49,,daily,female,36.jpg,REAL,REAL,1
2026-08-10 20:20:39,P058,49,,daily,female,37.mp4,REAL,REAL,1
2026-08-10 20:20:39,P058,49,,daily,female,38.mp4,AI,AI,1
2026-08-10 18:58:41,P059,45,,frequently,female,1.jpg,AI,AI,1
2026-08-10 18:58:41,P059,45,,frequently,female,2.jpg,REAL,REAL,1
2026-08-10 18:58:41,P059,45,,frequently,female,3.jpg,REAL,REAL,1
2026-08-10 18:58:41,P059,45,,frequently,female,4.mp4,REAL,AI,0
2026-08-10 18:58:41,P059,45,,frequently,female,5.png,REAL,AI,0
2026-08-10 18:58:41,P059,45,,frequently,female,6.png,REAL,AI,0
2026-08-10 18:58:41,P059,45,,frequently,female,7.jpeg,REAL,REAL,1
2026-08-10 18:58:41,P059,45,,frequently,female,8.avif,AI,REAL,0
2026-08-10 18:58:41,P059,45,,frequently,female,9.png,REAL,AI,0
2026-08-10 18:58:41,P059,45,,frequently,female,10.webp,REAL,REAL,1
2026-08-10 18:58:41,P059,45,,frequently,female,11.jpg,REAL,REAL,1
2026-08-10 18:58:41,P059,45,,frequently,female,12.png,REAL,AI,0
2026-08-10 18:58:41,P059,45,,frequently,female,13.jpg,REAL,AI,0
2026-08-10 18:58:41,P059,45,,frequently,female,14.mp4,AI,REAL,0
2026-08-10 18:58:41,P059,45,,frequently,female,15.png,AI,AI,1
2026-08-10 18:58:41,P059,45,,frequently,female,16.mp4,REAL,REAL,1
2026-08-10 18:58:41,P059,45,,frequently,female,17.mp4,AI,AI,1
2026-08-10 18:58:41,P059,45,,frequently,female,18.png,REAL,AI,0
2026-08-10 18:58:41,P059,45,,frequently,female,19.png,REAL,REAL,1
2026-08-10 18:58:41,P059,45,,frequently,female,20.png,REAL,AI,0
2026-08-10 18:58:41,P059,45,,frequently,female,21.webp,REAL,AI,0
2026-08-10 18:58:41,P059,45,,frequently,female,22.webp,AI,REAL,0
2026-08-10 18:58:41,P059,45,,frequently,female,23.jpg,REAL,REAL,1
2026-08-10 18:58:41,P059,45,,frequently,female,24.mp4,AI,AI,1
2026-08-10 18:58:41,P059,45,,frequently,female,25.mov,REAL,REAL,1
2026-08-10 18:58:41,P059,45,,frequently,female,26.mov,AI,AI,1
2026-08-10 18:58:41,P059,45,,frequently,female,27.jpeg,REAL,AI,0
2026-08-10 18:58:41,P059,45,,frequently,female,28.jpg,REAL,REAL,1
2026-08-10 18:58:41,P059,45,,frequently,female,29.png,AI,REAL,0
2026-08-10 18:58:41,P059,45,,frequently,female,30.jpg,AI,REAL,0
2026-08-10 18:58:41,P059,45,,frequently,female,31.jpg,AI,AI,1
2026-08-10 18:58:41,P059,45,,frequently,female,32.png,REAL,AI,0
2026-08-10 18:58:41,P059,45,,frequently,female,33.png,REAL,REAL,1
2026-08-10 18:58:41,P059,45,,frequently,female,34.png,REAL,REAL,1
2026-08-10 18:58:41,P059,45,,frequently,female,35.png,REAL,AI,0
2026-08-10 18:58:41,P059,45,,frequently,female,36.jpg,REAL,REAL,1
2026-08-10 18:58:41,P059,45,,frequently,female,37.mp4,AI,REAL,0
2026-08-10 18:58:41,P059,45,,frequently,female,38.mp4,REAL,AI,0
2026-08-10 18:58:49,P060,24,,daily,male,1.jpg,AI,AI,1
2026-08-10 18:58:49,P060,24,,daily,male,2.jpg,AI,REAL,0
2026-08-10 18:58:49,P060,24,,daily,male,3.jpg,AI,REAL,0
2026-08-10 18:58:49,P060,24,,daily,male,4.mp4,AI,AI,1
2026-08-10 18:58:49,P060,24,,daily,male,5.png,AI,AI,1
2026-08-10 18:58:49,P060,24,,daily,male,6.png,AI,AI,1
2026-08-10 18:58:49,P060,24,,daily,male,7.jpeg,AI,REAL,0
2026-08-10 18:58:49,P060,24,,daily,male,8.avif,AI,REAL,0
2026-08-10 18:58:49,P060,24,,daily,male,9.png,AI,AI,1
2026-08-10 18:58:49,P060,24,,daily,male,10.webp,AI,REAL,0
2026-08-10 18:58:49,P060,24,,daily,male,11.jpg,REAL,REAL,1
2026-08-10 18:58:49,P060,24,,daily,male,12.png,REAL,AI,0
2026-08-10 18:58:49,P060,24,,daily,male,13.jpg,AI,AI,1
2026-08-10 18:58:49,P060,24,,daily,male,14.mp4,AI,REAL,0
2026-08-10 18:58:49,P060,24,,daily,male,15.png,AI,AI,1
2026-08-10 18:58:49,P060,24,,daily,male,16.mp4,AI,REAL,0
2026-08-10 18:58:49,P060,24,,daily,male,17.mp4,AI,AI,1
2026-08-10 18:58:49,P060,24,,daily,male,18.png,AI,AI,1
2026-08-10 18:58:49,P060,24,,daily,male,19.png,AI,REAL,0
2026-08-10 18:58:49,P060,24,,daily,male,20.png,AI,AI,1
2026-08-10 18:58:49,P060,24,,daily,male,21.webp,AI,AI,1
2026-08-10 18:58:49,P060,24,,daily,male,22.webp,AI,REAL,0
2026-08-10 18:58:49,P060,24,,daily,male,23.jpg,AI,REAL,0
2026-08-10 18:58:49,P060,24,,daily,male,24.mp4,AI,AI,1
2026-08-10 18:58:49,P060,24,,daily,male,25.mov,REAL,REAL,1
2026-08-10 18:58:49,P060,24,,daily,male,26.mov,AI,AI,1
2026-08-10 18:58:49,P060,24,,daily,male,27.jpeg,AI,AI,1
2026-08-10 18:58:49,P060,24,,daily,male,28.jpg,AI,REAL,0
2026-08-10 18:58:49,P060,24,,daily,male,29.png,AI,REAL,0
2026-08-10 18:58:49,P060,24,,daily,male,30.jpg,REAL,REAL,1
2026-08-10 18:58:49,P060,24,,daily,male,31.jpg,AI,AI,1
2026-08-10 18:58:49,P060,24,,daily,male,32.png,AI,AI,1
2026-08-10 18:58:49,P060,24,,daily,male,33.png,AI,REAL,0
2026-08-10 18:58:49,P060,24,,daily,male,34.png,REAL,REAL,1
2026-08-10 18:58:49,P060,24,,daily,male,35.png,REAL,AI,0
2026-08-10 18:58:49,P060,24,,daily,male,36.jpg,AI,REAL,0
2026-08-10 18:58:49,P060,24,,daily,male,37.mp4,AI,REAL,0
2026-08-10 18:58:49,P060,24,,daily,male,38.mp4,AI,AI,1
2026-08-10 19:01:49,P061,22,,daily,female,1.jpg,AI,AI,1
2026-08-10 19:01:49,P061,22,,daily,female,2.jpg,REAL,REAL,1
2026-08-10 19:01:49,P061,22,,daily,female,3.jpg,REAL,REAL,1
2026-08-10 19:01:49,P061,22,,daily,female,4.mp4,REAL,AI,0
2026-08-10 19:01:49,P061,22,,daily,female,5.png,REAL,AI,0
2026-08-10 19:01:49,P061,22,,daily,female,6.png,REAL,AI,0
2026-08-10 19:01:49,P061,22,,daily,female,7.jpeg,REAL,REAL,1
2026-08-10 19:01:49,P061,22,,daily,female,8.avif,REAL,REAL,1
2026-08-10 19:01:49,P061,22,,daily,female,9.png,AI,AI,1
2026-08-10 19:01:49,P061,22,,daily,female,10.webp,REAL,REAL,1
2026-08-10 19:01:49,P061,22,,daily,female,11.jpg,REAL,REAL,1
2026-08-10 19:01:49,P061,22,,daily,female,12.png,REAL,AI,0
2026-08-10 19:01:49,P061,22,,daily,female,13.jpg,REAL,AI,0
2026-08-10 19:01:49,P061,22,,daily,female,14.mp4,AI,REAL,0
2026-08-10 19:01:49,P061,22,,daily,female,15.png,AI,AI,1
2026-08-10 19:01:49,P061,22,,daily,female,16.mp4,REAL,REAL,1
2026-08-10 19:01:49,P061,22,,daily,female,17.mp4,AI,AI,1
2026-08-10 19:01:49,P061,22,,daily,female,18.png,REAL,AI,0
2026-08-10 19:01:49,P061,22,,daily,female,19.png,AI,REAL,0
2026-08-10 19:01:49,P061,22,,daily,female,20.png,AI,AI,1
2026-08-10 19:01:49,P061,22,,daily,female,21.webp,REAL,AI,0
2026-08-10 19:01:49,P061,22,,daily,female,22.webp,REAL,REAL,1
2026-08-10 19:01:49,P061,22,,daily,female,23.jpg,REAL,REAL,1
2026-08-10 19:01:49,P061,22,,daily,female,24.mp4,REAL,AI,0
2026-08-10 19:01:49,P061,22,,daily,female,25.mov,AI,REAL,0
2026-08-10 19:01:49,P061,22,,daily,female,26.mov,REAL,AI,0
2026-08-10 19:01:49,P061,22,,daily,female,27.jpeg,REAL,AI,0
2026-08-10 19:01:49,P061,22,,daily,female,28.jpg,REAL,REAL,1
2026-08-10 19:01:49,P061,22,,daily,female,29.png,AI,REAL,0
2026-08-10 19:01:49,P061,22,,daily,female,30.jpg,REAL,REAL,1
2026-08-10 19:01:49,P061,22,,daily,female,31.jpg,AI,AI,1
2026-08-10 19:01:49,P061,22,,daily,female,32.png,REAL,AI,0
2026-08-10 19:01:49,P061,22,,daily,female,33.png,REAL,REAL,1
2026-08-10 19:01:49,P061,22,,daily,female,34.png,REAL,REAL,1
2026-08-10 19:01:49,P061,22,,daily,female,35.png,REAL,AI,0
2026-08-10 19:01:49,P061,22,,daily,female,36.jpg,AI,REAL,0
2026-08-10 19:01:49,P061,22,,daily,female,37.mp4,REAL,REAL,1
2026-08-10 19:01:49,P061,22,,daily,female,38.mp4,REAL,AI,0
2026-08-10 19:03:19,P062,25,,daily,male,1.jpg,REAL,AI,0
2026-08-10 19:03:19,P062,25,,daily,male,2.jpg,AI,REAL,0
2026-08-10 19:03:19,P062,25,,daily,male,3.jpg,REAL,REAL,1
2026-08-10 19:03:19,P062,25,,daily,male,4.mp4,REAL,AI,0
2026-08-10 19:03:19,P062,25,,daily,male,5.png,REAL,AI,0
2026-08-10 19:03:19,P062,25,,daily,male,6.png,AI,AI,1
2026-08-10 19:03:19,P062,25,,daily,male,7.jpeg,REAL,REAL,1
2026-08-10 19:03:19,P062,25,,daily,male,8.avif,REAL,REAL,1
2026-08-10 19:03:19,P062,25,,daily,male,9.png,AI,AI,1
2026-08-10 19:03:19,P062,25,,daily,male,10.webp,AI,REAL,0
2026-08-10 19:03:19,P062,25,,daily,male,11.jpg,REAL,REAL,1
2026-08-10 19:03:19,P062,25,,daily,male,12.png,REAL,AI,0
2026-08-10 19:03:19,P062,25,,daily,male,13.jpg,REAL,AI,0
2026-08-10 19:03:19,P062,25,,daily,male,14.mp4,AI,REAL,0
2026-08-10 19:03:19,P062,25,,daily,male,15.png,REAL,AI,0
2026-08-10 19:03:19,P062,25,,daily,male,16.mp4,AI,REAL,0
2026-08-10 19:03:19,P062,25,,daily,male,17.mp4,AI,AI,1
2026-08-10 19:03:19,P062,25,,daily,male,18.png,AI,AI,1
2026-08-10 19:03:19,P062,25,,daily,male,19.png,AI,REAL,0
2026-08-10 19:03:19,P062,25,,daily,male,20.png,REAL,AI,0
2026-08-10 19:03:19,P062,25,,daily,male,21.webp,REAL,AI,0
2026-08-10 19:03:19,P062,25,,daily,male,22.webp,REAL,REAL,1
2026-08-10 19:03:19,P062,25,,daily,male,23.jpg,REAL,REAL,1
2026-08-10 19:03:19,P062,25,,daily,male,24.mp4,AI,AI,1
2026-08-10 19:03:19,P062,25,,daily,male,25.mov,REAL,REAL,1
2026-08-10 19:03:19,P062,25,,daily,male,26.mov,AI,AI,1
2026-08-10 19:03:19,P062,25,,daily,male,27.jpeg,REAL,AI,0
2026-08-10 19:03:19,P062,25,,daily,male,28.jpg,REAL,REAL,1
2026-08-10 19:03:19,P062,25,,daily,male,29.png,AI,REAL,0
2026-08-10 19:03:19,P062,25,,daily,male,30.jpg,REAL,REAL,1
2026-08-10 19:03:19,P062,25,,daily,male,31.jpg,AI,AI,1
2026-08-10 19:03:19,P062,25,,daily,male,32.png,REAL,AI,0
2026-08-10 19:03:19,P062,25,,daily,male,33.png,REAL,REAL,1
2026-08-10 19:03:19,P062,25,,daily,male,34.png,REAL,REAL,1
2026-08-10 19:03:19,P062,25,,daily,male,35.png,REAL,AI,0
2026-08-10 19:03:19,P062,25,,daily,male,36.jpg,REAL,REAL,1
2026-08-10 19:03:19,P062,25,,daily,male,37.mp4,AI,REAL,0
2026-08-10 19:03:19,P062,25,,daily,male,38.mp4,AI,AI,1
2026-08-10 19:05:16,P063,19,,daily,female,1.jpg,AI,AI,1
2026-08-10 19:05:16,P063,19,,daily,female,2.jpg,REAL,REAL,1
2026-08-10 19:05:16,P063,19,,daily,female,3.jpg,REAL,REAL,1
2026-08-10 19:05:16,P063,19,,daily,female,4.mp4,REAL,AI,0
2026-08-10 19:05:16,P063,19,,daily,female,5.png,AI,AI,1
2026-08-10 19:05:16,P063,19,,daily,female,6.png,AI,AI,1
2026-08-10 19:05:16,P063,19,,daily,female,7.jpeg,REAL,REAL,1
2026-08-10 19:05:16,P063,19,,daily,female,8.avif,REAL,REAL,1
2026-08-10 19:05:16,P063,19,,daily,female,9.png,AI,AI,1
2026-08-10 19:05:16,P063,19,,daily,female,10.webp,AI,REAL,0
2026-08-10 19:05:16,P063,19,,daily,female,11.jpg,REAL,REAL,1
2026-08-10 19:05:16,P063,19,,daily,female,12.png,REAL,AI,0
2026-08-10 19:05:16,P063,19,,daily,female,13.jpg,REAL,AI,0
2026-08-10 19:05:16,P063,19,,daily,female,14.mp4,REAL,REAL,1
2026-08-10 19:05:16,P063,19,,daily,female,15.png,AI,AI,1
2026-08-10 19:05:16,P063,19,,daily,female,16.mp4,AI,REAL,0
2026-08-10 19:05:16,P063,19,,daily,female,17.mp4,AI,AI,1
2026-08-10 19:05:16,P063,19,,daily,female,18.png,AI,AI,1
2026-08-10 19:05:16,P063,19,,daily,female,19.png,AI,REAL,0
2026-08-10 19:05:16,P063,19,,daily,female,20.png,AI,AI,1
2026-08-10 19:05:16,P063,19,,daily,female,21.webp,REAL,AI,0
2026-08-10 19:05:16,P063,19,,daily,female,22.webp,AI,REAL,0
2026-08-10 19:05:16,P063,19,,daily,female,23.jpg,REAL,REAL,1
2026-08-10 19:05:16,P063,19,,daily,female,24.mp4,AI,AI,1
2026-08-10 19:05:16,P063,19,,daily,female,25.mov,REAL,REAL,1
2026-08-10 19:05:16,P063,19,,daily,female,26.mov,AI,AI,1
2026-08-10 19:05:16,P063,19,,daily,female,27.jpeg,AI,AI,1
2026-08-10 19:05:16,P063,19,,daily,female,28.jpg,REAL,REAL,1
2026-08-10 19:05:16,P063,19,,daily,female,29.png,REAL,REAL,1
2026-08-10 19:05:16,P063,19,,daily,female,30.jpg,REAL,REAL,1
2026-08-10 19:05:16,P063,19,,daily,female,31.jpg,AI,AI,1
2026-08-10 19:05:16,P063,19,,daily,female,32.png,REAL,AI,0
2026-08-10 19:05:16,P063,19,,daily,female,33.png,REAL,REAL,1
2026-08-10 19:05:16,P063,19,,daily,female,34.png,REAL,REAL,1
2026-08-10 19:05:16,P063,19,,daily,female,35.png,AI,AI,1
2026-08-10 19:05:16,P063,19,,daily,female,36.jpg,REAL,REAL,1
2026-08-10 19:05:16,P063,19,,daily,female,37.mp4,AI,REAL,0
2026-08-10 19:05:16,P063,19,,daily,female,38.mp4,AI,AI,1
2026-08-10 19:09:26,P064,12,,never,male,1.jpg,AI,AI,1
2026-08-10 19:09:26,P064,12,,never,male,2.jpg,AI,REAL,0
2026-08-10 19:09:26,P064,12,,never,male,3.jpg,REAL,REAL,1
2026-08-10 19:09:26,P064,12,,never,male,4.mp4,AI,AI,1
2026-08-10 19:09:26,P064,12,,never,male,5.png,REAL,AI,0
2026-08-10 19:09:26,P064,12,,never,male,6.png,REAL,AI,0
2026-08-10 19:09:26,P064,12,,never,male,7.jpeg,AI,REAL,0
2026-08-10 19:09:26,P064,12,,never,male,8.avif,REAL,REAL,1
2026-08-10 19:09:26,P064,12,,never,male,9.png,REAL,AI,0
2026-08-10 19:09:26,P064,12,,never,male,10.webp,REAL,REAL,1
2026-08-10 19:09:26,P064,12,,never,male,11.jpg,AI,REAL,0
2026-08-10 19:09:26,P064,12,,never,male,12.png,REAL,AI,0
2026-08-10 19:09:26,P064,12,,never,male,13.jpg,AI,AI,1
2026-08-10 19:09:26,P064,12,,never,male,14.mp4,REAL,REAL,1
2026-08-10 19:09:26,P064,12,,never,male,15.png,AI,AI,1
2026-08-10 19:09:26,P064,12,,never,male,16.mp4,REAL,REAL,1
2026-08-10 19:09:26,P064,12,,never,male,17.mp4,AI,AI,1
2026-08-10 19:09:26,P064,12,,never,male,18.png,AI,AI,1
2026-08-10 19:09:26,P064,12,,never,male,19.png,AI,REAL,0
2026-08-10 19:09:26,P064,12,,never,male,20.png,AI,AI,1
2026-08-10 19:09:26,P064,12,,never,male,21.webp,REAL,AI,0
2026-08-10 19:09:26,P064,12,,never,male,22.webp,REAL,REAL,1
2026-08-10 19:09:26,P064,12,,never,male,23.jpg,AI,REAL,0
2026-08-10 19:09:26,P064,12,,never,male,24.mp4,AI,AI,1
2026-08-10 19:09:26,P064,12,,never,male,25.mov,REAL,REAL,1
2026-08-10 19:09:26,P064,12,,never,male,26.mov,AI,AI,1
2026-08-10 19:09:26,P064,12,,never,male,27.jpeg,AI,AI,1
2026-08-10 19:09:26,P064,12,,never,male,28.jpg,REAL,REAL,1
2026-08-10 19:09:26,P064,12,,never,male,29.png,AI,REAL,0
2026-08-10 19:09:26,P064,12,,never,male,30.jpg,AI,REAL,0
2026-08-10 19:09:26,P064,12,,never,male,31.jpg,AI,AI,1
2026-08-10 19:09:26,P064,12,,never,male,32.png,REAL,AI,0
2026-08-10 19:09:26,P064,12,,never,male,33.png,REAL,REAL,1
2026-08-10 19:09:26,P064,12,,never,male,34.png,REAL,REAL,1
2026-08-10 19:09:26,P064,12,,never,male,35.png,REAL,AI,0
2026-08-10 19:09:26,P064,12,,never,male,36.jpg,AI,REAL,0
2026-08-10 19:09:26,P064,12,,never,male,37.mp4,AI,REAL,0
2026-08-10 19:09:26,P064,12,,never,male,38.mp4,AI,AI,1
2026-08-10 19:09:39,P065,27,,never,female,1.jpg,REAL,AI,0
2026-08-10 19:09:39,P065,27,,never,female,2.jpg,AI,REAL,0
2026-08-10 19:09:39,P065,27,,never,female,3.jpg,REAL,REAL,1
2026-08-10 19:09:39,P065,27,,never,female,4.mp4,REAL,AI,0
2026-08-10 19:09:39,P065,27,,never,female,5.png,AI,AI,1
2026-08-10 19:09:39,P065,27,,never,female,6.png,AI,AI,1
2026-08-10 19:09:39,P065,27,,never,female,7.jpeg,AI,REAL,0
2026-08-10 19:09:39,P065,27,,never,female,8.avif,AI,REAL,0
2026-08-10 19:09:39,P065,27,,never,female,9.png,AI,AI,1
2026-08-10 19:09:39,P065,27,,never,female,10.webp,AI,REAL,0
2026-08-10 19:09:39,P065,27,,never,female,11.jpg,AI,REAL,0
2026-08-10 19:09:39,P065,27,,never,female,12.png,REAL,AI,0
2026-08-10 19:09:39,P065,27,,never,female,13.jpg,AI,AI,1
2026-08-10 19:09:39,P065,27,,never,female,14.mp4,AI,REAL,0
2026-08-10 19:09:39,P065,27,,never,female,15.png,REAL,AI,0
2026-08-10 19:09:39,P065,27,,never,female,16.mp4,AI,REAL,0
2026-08-10 19:09:39,P065,27,,never,female,17.mp4,REAL,AI,0
2026-08-10 19:09:39,P065,27,,never,female,18.png,AI,AI,1
2026-08-10 19:09:39,P065,27,,never,female,19.png,AI,REAL,0
2026-08-10 19:09:39,P065,27,,never,female,20.png,AI,AI,1
2026-08-10 19:09:39,P065,27,,never,female,21.webp,REAL,AI,0
2026-08-10 19:09:39,P065,27,,never,female,22.webp,AI,REAL,0
2026-08-10 19:09:39,P065,27,,never,female,23.jpg,REAL,REAL,1
2026-08-10 19:09:39,P065,27,,never,female,24.mp4,AI,AI,1
2026-08-10 19:09:39,P065,27,,never,female,25.mov,REAL,REAL,1
2026-08-10 19:09:39,P065,27,,never,female,26.mov,AI,AI,1
2026-08-10 19:09:39,P065,27,,never,female,27.jpeg,REAL,AI,0
2026-08-10 19:09:39,P065,27,,never,female,28.jpg,REAL,REAL,1
2026-08-10 19:09:39,P065,27,,never,female,29.png,AI,REAL,0
2026-08-10 19:09:39,P065,27,,never,female,30.jpg,REAL,REAL,1
2026-08-10 19:09:39,P065,27,,never,female,31.jpg,AI,AI,1
2026-08-10 19:09:39,P065,27,,never,female,32.png,AI,AI,1
2026-08-10 19:09:39,P065,27,,never,female,33.png,REAL,REAL,1
2026-08-10 19:09:39,P065,27,,never,female,34.png,REAL,REAL,1
2026-08-10 19:09:39,P065,27,,never,female,35.png,REAL,AI,0
2026-08-10 19:09:39,P065,27,,never,female,36.jpg,REAL,REAL,1
2026-08-10 19:09:39,P065,27,,never,female,37.mp4,AI,REAL,0
2026-08-10 19:09:39,P065,27,,never,female,38.mp4,AI,AI,1
2026-08-10 19:11:21,P066,18,,daily,male,1.jpg,AI,AI,1
2026-08-10 19:11:21,P066,18,,daily,male,2.jpg,REAL,REAL,1
2026-08-10 19:11:21,P066,18,,daily,male,3.jpg,REAL,REAL,1
2026-08-10 19:11:21,P066,18,,daily,male,4.mp4,REAL,AI,0
2026-08-10 19:11:21,P066,18,,daily,male,5.png,AI,AI,1
2026-08-10 19:11:21,P066,18,,daily,male,6.png,AI,AI,1
2026-08-10 19:11:21,P066,18,,daily,male,7.jpeg,AI,REAL,0
2026-08-10 19:11:21,P066,18,,daily,male,8.avif,REAL,REAL,1
2026-08-10 19:11:21,P066,18,,daily,male,9.png,REAL,AI,0
2026-08-10 19:11:21,P066,18,,daily,male,10.webp,REAL,REAL,1
2026-08-10 19:11:21,P066,18,,daily,male,11.jpg,REAL,REAL,1
2026-08-10 19:11:21,P066,18,,daily,male,12.png,AI,AI,1
2026-08-10 19:11:21,P066,18,,daily,male,13.jpg,REAL,AI,0
2026-08-10 19:11:21,P066,18,,daily,male,14.mp4,AI,REAL,0
2026-08-10 19:11:21,P066,18,,daily,male,15.png,REAL,AI,0
2026-08-10 19:11:21,P066,18,,daily,male,16.mp4,REAL,REAL,1
2026-08-10 19:11:21,P066,18,,daily,male,17.mp4,AI,AI,1
2026-08-10 19:11:21,P066,18,,daily,male,18.png,AI,AI,1
2026-08-10 19:11:21,P066,18,,daily,male,19.png,AI,REAL,0
2026-08-10 19:11:21,P066,18,,daily,male,20.png,REAL,AI,0
2026-08-10 19:11:21,P066,18,,daily,male,21.webp,REAL,AI,0
2026-08-10 19:11:21,P066,18,,daily,male,22.webp,REAL,REAL,1
2026-08-10 19:11:21,P066,18,,daily,male,23.jpg,REAL,REAL,1
2026-08-10 19:11:21,P066,18,,daily,male,24.mp4,AI,AI,1
2026-08-10 19:11:21,P066,18,,daily,male,25.mov,AI,REAL,0
2026-08-10 19:11:21,P066,18,,daily,male,26.mov,REAL,AI,0
2026-08-10 19:11:21,P066,18,,daily,male,27.jpeg,REAL,AI,0
2026-08-10 19:11:21,P066,18,,daily,male,28.jpg,REAL,REAL,1
2026-08-10 19:11:21,P066,18,,daily,male,29.png,REAL,REAL,1
2026-08-10 19:11:21,P066,18,,daily,male,30.jpg,REAL,REAL,1
2026-08-10 19:11:21,P066,18,,daily,male,31.jpg,AI,AI,1
2026-08-10 19:11:21,P066,18,,daily,male,32.png,REAL,AI,0
2026-08-10 19:11:21,P066,18,,daily,male,33.png,REAL,REAL,1
2026-08-10 19:11:21,P066,18,,daily,male,34.png,REAL,REAL,1
2026-08-10 19:11:21,P066,18,,daily,male,35.png,AI,AI,1
2026-08-10 19:11:21,P066,18,,daily,male,36.jpg,AI,REAL,0
2026-08-10 19:11:21,P066,18,,daily,male,37.mp4,REAL,REAL,1
2026-08-10 19:11:21,P066,18,,daily,male,38.mp4,AI,AI,1
2026-08-10 19:17:40,P067,54,,frequently,female,1.jpg,REAL,AI,0
2026-08-10 19:17:40,P067,54,,frequently,female,2.jpg,REAL,REAL,1
2026-08-10 19:17:40,P067,54,,frequently,female,3.jpg,REAL,REAL,1
2026-08-10 19:17:40,P067,54,,frequently,female,4.mp4,REAL,AI,0
2026-08-10 19:17:40,P067,54,,frequently,female,5.png,REAL,AI,0
2026-08-10 19:17:40,P067,54,,frequently,female,6.png,REAL,AI,0
2026-08-10 19:17:40,P067,54,,frequently,female,7.jpeg,AI,REAL,0
2026-08-10 19:17:40,P067,54,,frequently,female,8.avif,AI,REAL,0
2026-08-10 19:17:40,P067,54,,frequently,female,9.png,REAL,AI,0
2026-08-10 19:17:40,P067,54,,frequently,female,10.webp,AI,REAL,0
2026-08-10 19:17:40,P067,54,,frequently,female,11.jpg,AI,REAL,0
2026-08-10 19:17:40,P067,54,,frequently,female,12.png,AI,AI,1
2026-08-10 19:17:40,P067,54,,frequently,female,13.jpg,REAL,AI,0
2026-08-10 19:17:40,P067,54,,frequently,female,14.mp4,AI,REAL,0
2026-08-10 19:17:40,P067,54,,frequently,female,15.png,REAL,AI,0
2026-08-10 19:17:40,P067,54,,frequently,female,16.mp4,AI,REAL,0
2026-08-10 19:17:40,P067,54,,frequently,female,17.mp4,REAL,AI,0
2026-08-10 19:17:40,P067,54,,frequently,female,18.png,REAL,AI,0
2026-08-10 19:17:40,P067,54,,frequently,female,19.png,AI,REAL,0
2026-08-10 19:17:40,P067,54,,frequently,female,20.png,AI,AI,1
2026-08-10 19:17:40,P067,54,,frequently,female,21.webp,REAL,AI,0
2026-08-10 19:17:40,P067,54,,frequently,female,22.webp,AI,REAL,0
2026-08-10 19:17:40,P067,54,,frequently,female,23.jpg,REAL,REAL,1
2026-08-10 19:17:40,P067,54,,frequently,female,24.mp4,REAL,AI,0
2026-08-10 19:17:40,P067,54,,frequently,female,25.mov,AI,REAL,0
2026-08-10 19:17:40,P067,54,,frequently,female,26.mov,REAL,AI,0
2026-08-10 19:17:40,P067,54,,frequently,female,27.jpeg,REAL,AI,0
2026-08-10 19:17:40,P067,54,,frequently,female,28.jpg,REAL,REAL,1
2026-08-10 19:17:40,P067,54,,frequently,female,29.png,AI,REAL,0
2026-08-10 19:17:40,P067,54,,frequently,female,30.jpg,AI,REAL,0
2026-08-10 19:17:40,P067,54,,frequently,female,31.jpg,REAL,AI,0
2026-08-10 19:17:40,P067,54,,frequently,female,32.png,REAL,AI,0
2026-08-10 19:17:40,P067,54,,frequently,female,33.png,REAL,REAL,1
2026-08-10 19:17:40,P067,54,,frequently,female,34.png,REAL,REAL,1
2026-08-10 19:17:40,P067,54,,frequently,female,35.png,REAL,AI,0
2026-08-10 19:17:40,P067,54,,frequently,female,36.jpg,AI,REAL,0
2026-08-10 19:17:40,P067,54,,frequently,female,37.mp4,AI,REAL,0
2026-08-10 19:17:40,P067,54,,frequently,female,38.mp4,REAL,AI,0
2026-08-10 19:21:38,P068,27,,daily,male,1.jpg,AI,AI,1
2026-08-10 19:21:38,P068,27,,daily,male,2.jpg,REAL,REAL,1
2026-08-10 19:21:38,P068,27,,daily,male,3.jpg,AI,REAL,0
2026-08-10 19:21:38,P068,27,,daily,male,4.mp4,REAL,AI,0
2026-08-10 19:21:38,P068,27,,daily,male,5.png,REAL,AI,0
2026-08-10 19:21:38,P068,27,,daily,male,6.png,AI,AI,1
2026-08-10 19:21:38,P068,27,,daily,male,7.jpeg,AI,REAL,0
2026-08-10 19:21:38,P068,27,,daily,male,8.avif,REAL,REAL,1
2026-08-10 19:21:38,P068,27,,daily,male,9.png,REAL,AI,0
2026-08-10 19:21:38,P068,27,,daily,male,10.webp,AI,REAL,0
2026-08-10 19:21:38,P068,27,,daily,male,11.jpg,AI,REAL,0
2026-08-10 19:21:38,P068,27,,daily,male,12.png,REAL,AI,0
2026-08-10 19:21:38,P068,27,,daily,male,13.jpg,REAL,AI,0
2026-08-10 19:21:38,P068,27,,daily,male,14.mp4,AI,REAL,0
2026-08-10 19:21:38,P068,27,,daily,male,15.png,AI,AI,1
2026-08-10 19:21:38,P068,27,,daily,male,16.mp4,AI,REAL,0
2026-08-10 19:21:38,P068,27,,daily,male,17.mp4,REAL,AI,0
2026-08-10 19:21:38,P068,27,,daily,male,18.png,AI,AI,1
2026-08-10 19:21:38,P068,27,,daily,male,19.png,AI,REAL,0
2026-08-10 19:21:38,P068,27,,daily,male,20.png,AI,AI,1
2026-08-10 19:21:38,P068,27,,daily,male,21.webp,REAL,AI,0
2026-08-10 19:21:38,P068,27,,daily,male,22.webp,REAL,REAL,1
2026-08-10 19:21:38,P068,27,,daily,male,23.jpg,REAL,REAL,1
2026-08-10 19:21:38,P068,27,,daily,male,24.mp4,REAL,AI,0
2026-08-10 19:21:38,P068,27,,daily,male,25.mov,REAL,REAL,1
2026-08-10 19:21:38,P068,27,,daily,male,26.mov,AI,AI,1
2026-08-10 19:21:38,P068,27,,daily,male,27.jpeg,REAL,AI,0
2026-08-10 19:21:38,P068,27,,daily,male,28.jpg,REAL,REAL,1
2026-08-10 19:21:38,P068,27,,daily,male,29.png,AI,REAL,0
2026-08-10 19:21:38,P068,27,,daily,male,30.jpg,AI,REAL,0
2026-08-10 19:21:38,P068,27,,daily,male,31.jpg,AI,AI,1
2026-08-10 19:21:38,P068,27,,daily,male,32.png,AI,AI,1
2026-08-10 19:21:38,P068,27,,daily,male,33.png,AI,REAL,0
2026-08-10 19:21:38,P068,27,,daily,male,34.png,REAL,REAL,1
2026-08-10 19:21:38,P068,27,,daily,male,35.png,AI,AI,1
2026-08-10 19:21:38,P068,27,,daily,male,36.jpg,REAL,REAL,1
2026-08-10 19:21:38,P068,27,,daily,male,37.mp4,REAL,REAL,1
2026-08-10 19:21:38,P068,27,,daily,male,38.mp4,AI,AI,1
2026-08-10 19:22:01,P069,44,,never,female,1.jpg,REAL,AI,0
2026-08-10 19:22:01,P069,44,,never,female,2.jpg,AI,REAL,0
2026-08-10 19:22:01,P069,44,,never,female,3.jpg,AI,REAL,0
2026-08-10 19:22:01,P069,44,,never,female,4.mp4,AI,AI,1
2026-08-10 19:22:01,P069,44,,never,female,5.png,REAL,AI,0
2026-08-10 19:22:01,P069,44,,never,female,6.png,AI,AI,1
2026-08-10 19:22:01,P069,44,,never,female,7.jpeg,AI,REAL,0
2026-08-10 19:22:01,P069,44,,never,female,8.avif,REAL,REAL,1
2026-08-10 19:22:01,P069,44,,never,female,9.png,REAL,AI,0
2026-08-10 19:22:01,P069,44,,never,female,10.webp,REAL,REAL,1
2026-08-10 19:22:01,P069,44,,never,female,11.jpg,AI,REAL,0
2026-08-10 19:22:01,P069,44,,never,female,12.png,AI,AI,1
2026-08-10 19:22:01,P069,44,,never,female,13.jpg,REAL,AI,0
2026-08-10 19:22:01,P069,44,,never,female,14.mp4,REAL,REAL,1
2026-08-10 19:22:01,P069,44,,never,female,15.png,AI,AI,1
2026-08-10 19:22:01,P069,44,,never,female,16.mp4,REAL,REAL,1
2026-08-10 19:22:01,P069,44,,never,female,17.mp4,REAL,AI,0
2026-08-10 19:22:01,P069,44,,never,female,18.png,REAL,AI,0
2026-08-10 19:22:01,P069,44,,never,female,19.png,AI,REAL,0
2026-08-10 19:22:01,P069,44,,never,female,20.png,REAL,AI,0
2026-08-10 19:22:01,P069,44,,never,female,21.webp,REAL,AI,0
2026-08-10 19:22:01,P069,44,,never,female,22.webp,REAL,REAL,1
2026-08-10 19:22:01,P069,44,,never,female,23.jpg,AI,REAL,0
2026-08-10 19:22:01,P069,44,,never,female,24.mp4,REAL,AI,0
2026-08-10 19:22:01,P069,44,,never,female,25.mov,AI,REAL,0
2026-08-10 19:22:01,P069,44,,never,female,26.mov,AI,AI,1
2026-08-10 19:22:01,P069,44,,never,female,27.jpeg,REAL,AI,0
2026-08-10 19:22:01,P069,44,,never,female,28.jpg,REAL,REAL,1
2026-08-10 19:22:01,P069,44,,never,female,29.png,AI,REAL,0
2026-08-10 19:22:01,P069,44,,never,female,30.jpg,REAL,REAL,1
2026-08-10 19:22:01,P069,44,,never,female,31.jpg,AI,AI,1
2026-08-10 19:22:01,P069,44,,never,female,32.png,REAL,AI,0
2026-08-10 19:22:01,P069,44,,never,female,33.png,REAL,REAL,1
2026-08-10 19:22:01,P069,44,,never,female,34.png,AI,REAL,0
2026-08-10 19:22:01,P069,44,,never,female,35.png,REAL,AI,0
2026-08-10 19:22:01,P069,44,,never,female,36.jpg,AI,REAL,0
2026-08-10 19:22:01,P069,44,,never,female,37.mp4,AI,REAL,0
2026-08-10 19:22:01,P069,44,,never,female,38.mp4,REAL,AI,0
2026-08-10 19:25:27,P070,43,,occasionally,male,1.jpg,REAL,AI,0
2026-08-10 19:25:27,P070,43,,occasionally,male,2.jpg,AI,REAL,0
2026-08-10 19:25:27,P070,43,,occasionally,male,3.jpg,AI,REAL,0
2026-08-10 19:25:27,P070,43,,occasionally,male,4.mp4,REAL,AI,0
2026-08-10 19:25:27,P070,43,,occasionally,male,5.png,REAL,AI,0
2026-08-10 19:25:27,P070,43,,occasionally,male,6.png,REAL,AI,0
2026-08-10 19:25:27,P070,43,,occasionally,male,7.jpeg,AI,REAL,0
2026-08-10 19:25:27,P070,43,,occasionally,male,8.avif,REAL,REAL,1
2026-08-10 19:25:27,P070,43,,occasionally,male,9.png,REAL,AI,0
2026-08-10 19:25:27,P070,43,,occasionally,male,10.webp,REAL,REAL,1
2026-08-10 19:25:27,P070,43,,occasionally,male,11.jpg,REAL,REAL,1
2026-08-10 19:25:27,P070,43,,occasionally,male,12.png,REAL,AI,0
2026-08-10 19:25:27,P070,43,,occasionally,male,13.jpg,REAL,AI,0
2026-08-10 19:25:27,P070,43,,occasionally,male,14.mp4,AI,REAL,0
2026-08-10 19:25:27,P070,43,,occasionally,male,15.png,AI,AI,1
2026-08-10 19:25:27,P070,43,,occasionally,male,16.mp4,AI,REAL,0
2026-08-10 19:25:27,P070,43,,occasionally,male,17.mp4,REAL,AI,0
2026-08-10 19:25:27,P070,43,,occasionally,male,18.png,REAL,AI,0
2026-08-10 19:25:27,P070,43,,occasionally,male,19.png,REAL,REAL,1
2026-08-10 19:25:27,P070,43,,occasionally,male,20.png,REAL,AI,0
2026-08-10 19:25:27,P070,43,,occasionally,male,21.webp,REAL,AI,0
2026-08-10 19:25:27,P070,43,,occasionally,male,22.webp,AI,REAL,0
2026-08-10 19:25:27,P070,43,,occasionally,male,23.jpg,REAL,REAL,1
2026-08-10 19:25:27,P070,43,,occasionally,male,24.mp4,AI,AI,1
2026-08-10 19:25:27,P070,43,,occasionally,male,25.mov,REAL,REAL,1
2026-08-10 19:25:27,P070,43,,occasionally,male,26.mov,AI,AI,1
2026-08-10 19:25:27,P070,43,,occasionally,male,27.jpeg,REAL,AI,0
2026-08-10 19:25:27,P070,43,,occasionally,male,28.jpg,REAL,REAL,1
2026-08-10 19:25:27,P070,43,,occasionally,male,29.png,REAL,REAL,1
2026-08-10 19:25:27,P070,43,,occasionally,male,30.jpg,REAL,REAL,1
2026-08-10 19:25:27,P070,43,,occasionally,male,31.jpg,REAL,AI,0
2026-08-10 19:25:27,P070,43,,occasionally,male,32.png,REAL,AI,0
2026-08-10 19:25:27,P070,43,,occasionally,male,33.png,REAL,REAL,1
2026-08-10 19:25:27,P070,43,,occasionally,male,34.png,REAL,REAL,1
2026-08-10 19:25:27,P070,43,,occasionally,male,35.png,REAL,AI,0
2026-08-10 19:25:27,P070,43,,occasionally,male,36.jpg,AI,REAL,0
2026-08-10 19:25:27,P070,43,,occasionally,male,37.mp4,REAL,REAL,1
2026-08-10 19:25:27,P070,43,,occasionally,male,38.mp4,REAL,AI,0
2026-08-10 19:25:28,P071,42,,daily,male,1.jpg,REAL,AI,0
2026-08-10 19:25:28,P071,42,,daily,male,2.jpg,AI,REAL,0
2026-08-10 19:25:28,P071,42,,daily,male,3.jpg,REAL,REAL,1
2026-08-10 19:25:28,P071,42,,daily,male,4.mp4,AI,AI,1
2026-08-10 19:25:28,P071,42,,daily,male,5.png,REAL,AI,0
2026-08-10 19:25:28,P071,42,,daily,male,6.png,AI,AI,1
2026-08-10 19:25:28,P071,42,,daily,male,7.jpeg,AI,REAL,0
2026-08-10 19:25:28,P071,42,,daily,male,8.avif,REAL,REAL,1
2026-08-10 19:25:28,P071,42,,daily,male,9.png,REAL,AI,0
2026-08-10 19:25:28,P071,42,,daily,male,10.webp,REAL,REAL,1
2026-08-10 19:25:28,P071,42,,daily,male,11.jpg,AI,REAL,0
2026-08-10 19:25:28,P071,42,,daily,male,12.png,AI,AI,1
2026-08-10 19:25:28,P071,42,,daily,male,13.jpg,AI,AI,1
2026-08-10 19:25:28,P071,42,,daily,male,14.mp4,AI,REAL,0
2026-08-10 19:25:28,P071,42,,daily,male,15.png,AI,AI,1
2026-08-10 19:25:28,P071,42,,daily,male,16.mp4,AI,REAL,0
2026-08-10 19:25:28,P071,42,,daily,male,17.mp4,AI,AI,1
2026-08-10 19:25:28,P071,42,,daily,male,18.png,AI,AI,1
2026-08-10 19:25:28,P071,42,,daily,male,19.png,AI,REAL,0
2026-08-10 19:25:28,P071,42,,daily,male,20.png,AI,AI,1
2026-08-10 19:25:28,P071,42,,daily,male,21.webp,REAL,AI,0
2026-08-10 19:25:28,P071,42,,daily,male,22.webp,AI,REAL,0
2026-08-10 19:25:28,P071,42,,daily,male,23.jpg,REAL,REAL,1
2026-08-10 19:25:28,P071,42,,daily,male,24.mp4,REAL,AI,0
2026-08-10 19:25:28,P071,42,,daily,male,25.mov,AI,REAL,0
2026-08-10 19:25:28,P071,42,,daily,male,26.mov,REAL,AI,0
2026-08-10 19:25:28,P071,42,,daily,male,27.jpeg,AI,AI,1
2026-08-10 19:25:28,P071,42,,daily,male,28.jpg,REAL,REAL,1
2026-08-10 19:25:28,P071,42,,daily,male,29.png,AI,REAL,0
2026-08-10 19:25:28,P071,42,,daily,male,30.jpg,AI,REAL,0
2026-08-10 19:25:28,P071,42,,daily,male,31.jpg,AI,AI,1
2026-08-10 19:25:28,P071,42,,daily,male,32.png,AI,AI,1
2026-08-10 19:25:28,P071,42,,daily,male,33.png,REAL,REAL,1
2026-08-10 19:25:28,P071,42,,daily,male,34.png,REAL,REAL,1
2026-08-10 19:25:28,P071,42,,daily,male,35.png,AI,AI,1
2026-08-10 19:25:28,P071,42,,daily,male,36.jpg,AI,REAL,0
2026-08-10 19:25:28,P071,42,,daily,male,37.mp4,AI,REAL,0
2026-08-10 19:25:28,P071,42,,daily,male,38.mp4,AI,AI,1
2026-08-10 19:41:12,P072,15,,daily,female,1.jpg,AI,AI,1
2026-08-10 19:41:12,P072,15,,daily,female,2.jpg,REAL,REAL,1
2026-08-10 19:41:12,P072,15,,daily,female,3.jpg,REAL,REAL,1
2026-08-10 19:41:12,P072,15,,daily,female,4.mp4,AI,AI,1
2026-08-10 19:41:12,P072,15,,daily,female,5.png,REAL,AI,0
2026-08-10 19:41:12,P072,15,,daily,female,6.png,REAL,AI,0
2026-08-10 19:41:12,P072,15,,daily,female,7.jpeg,REAL,REAL,1
2026-08-10 19:41:12,P072,15,,daily,female,8.avif,REAL,REAL,1
2026-08-10 19:41:12,P072,15,,daily,female,9.png,REAL,AI,0
2026-08-10 19:41:12,P072,15,,daily,female,10.webp,REAL,REAL,1
2026-08-10 19:41:12,P072,15,,daily,female,11.jpg,REAL,REAL,1
2026-08-10 19:41:12,P072,15,,daily,female,12.png,REAL,AI,0
2026-08-10 19:41:12,P072,15,,daily,female,13.jpg,REAL,AI,0
2026-08-10 19:41:12,P072,15,,daily,female,14.mp4,AI,REAL,0
2026-08-10 19:41:12,P072,15,,daily,female,15.png,REAL,AI,0
2026-08-10 19:41:12,P072,15,,daily,female,16.mp4,REAL,REAL,1
2026-08-10 19:41:12,P072,15,,daily,female,17.mp4,AI,AI,1
2026-08-10 19:41:12,P072,15,,daily,female,18.png,AI,AI,1
2026-08-10 19:41:12,P072,15,,daily,female,19.png,AI,REAL,0
2026-08-10 19:41:12,P072,15,,daily,female,20.png,AI,AI,1
2026-08-10 19:41:12,P072,15,,daily,female,21.webp,REAL,AI,0
2026-08-10 19:41:12,P072,15,,daily,female,22.webp,REAL,REAL,1
2026-08-10 19:41:12,P072,15,,daily,female,23.jpg,REAL,REAL,1
2026-08-10 19:41:12,P072,15,,daily,female,24.mp4,AI,AI,1
2026-08-10 19:41:12,P072,15,,daily,female,25.mov,AI,REAL,0
2026-08-10 19:41:12,P072,15,,daily,female,26.mov,AI,AI,1
2026-08-10 19:41:12,P072,15,,daily,female,27.jpeg,REAL,AI,0
2026-08-10 19:41:12,P072,15,,daily,female,28.jpg,REAL,REAL,1
2026-08-10 19:41:12,P072,15,,daily,female,29.png,REAL,REAL,1
2026-08-10 19:41:12,P072,15,,daily,female,30.jpg,REAL,REAL,1
2026-08-10 19:41:12,P072,15,,daily,female,31.jpg,AI,AI,1
2026-08-10 19:41:12,P072,15,,daily,female,32.png,REAL,AI,0
2026-08-10 19:41:12,P072,15,,daily,female,33.png,REAL,REAL,1
2026-08-10 19:41:12,P072,15,,daily,female,34.png,REAL,REAL,1
2026-08-10 19:41:12,P072,15,,daily,female,35.png,AI,AI,1
2026-08-10 19:41:12,P072,15,,daily,female,36.jpg,AI,REAL,0
2026-08-10 19:41:12,P072,15,,daily,female,37.mp4,REAL,REAL,1
2026-08-10 19:41:12,P072,15,,daily,female,38.mp4,AI,AI,1
2026-08-10 19:44:41,P073,13,,never,female,1.jpg,AI,AI,1
2026-08-10 19:44:41,P073,13,,never,female,2.jpg,REAL,REAL,1
2026-08-10 19:44:41,P073,13,,never,female,3.jpg,AI,REAL,0
2026-08-10 19:44:41,P073,13,,never,female,4.mp4,AI,AI,1
2026-08-10 19:44:41,P073,13,,never,female,5.png,AI,AI,1
2026-08-10 19:44:41,P073,13,,never,female,6.png,AI,AI,1
2026-08-10 19:44:41,P073,13,,never,female,7.jpeg,REAL,REAL,1
2026-08-10 19:44:41,P073,13,,never,female,8.avif,AI,REAL,0
2026-08-10 19:44:41,P073,13,,never,female,9.png,REAL,AI,0
2026-08-10 19:44:41,P073,13,,never,female,10.webp,REAL,REAL,1
2026-08-10 19:44:41,P073,13,,never,female,11.jpg,AI,REAL,0
2026-08-10 19:44:41,P073,13,,never,female,12.png,REAL,AI,0
2026-08-10 19:44:41,P073,13,,never,female,13.jpg,REAL,AI,0
2026-08-10 19:44:41,P073,13,,never,female,14.mp4,AI,REAL,0
2026-08-10 19:44:41,P073,13,,never,female,15.png,AI,AI,1
2026-08-10 19:44:41,P073,13,,never,female,16.mp4,REAL,REAL,1
2026-08-10 19:44:41,P073,13,,never,female,17.mp4,AI,AI,1
2026-08-10 19:44:41,P073,13,,never,female,18.png,AI,AI,1
2026-08-10 19:44:41,P073,13,,never,female,19.png,REAL,REAL,1
2026-08-10 19:44:41,P073,13,,never,female,20.png,AI,AI,1
2026-08-10 19:44:41,P073,13,,never,female,21.webp,REAL,AI,0
2026-08-10 19:44:41,P073,13,,never,female,22.webp,AI,REAL,0
2026-08-10 19:44:41,P073,13,,never,female,23.jpg,REAL,REAL,1
2026-08-10 19:44:41,P073,13,,never,female,24.mp4,AI,AI,1
2026-08-10 19:44:41,P073,13,,never,female,25.mov,AI,REAL,0
2026-08-10 19:44:41,P073,13,,never,female,26.mov,REAL,AI,0
2026-08-10 19:44:41,P073,13,,never,female,27.jpeg,REAL,AI,0
2026-08-10 19:44:41,P073,13,,never,female,28.jpg,AI,REAL,0
2026-08-10 19:44:41,P073,13,,never,female,29.png,AI,REAL,0
2026-08-10 19:44:41,P073,13,,never,female,30.jpg,AI,REAL,0
2026-08-10 19:44:41,P073,13,,never,female,31.jpg,REAL,AI,0
2026-08-10 19:44:41,P073,13,,never,female,32.png,REAL,AI,0
2026-08-10 19:44:41,P073,13,,never,female,33.png,REAL,REAL,1
2026-08-10 19:44:41,P073,13,,never,female,34.png,REAL,REAL,1
2026-08-10 19:44:41,P073,13,,never,female,35.png,REAL,AI,0
2026-08-10 19:44:41,P073,13,,never,female,36.jpg,REAL,REAL,1
2026-08-10 19:44:41,P073,13,,never,female,37.mp4,AI,REAL,0
2026-08-10 19:44:41,P073,13,,never,female,38.mp4,AI,AI,1
2026-08-10 19:47:58,P074,52,,occasionally,male,1.jpg,REAL,AI,0
2026-08-10 19:47:58,P074,52,,occasionally,male,2.jpg,REAL,REAL,1
2026-08-10 19:47:58,P074,52,,occasionally,male,3.jpg,REAL,REAL,1
2026-08-10 19:47:58,P074,52,,occasionally,male,4.mp4,REAL,AI,0
2026-08-10 19:47:58,P074,52,,occasionally,male,5.png,REAL,AI,0
2026-08-10 19:47:58,P074,52,,occasionally,male,6.png,REAL,AI,0
2026-08-10 19:47:58,P074,52,,occasionally,male,7.jpeg,AI,REAL,0
2026-08-10 19:47:58,P074,52,,occasionally,male,8.avif,AI,REAL,0
2026-08-10 19:47:58,P074,52,,occasionally,male,9.png,REAL,AI,0
2026-08-10 19:47:58,P074,52,,occasionally,male,10.webp,AI,REAL,0
2026-08-10 19:47:58,P074,52,,occasionally,male,11.jpg,AI,REAL,0
2026-08-10 19:47:58,P074,52,,occasionally,male,12.png,REAL,AI,0
2026-08-10 19:47:58,P074,52,,occasionally,male,13.jpg,REAL,AI,0
2026-08-10 19:47:58,P074,52,,occasionally,male,14.mp4,AI,REAL,0
2026-08-10 19:47:58,P074,52,,occasionally,male,15.png,AI,AI,1
2026-08-10 19:47:58,P074,52,,occasionally,male,16.mp4,REAL,REAL,1
2026-08-10 19:47:58,P074,52,,occasionally,male,17.mp4,REAL,AI,0
2026-08-10 19:47:58,P074,52,,occasionally,male,18.png,AI,AI,1
2026-08-10 19:47:58,P074,52,,occasionally,male,19.png,AI,REAL,0
2026-08-10 19:47:58,P074,52,,occasionally,male,20.png,AI,AI,1
2026-08-10 19:47:58,P074,52,,occasionally,male,21.webp,REAL,AI,0
2026-08-10 19:47:58,P074,52,,occasionally,male,22.webp,AI,REAL,0
2026-08-10 19:47:58,P074,52,,occasionally,male,23.jpg,REAL,REAL,1
2026-08-10 19:47:58,P074,52,,occasionally,male,24.mp4,REAL,AI,0
2026-08-10 19:47:58,P074,52,,occasionally,male,25.mov,REAL,REAL,1
2026-08-10 19:47:58,P074,52,,occasionally,male,26.mov,AI,AI,1
2026-08-10 19:47:58,P074,52,,occasionally,male,27.jpeg,AI,AI,1
2026-08-10 19:47:58,P074,52,,occasionally,male,28.jpg,REAL,REAL,1
2026-08-10 19:47:58,P074,52,,occasionally,male,29.png,AI,REAL,0
2026-08-10 19:47:58,P074,52,,occasionally,male,30.jpg,AI,REAL,0
2026-08-10 19:47:58,P074,52,,occasionally,male,31.jpg,REAL,AI,0
2026-08-10 19:47:58,P074,52,,occasionally,male,32.png,REAL,AI,0
2026-08-10 19:47:58,P074,52,,occasionally,male,33.png,AI,REAL,0
2026-08-10 19:47:58,P074,52,,occasionally,male,34.png,AI,REAL,0
2026-08-10 19:47:58,P074,52,,occasionally,male,35.png,REAL,AI,0
2026-08-10 19:47:58,P074,52,,occasionally,male,36.jpg,AI,REAL,0
2026-08-10 19:47:58,P074,52,,occasionally,male,37.mp4,AI,REAL,0
2026-08-10 19:47:58,P074,52,,occasionally,male,38.mp4,AI,AI,1
2026-08-10 19:49:01,P075,15,,daily,female,1.jpg,AI,AI,1
2026-08-10 19:49:01,P075,15,,daily,female,2.jpg,REAL,REAL,1
2026-08-10 19:49:01,P075,15,,daily,female,3.jpg,REAL,REAL,1
2026-08-10 19:49:01,P075,15,,daily,female,4.mp4,AI,AI,1
2026-08-10 19:49:01,P075,15,,daily,female,5.png,REAL,AI,0
2026-08-10 19:49:01,P075,15,,daily,female,6.png,REAL,AI,0
2026-08-10 19:49:01,P075,15,,daily,female,7.jpeg,AI,REAL,0
2026-08-10 19:49:01,P075,15,,daily,female,8.avif,REAL,REAL,1
2026-08-10 19:49:01,P075,15,,daily,female,9.png,REAL,AI,0
2026-08-10 19:49:01,P075,15,,daily,female,10.webp,REAL,REAL,1
2026-08-10 19:49:01,P075,15,,daily,female,11.jpg,REAL,REAL,1
2026-08-10 19:49:01,P075,15,,daily,female,12.png,REAL,AI,0
2026-08-10 19:49:01,P075,15,,daily,female,13.jpg,REAL,AI,0
2026-08-10 19:49:01,P075,15,,daily,female,14.mp4,AI,REAL,0
2026-08-10 19:49:01,P075,15,,daily,female,15.png,AI,AI,1
2026-08-10 19:49:01,P075,15,,daily,female,16.mp4,AI,REAL,0
2026-08-10 19:49:01,P075,15,,daily,female,17.mp4,AI,AI,1
2026-08-10 19:49:01,P075,15,,daily,female,18.png,AI,AI,1
2026-08-10 19:49:01,P075,15,,daily,female,19.png,REAL,REAL,1
2026-08-10 19:49:01,P075,15,,daily,female,20.png,REAL,AI,0
2026-08-10 19:49:01,P075,15,,daily,female,21.webp,REAL,AI,0
2026-08-10 19:49:01,P075,15,,daily,female,22.webp,REAL,REAL,1
2026-08-10 19:49:01,P075,15,,daily,female,23.jpg,REAL,REAL,1
2026-08-10 19:49:01,P075,15,,daily,female,24.mp4,AI,AI,1
2026-08-10 19:49:01,P075,15,,daily,female,25.mov,REAL,REAL,1
2026-08-10 19:49:01,P075,15,,daily,female,26.mov,REAL,AI,0
2026-08-10 19:49:01,P075,15,,daily,female,27.jpeg,REAL,AI,0
2026-08-10 19:49:01,P075,15,,daily,female,28.jpg,REAL,REAL,1
2026-08-10 19:49:01,P075,15,,daily,female,29.png,REAL,REAL,1
2026-08-10 19:49:01,P075,15,,daily,female,30.jpg,REAL,REAL,1
2026-08-10 19:49:01,P075,15,,daily,female,31.jpg,REAL,AI,0
2026-08-10 19:49:01,P075,15,,daily,female,32.png,REAL,AI,0
2026-08-10 19:49:01,P075,15,,daily,female,33.png,REAL,REAL,1
2026-08-10 19:49:01,P075,15,,daily,female,34.png,REAL,REAL,1
2026-08-10 19:49:01,P075,15,,daily,female,35.png,AI,AI,1
2026-08-10 19:49:01,P075,15,,daily,female,36.jpg,REAL,REAL,1
2026-08-10 19:49:01,P075,15,,daily,female,37.mp4,AI,REAL,0
2026-08-10 19:49:01,P075,15,,daily,female,38.mp4,AI,AI,1
2026-08-10 19:50:34,P076,10,,never,male,1.jpg,REAL,AI,0
2026-08-10 19:50:34,P076,10,,never,male,2.jpg,AI,REAL,0
2026-08-10 19:50:34,P076,10,,never,male,3.jpg,AI,REAL,0
2026-08-10 19:50:34,P076,10,,never,male,4.mp4,REAL,AI,0
2026-08-10 19:50:34,P076,10,,never,male,5.png,REAL,AI,0
2026-08-10 19:50:34,P076,10,,never,male,6.png,AI,AI,1
2026-08-10 19:50:34,P076,10,,never,male,7.jpeg,AI,REAL,0
2026-08-10 19:50:34,P076,10,,never,male,8.avif,AI,REAL,0
2026-08-10 19:50:34,P076,10,,never,male,9.png,REAL,AI,0
2026-08-10 19:50:34,P076,10,,never,male,10.webp,REAL,REAL,1
2026-08-10 19:50:34,P076,10,,never,male,11.jpg,AI,REAL,0
2026-08-10 19:50:34,P076,10,,never,male,12.png,REAL,AI,0
2026-08-10 19:50:34,P076,10,,never,male,13.jpg,REAL,AI,0
2026-08-10 19:50:34,P076,10,,never,male,14.mp4,AI,REAL,0
2026-08-10 19:50:34,P076,10,,never,male,15.png,AI,AI,1
2026-08-10 19:50:34,P076,10,,never,male,16.mp4,AI,REAL,0
2026-08-10 19:50:34,P076,10,,never,male,17.mp4,AI,AI,1
2026-08-10 19:50:34,P076,10,,never,male,18.png,REAL,AI,0
2026-08-10 19:50:34,P076,10,,never,male,19.png,AI,REAL,0
2026-08-10 19:50:34,P076,10,,never,male,20.png,REAL,AI,0
2026-08-10 19:50:34,P076,10,,never,male,21.webp,REAL,AI,0
2026-08-10 19:50:34,P076,10,,never,male,22.webp,REAL,REAL,1
2026-08-10 19:50:34,P076,10,,never,male,23.jpg,REAL,REAL,1
2026-08-10 19:50:34,P076,10,,never,male,24.mp4,AI,AI,1
2026-08-10 19:50:34,P076,10,,never,male,25.mov,REAL,REAL,1
2026-08-10 19:50:34,P076,10,,never,male,26.mov,AI,AI,1
2026-08-10 19:50:34,P076,10,,never,male,27.jpeg,REAL,AI,0
2026-08-10 19:50:34,P076,10,,never,male,28.jpg,REAL,REAL,1
2026-08-10 19:50:34,P076,10,,never,male,29.png,AI,REAL,0
2026-08-10 19:50:34,P076,10,,never,male,30.jpg,REAL,REAL,1
2026-08-10 19:50:34,P076,10,,never,male,31.jpg,AI,AI,1
2026-08-10 19:50:34,P076,10,,never,male,32.png,REAL,AI,0
2026-08-10 19:50:34,P076,10,,never,male,33.png,REAL,REAL,1
2026-08-10 19:50:34,P076,10,,never,male,34.png,REAL,REAL,1
2026-08-10 19:50:34,P076,10,,never,male,35.png,REAL,AI,0
2026-08-10 19:50:34,P076,10,,never,male,36.jpg,AI,REAL,0
2026-08-10 19:50:34,P076,10,,never,male,37.mp4,REAL,REAL,1
2026-08-10 19:50:34,P076,10,,never,male,38.mp4,AI,AI,1
2026-08-10 19:53:21,P077,55,,occasionally,female,1.jpg,AI,AI,1
2026-08-10 19:53:21,P077,55,,occasionally,female,2.jpg,REAL,REAL,1
2026-08-10 19:53:21,P077,55,,occasionally,female,3.jpg,REAL,REAL,1
2026-08-10 19:53:21,P077,55,,occasionally,female,4.mp4,REAL,AI,0
2026-08-10 19:53:21,P077,55,,occasionally,female,5.png,REAL,AI,0
2026-08-10 19:53:21,P077,55,,occasionally,female,6.png,REAL,AI,0
2026-08-10 19:53:21,P077,55,,occasionally,female,7.jpeg,AI,REAL,0
2026-08-10 19:53:21,P077,55,,occasionally,female,8.avif,REAL,REAL,1
2026-08-10 19:53:21,P077,55,,occasionally,female,9.png,REAL,AI,0
2026-08-10 19:53:21,P077,55,,occasionally,female,10.webp,AI,REAL,0
2026-08-10 19:53:21,P077,55,,occasionally,female,11.jpg,AI,REAL,0
2026-08-10 19:53:21,P077,55,,occasionally,female,12.png,REAL,AI,0
2026-08-10 19:53:21,P077,55,,occasionally,female,13.jpg,REAL,AI,0
2026-08-10 19:53:21,P077,55,,occasionally,female,14.mp4,REAL,REAL,1
2026-08-10 19:53:21,P077,55,,occasionally,female,15.png,AI,AI,1
2026-08-10 19:53:21,P077,55,,occasionally,female,16.mp4,REAL,REAL,1
2026-08-10 19:53:21,P077,55,,occasionally,female,17.mp4,REAL,AI,0
2026-08-10 19:53:21,P077,55,,occasionally,female,18.png,REAL,AI,0
2026-08-10 19:53:21,P077,55,,occasionally,female,19.png,AI,REAL,0
2026-08-10 19:53:21,P077,55,,occasionally,female,20.png,REAL,AI,0
2026-08-10 19:53:21,P077,55,,occasionally,female,21.webp,REAL,AI,0
2026-08-10 19:53:21,P077,55,,occasionally,female,22.webp,AI,REAL,0
2026-08-10 19:53:21,P077,55,,occasionally,female,23.jpg,REAL,REAL,1
2026-08-10 19:53:21,P077,55,,occasionally,female,24.mp4,REAL,AI,0
2026-08-10 19:53:21,P077,55,,occasionally,female,25.mov,REAL,REAL,1
2026-08-10 19:53:21,P077,55,,occasionally,female,26.mov,AI,AI,1
2026-08-10 19:53:21,P077,55,,occasionally,female,27.jpeg,REAL,AI,0
2026-08-10 19:53:21,P077,55,,occasionally,female,28.jpg,REAL,REAL,1
2026-08-10 19:53:21,P077,55,,occasionally,female,29.png,AI,REAL,0
2026-08-10 19:53:21,P077,55,,occasionally,female,30.jpg,REAL,REAL,1
2026-08-10 19:53:21,P077,55,,occasionally,female,31.jpg,AI,AI,1
2026-08-10 19:53:21,P077,55,,occasionally,female,32.png,REAL,AI,0
2026-08-10 19:53:21,P077,55,,occasionally,female,33.png,REAL,REAL,1
2026-08-10 19:53:21,P077,55,,occasionally,female,34.png,AI,REAL,0
2026-08-10 19:53:21,P077,55,,occasionally,female,35.png,REAL,AI,0
2026-08-10 19:53:21,P077,55,,occasionally,female,36.jpg,AI,REAL,0
2026-08-10 19:53:21,P077,55,,occasionally,female,37.mp4,REAL,REAL,1
2026-08-10 19:53:21,P077,55,,occasionally,female,38.mp4,REAL,AI,0
2026-08-10 19:54:28,P078,16,,daily,female,1.jpg,REAL,AI,0
2026-08-10 19:54:28,P078,16,,daily,female,2.jpg,REAL,REAL,1
2026-08-10 19:54:28,P078,16,,daily,female,3.jpg,REAL,REAL,1
2026-08-10 19:54:28,P078,16,,daily,female,4.mp4,REAL,AI,0
2026-08-10 19:54:28,P078,16,,daily,female,5.png,REAL,AI,0
2026-08-10 19:54:28,P078,16,,daily,female,6.png,REAL,AI,0
2026-08-10 19:54:28,P078,16,,daily,female,7.jpeg,REAL,REAL,1
2026-08-10 19:54:28,P078,16,,daily,female,8.avif,REAL,REAL,1
2026-08-10 19:54:28,P078,16,,daily,female,9.png,REAL,AI,0
2026-08-10 19:54:28,P078,16,,daily,female,10.webp,REAL,REAL,1
2026-08-10 19:54:28,P078,16,,daily,female,11.jpg,REAL,REAL,1
2026-08-10 19:54:28,P078,16,,daily,female,12.png,REAL,AI,0
2026-08-10 19:54:28,P078,16,,daily,female,13.jpg,REAL,AI,0
2026-08-10 19:54:28,P078,16,,daily,female,14.mp4,AI,REAL,0
2026-08-10 19:54:28,P078,16,,daily,female,15.png,AI,AI,1
2026-08-10 19:54:28,P078,16,,daily,female,16.mp4,AI,REAL,0
2026-08-10 19:54:28,P078,16,,daily,female,17.mp4,REAL,AI,0
2026-08-10 19:54:28,P078,16,,daily,female,18.png,AI,AI,1
2026-08-10 19:54:28,P078,16,,daily,female,19.png,AI,REAL,0
2026-08-10 19:54:28,P078,16,,daily,female,20.png,REAL,AI,0
2026-08-10 19:54:28,P078,16,,daily,female,21.webp,REAL,AI,0
2026-08-10 19:54:28,P078,16,,daily,female,22.webp,REAL,REAL,1
2026-08-10 19:54:28,P078,16,,daily,female,23.jpg,REAL,REAL,1
2026-08-10 19:54:28,P078,16,,daily,female,24.mp4,AI,AI,1
2026-08-10 19:54:28,P078,16,,daily,female,25.mov,REAL,REAL,1
2026-08-10 19:54:28,P078,16,,daily,female,26.mov,AI,AI,1
2026-08-10 19:54:28,P078,16,,daily,female,27.jpeg,REAL,AI,0
2026-08-10 19:54:28,P078,16,,daily,female,28.jpg,REAL,REAL,1
2026-08-10 19:54:28,P078,16,,daily,female,29.png,REAL,REAL,1
2026-08-10 19:54:28,P078,16,,daily,female,30.jpg,REAL,REAL,1
2026-08-10 19:54:28,P078,16,,daily,female,31.jpg,AI,AI,1
2026-08-10 19:54:28,P078,16,,daily,female,32.png,REAL,AI,0
2026-08-10 19:54:28,P078,16,,daily,female,33.png,AI,REAL,0
2026-08-10 19:54:28,P078,16,,daily,female,34.png,REAL,REAL,1
2026-08-10 19:54:28,P078,16,,daily,female,35.png,AI,AI,1
2026-08-10 19:54:28,P078,16,,daily,female,36.jpg,REAL,REAL,1
2026-08-10 19:54:28,P078,16,,daily,female,37.mp4,AI,REAL,0
2026-08-10 19:54:28,P078,16,,daily,female,38.mp4,AI,AI,1
2026-08-10 19:59:42,P079,55,,daily,female,1.jpg,AI,AI,1
2026-08-10 19:59:42,P079,55,,daily,female,2.jpg,REAL,REAL,1
2026-08-10 19:59:42,P079,55,,daily,female,3.jpg,AI,REAL,0
2026-08-10 19:59:42,P079,55,,daily,female,4.mp4,REAL,AI,0
2026-08-10 19:59:42,P079,55,,daily,female,5.png,REAL,AI,0
2026-08-10 19:59:42,P079,55,,daily,female,6.png,REAL,AI,0
2026-08-10 19:59:42,P079,55,,daily,female,7.jpeg,AI,REAL,0
2026-08-10 19:59:42,P079,55,,daily,female,8.avif,REAL,REAL,1
2026-08-10 19:59:42,P079,55,,daily,female,9.png,AI,AI,1
2026-08-10 19:59:42,P079,55,,daily,female,10.webp,REAL,REAL,1
2026-08-10 19:59:42,P079,55,,daily,female,11.jpg,AI,REAL,0
2026-08-10 19:59:42,P079,55,,daily,female,12.png,REAL,AI,0
2026-08-10 19:59:42,P079,55,,daily,female,13.jpg,REAL,AI,0
2026-08-10 19:59:42,P079,55,,daily,female,14.mp4,AI,REAL,0
2026-08-10 19:59:42,P079,55,,daily,female,15.png,REAL,AI,0
2026-08-10 19:59:42,P079,55,,daily,female,16.mp4,AI,REAL,0
2026-08-10 19:59:42,P079,55,,daily,female,17.mp4,REAL,AI,0
2026-08-10 19:59:42,P079,55,,daily,female,18.png,REAL,AI,0
2026-08-10 19:59:42,P079,55,,daily,female,19.png,REAL,REAL,1
2026-08-10 19:59:42,P079,55,,daily,female,20.png,REAL,AI,0
2026-08-10 19:59:42,P079,55,,daily,female,21.webp,REAL,AI,0
2026-08-10 19:59:42,P079,55,,daily,female,22.webp,AI,REAL,0
2026-08-10 19:59:42,P079,55,,daily,female,23.jpg,REAL,REAL,1
2026-08-10 19:59:42,P079,55,,daily,female,24.mp4,REAL,AI,0
2026-08-10 19:59:42,P079,55,,daily,female,25.mov,REAL,REAL,1
2026-08-10 19:59:42,P079,55,,daily,female,26.mov,REAL,AI,0
2026-08-10 19:59:42,P079,55,,daily,female,27.jpeg,REAL,AI,0
2026-08-10 19:59:42,P079,55,,daily,female,28.jpg,REAL,REAL,1
2026-08-10 19:59:42,P079,55,,daily,female,29.png,REAL,REAL,1
2026-08-10 19:59:42,P079,55,,daily,female,30.jpg,REAL,REAL,1
2026-08-10 19:59:42,P079,55,,daily,female,31.jpg,REAL,AI,0
2026-08-10 19:59:42,P079,55,,daily,female,32.png,REAL,AI,0
2026-08-10 19:59:42,P079,55,,daily,female,33.png,REAL,REAL,1
2026-08-10 19:59:42,P079,55,,daily,female,34.png,REAL,REAL,1
2026-08-10 19:59:42,P079,55,,daily,female,35.png,REAL,AI,0
2026-08-10 19:59:42,P079,55,,daily,female,36.jpg,REAL,REAL,1
2026-08-10 19:59:42,P079,55,,daily,female,37.mp4,AI,REAL,0
2026-08-10 19:59:42,P079,55,,daily,female,38.mp4,REAL,AI,0
2026-08-10 20:01:05,P080,20,,daily,female,1.jpg,REAL,AI,0
2026-08-10 20:01:05,P080,20,,daily,female,2.jpg,AI,REAL,0
2026-08-10 20:01:05,P080,20,,daily,female,3.jpg,AI,REAL,0
2026-08-10 20:01:05,P080,20,,daily,female,4.mp4,AI,AI,1
2026-08-10 20:01:05,P080,20,,daily,female,5.png,REAL,AI,0
2026-08-10 20:01:05,P080,20,,daily,female,6.png,REAL,AI,0
2026-08-10 20:01:05,P080,20,,daily,female,7.jpeg,AI,REAL,0
2026-08-10 20:01:05,P080,20,,daily,female,8.avif,AI,REAL,0
2026-08-10 20:01:05,P080,20,,daily,female,9.png,REAL,AI,0
2026-08-10 20:01:05,P080,20,,daily,female,10.webp,REAL,REAL,1
2026-08-10 20:01:05,P080,20,,daily,female,11.jpg,REAL,REAL,1
2026-08-10 20:01:05,P080,20,,daily,female,12.png,REAL,AI,0
2026-08-10 20:01:05,P080,20,,daily,female,13.jpg,REAL,AI,0
2026-08-10 20:01:05,P080,20,,daily,female,14.mp4,AI,REAL,0
2026-08-10 20:01:05,P080,20,,daily,female,15.png,AI,AI,1
2026-08-10 20:01:05,P080,20,,daily,female,16.mp4,REAL,REAL,1
2026-08-10 20:01:05,P080,20,,daily,female,17.mp4,AI,AI,1
2026-08-10 20:01:05,P080,20,,daily,female,18.png,AI,AI,1
2026-08-10 20:01:05,P080,20,,daily,female,19.png,AI,REAL,0
2026-08-10 20:01:05,P080,20,,daily,female,20.png,AI,AI,1
2026-08-10 20:01:05,P080,20,,daily,female,21.webp,REAL,AI,0
2026-08-10 20:01:05,P080,20,,daily,female,22.webp,AI,REAL,0
2026-08-10 20:01:05,P080,20,,daily,female,23.jpg,REAL,REAL,1
2026-08-10 20:01:05,P080,20,,daily,female,24.mp4,AI,AI,1
2026-08-10 20:01:05,P080,20,,daily,female,25.mov,REAL,REAL,1
2026-08-10 20:01:05,P080,20,,daily,female,26.mov,REAL,AI,0
2026-08-10 20:01:05,P080,20,,daily,female,27.jpeg,REAL,AI,0
2026-08-10 20:01:05,P080,20,,daily,female,28.jpg,REAL,REAL,1
2026-08-10 20:01:05,P080,20,,daily,female,29.png,REAL,REAL,1
2026-08-10 20:01:05,P080,20,,daily,female,30.jpg,REAL,REAL,1
2026-08-10 20:01:05,P080,20,,daily,female,31.jpg,AI,AI,1
2026-08-10 20:01:05,P080,20,,daily,female,32.png,AI,AI,1
2026-08-10 20:01:05,P080,20,,daily,female,33.png,REAL,REAL,1
2026-08-10 20:01:05,P080,20,,daily,female,34.png,REAL,REAL,1
2026-08-10 20:01:05,P080,20,,daily,female,35.png,REAL,AI,0
2026-08-10 20:01:05,P080,20,,daily,female,36.jpg,REAL,REAL,1
2026-08-10 20:01:05,P080,20,,daily,female,37.mp4,AI,REAL,0
2026-08-10 20:01:05,P080,20,,daily,female,38.mp4,AI,AI,1
2026-08-10 20:02:57,P081,17,,daily,female,1.jpg,REAL,AI,0
2026-08-10 20:02:57,P081,17,,daily,female,2.jpg,REAL,REAL,1
2026-08-10 20:02:57,P081,17,,daily,female,3.jpg,REAL,REAL,1
2026-08-10 20:02:57,P081,17,,daily,female,4.mp4,AI,AI,1
2026-08-10 20:02:57,P081,17,,daily,female,5.png,REAL,AI,0
2026-08-10 20:02:57,P081,17,,daily,female,6.png,REAL,AI,0
2026-08-10 20:02:57,P081,17,,daily,female,7.jpeg,AI,REAL,0
2026-08-10 20:02:57,P081,17,,daily,female,8.avif,AI,REAL,0
2026-08-10 20:02:57,P081,17,,daily,female,9.png,REAL,AI,0
2026-08-10 20:02:57,P081,17,,daily,female,10.webp,REAL,REAL,1
2026-08-10 20:02:57,P081,17,,daily,female,11.jpg,AI,REAL,0
2026-08-10 20:02:57,P081,17,,daily,female,12.png,REAL,AI,0
2026-08-10 20:02:57,P081,17,,daily,female,13.jpg,REAL,AI,0
2026-08-10 20:02:57,P081,17,,daily,female,14.mp4,AI,REAL,0
2026-08-10 20:02:57,P081,17,,daily,female,15.png,AI,AI,1
2026-08-10 20:02:57,P081,17,,daily,female,16.mp4,AI,REAL,0
2026-08-10 20:02:57,P081,17,,daily,female,17.mp4,AI,AI,1
2026-08-10 20:02:57,P081,17,,daily,female,18.png,AI,AI,1
2026-08-10 20:02:57,P081,17,,daily,female,19.png,AI,REAL,0
2026-08-10 20:02:57,P081,17,,daily,female,20.png,REAL,AI,0
2026-08-10 20:02:57,P081,17,,daily,female,21.webp,REAL,AI,0
2026-08-10 20:02:57,P081,17,,daily,female,22.webp,AI,REAL,0
2026-08-10 20:02:57,P081,17,,daily,female,23.jpg,REAL,REAL,1
2026-08-10 20:02:57,P081,17,,daily,female,24.mp4,AI,AI,1
2026-08-10 20:02:57,P081,17,,daily,female,25.mov,AI,REAL,0
2026-08-10 20:02:57,P081,17,,daily,female,26.mov,AI,AI,1
2026-08-10 20:02:57,P081,17,,daily,female,27.jpeg,REAL,AI,0
2026-08-10 20:02:57,P081,17,,daily,female,28.jpg,REAL,REAL,1
2026-08-10 20:02:57,P081,17,,daily,female,29.png,REAL,REAL,1
2026-08-10 20:02:57,P081,17,,daily,female,30.jpg,REAL,REAL,1
2026-08-10 20:02:57,P081,17,,daily,female,31.jpg,AI,AI,1
2026-08-10 20:02:57,P081,17,,daily,female,32.png,REAL,AI,0
2026-08-10 20:02:57,P081,17,,daily,female,33.png,REAL,REAL,1
2026-08-10 20:02:57,P081,17,,daily,female,34.png,REAL,REAL,1
2026-08-10 20:02:57,P081,17,,daily,female,35.png,AI,AI,1
2026-08-10 20:02:57,P081,17,,daily,female,36.jpg,REAL,REAL,1
2026-08-10 20:02:57,P081,17,,daily,female,37.mp4,AI,REAL,0
2026-08-10 20:02:57,P081,17,,daily,female,38.mp4,AI,AI,1
2026-08-10 20:08:27,P082,18,,daily,male,1.jpg,REAL,AI,0
2026-08-10 20:08:27,P082,18,,daily,male,2.jpg,REAL,REAL,1
2026-08-10 20:08:27,P082,18,,daily,male,3.jpg,REAL,REAL,1
2026-08-10 20:08:27,P082,18,,daily,male,4.mp4,REAL,AI,0
2026-08-10 20:08:27,P082,18,,daily,male,5.png,AI,AI,1
2026-08-10 20:08:27,P082,18,,daily,male,6.png,REAL,AI,0
2026-08-10 20:08:27,P082,18,,daily,male,7.jpeg,AI,REAL,0
2026-08-10 20:08:27,P082,18,,daily,male,8.avif,REAL,REAL,1
2026-08-10 20:08:27,P082,18,,daily,male,9.png,AI,AI,1
2026-08-10 20:08:27,P082,18,,daily,male,10.webp,REAL,REAL,1
2026-08-10 20:08:27,P082,18,,daily,male,11.jpg,AI,REAL,0
2026-08-10 20:08:27,P082,18,,daily,male,12.png,REAL,AI,0
2026-08-10 20:08:27,P082,18,,daily,male,13.jpg,REAL,AI,0
2026-08-10 20:08:27,P082,18,,daily,male,14.mp4,REAL,REAL,1
2026-08-10 20:08:27,P082,18,,daily,male,15.png,AI,AI,1
2026-08-10 20:08:27,P082,18,,daily,male,16.mp4,REAL,REAL,1
2026-08-10 20:08:27,P082,18,,daily,male,17.mp4,REAL,AI,0
2026-08-10 20:08:27,P082,18,,daily,male,18.png,AI,AI,1
2026-08-10 20:08:27,P082,18,,daily,male,19.png,AI,REAL,0
2026-08-10 20:08:27,P082,18,,daily,male,20.png,REAL,AI,0
2026-08-10 20:08:27,P082,18,,daily,male,21.webp,AI,AI,1
2026-08-10 20:08:27,P082,18,,daily,male,22.webp,AI,REAL,0
2026-08-10 20:08:27,P082,18,,daily,male,23.jpg,AI,REAL,0
2026-08-10 20:08:27,P082,18,,daily,male,24.mp4,AI,AI,1
2026-08-10 20:08:27,P082,18,,daily,male,25.mov,AI,REAL,0
2026-08-10 20:08:27,P082,18,,daily,male,26.mov,AI,AI,1
2026-08-10 20:08:27,P082,18,,daily,male,27.jpeg,AI,AI,1
2026-08-10 20:08:27,P082,18,,daily,male,28.jpg,AI,REAL,0
2026-08-10 20:08:27,P082,18,,daily,male,29.png,REAL,REAL,1
2026-08-10 20:08:27,P082,18,,daily,male,30.jpg,AI,REAL,0
2026-08-10 20:08:27,P082,18,,daily,male,31.jpg,AI,AI,1
2026-08-10 20:08:27,P082,18,,daily,male,32.png,AI,AI,1
2026-08-10 20:08:27,P082,18,,daily,male,33.png,REAL,REAL,1
2026-08-10 20:08:27,P082,18,,daily,male,34.png,REAL,REAL,1
2026-08-10 20:08:27,P082,18,,daily,male,35.png,AI,AI,1
2026-08-10 20:08:27,P082,18,,daily,male,36.jpg,AI,REAL,0
2026-08-10 20:08:27,P082,18,,daily,male,37.mp4,AI,REAL,0
2026-08-10 20:08:27,P082,18,,daily,male,38.mp4,AI,AI,1
2026-08-10 20:08:39,P083,44,,daily,female,1.jpg,REAL,AI,0
2026-08-10 20:08:39,P083,44,,daily,female,2.jpg,REAL,REAL,1
2026-08-10 20:08:39,P083,44,,daily,female,3.jpg,AI,REAL,0
2026-08-10 20:08:39,P083,44,,daily,female,4.mp4,AI,AI,1
2026-08-10 20:08:39,P083,44,,daily,female,5.png,AI,AI,1
2026-08-10 20:08:39,P083,44,,daily,female,6.png,AI,AI,1
2026-08-10 20:08:39,P083,44,,daily,female,7.jpeg,AI,REAL,0
2026-08-10 20:08:39,P083,44,,daily,female,8.avif,AI,REAL,0
2026-08-10 20:08:39,P083,44,,daily,female,9.png,REAL,AI,0
2026-08-10 20:08:39,P083,44,,daily,female,10.webp,AI,REAL,0
2026-08-10 20:08:39,P083,44,,daily,female,11.jpg,AI,REAL,0
2026-08-10 20:08:39,P083,44,,daily,female,12.png,REAL,AI,0
2026-08-10 20:08:39,P083,44,,daily,female,13.jpg,REAL,AI,0
2026-08-10 20:08:39,P083,44,,daily,female,14.mp4,REAL,REAL,1
2026-08-10 20:08:39,P083,44,,daily,female,15.png,AI,AI,1
2026-08-10 20:08:39,P083,44,,daily,female,16.mp4,REAL,REAL,1
2026-08-10 20:08:39,P083,44,,daily,female,17.mp4,AI,AI,1
2026-08-10 20:08:39,P083,44,,daily,female,18.png,AI,AI,1
2026-08-10 20:08:39,P083,44,,daily,female,19.png,AI,REAL,0
2026-08-10 20:08:39,P083,44,,daily,female,20.png,REAL,AI,0
2026-08-10 20:08:39,P083,44,,daily,female,21.webp,REAL,AI,0
2026-08-10 20:08:39,P083,44,,daily,female,22.webp,AI,REAL,0
2026-08-10 20:08:39,P083,44,,daily,female,23.jpg,REAL,REAL,1
2026-08-10 20:08:39,P083,44,,daily,female,24.mp4,AI,AI,1
2026-08-10 20:08:39,P083,44,,daily,female,25.mov,AI,REAL,0
2026-08-10 20:08:39,P083,44,,daily,female,26.mov,REAL,AI,0
2026-08-10 20:08:39,P083,44,,daily,female,27.jpeg,REAL,AI,0
2026-08-10 20:08:39,P083,44,,daily,female,28.jpg,REAL,REAL,1
2026-08-10 20:08:39,P083,44,,daily,female,29.png,AI,REAL,0
2026-08-10 20:08:39,P083,44,,daily,female,30.jpg,AI,REAL,0
2026-08-10 20:08:39,P083,44,,daily,female,31.jpg,AI,AI,1
2026-08-10 20:08:39,P083,44,,daily,female,32.png,REAL,AI,0
2026-08-10 20:08:39,P083,44,,daily,female,33.png,REAL,REAL,1
2026-08-10 20:08:39,P083,44,,daily,female,34.png,AI,REAL,0
2026-08-10 20:08:39,P083,44,,daily,female,35.png,REAL,AI,0
2026-08-10 20:08:39,P083,44,,daily,female,36.jpg,AI,REAL,0
2026-08-10 20:08:39,P083,44,,daily,female,37.mp4,AI,REAL,0
2026-08-10 20:08:39,P083,44,,daily,female,38.mp4,REAL,AI,0
2026-08-10 20:14:08,P084,31,,daily,female,1.jpg,AI,AI,1
2026-08-10 20:14:08,P084,31,,daily,female,2.jpg,REAL,REAL,1
2026-08-10 20:14:08,P084,31,,daily,female,3.jpg,REAL,REAL,1
2026-08-10 20:14:08,P084,31,,daily,female,4.mp4,AI,AI,1
2026-08-10 20:14:08,P084,31,,daily,female,5.png,REAL,AI,0
2026-08-10 20:14:08,P084,31,,daily,female,6.png,AI,AI,1
2026-08-10 20:14:08,P084,31,,daily,female,7.jpeg,AI,REAL,0
2026-08-10 20:14:08,P084,31,,daily,female,8.avif,REAL,REAL,1
2026-08-10 20:14:08,P084,31,,daily,female,9.png,AI,AI,1
2026-08-10 20:14:08,P084,31,,daily,female,10.webp,REAL,REAL,1
2026-08-10 20:14:08,P084,31,,daily,female,11.jpg,REAL,REAL,1
2026-08-10 20:14:08,P084,31,,daily,female,12.png,REAL,AI,0
2026-08-10 20:14:08,P084,31,,daily,female,13.jpg,REAL,AI,0
2026-08-10 20:14:08,P084,31,,daily,female,14.mp4,REAL,REAL,1
2026-08-10 20:14:08,P084,31,,daily,female,15.png,AI,AI,1
2026-08-10 20:14:08,P084,31,,daily,female,16.mp4,REAL,REAL,1
2026-08-10 20:14:08,P084,31,,daily,female,17.mp4,AI,AI,1
2026-08-10 20:14:08,P084,31,,daily,female,18.png,AI,AI,1
2026-08-10 20:14:08,P084,31,,daily,female,19.png,AI,REAL,0
2026-08-10 20:14:08,P084,31,,daily,female,20.png,REAL,AI,0
2026-08-10 20:14:08,P084,31,,daily,female,21.webp,REAL,AI,0
2026-08-10 20:14:08,P084,31,,daily,female,22.webp,AI,REAL,0
2026-08-10 20:14:08,P084,31,,daily,female,23.jpg,REAL,REAL,1
2026-08-10 20:14:08,P084,31,,daily,female,24.mp4,AI,AI,1
2026-08-10 20:14:08,P084,31,,daily,female,25.mov,AI,REAL,0
2026-08-10 20:14:08,P084,31,,daily,female,26.mov,REAL,AI,0
2026-08-10 20:14:08,P084,31,,daily,female,27.jpeg,REAL,AI,0
2026-08-10 20:14:08,P084,31,,daily,female,28.jpg,REAL,REAL,1
2026-08-10 20:14:08,P084,31,,daily,female,29.png,AI,REAL,0
2026-08-10 20:14:08,P084,31,,daily,female,30.jpg,AI,REAL,0
2026-08-10 20:14:08,P084,31,,daily,female,31.jpg,REAL,AI,0
2026-08-10 20:14:08,P084,31,,daily,female,32.png,REAL,AI,0
2026-08-10 20:14:08,P084,31,,daily,female,33.png,AI,REAL,0
2026-08-10 20:14:08,P084,31,,daily,female,34.png,REAL,REAL,1
2026-08-10 20:14:08,P084,31,,daily,female,35.png,REAL,AI,0
2026-08-10 20:14:08,P084,31,,daily,female,36.jpg,AI,REAL,0
2026-08-10 20:14:08,P084,31,,daily,female,37.mp4,AI,REAL,0
2026-08-10 20:14:08,P084,31,,daily,female,38.mp4,AI,AI,1
2026-08-10 20:18:49,P085,49,,daily,female,1.jpg,REAL,AI,0
2026-08-10 20:18:49,P085,49,,daily,female,2.jpg,REAL,REAL,1
2026-08-10 20:18:49,P085,49,,daily,female,3.jpg,AI,REAL,0
2026-08-10 20:18:49,P085,49,,daily,female,4.mp4,REAL,AI,0
2026-08-10 20:18:49,P085,49,,daily,female,5.png,REAL,AI,0
2026-08-10 20:18:49,P085,49,,daily,female,6.png,REAL,AI,0
2026-08-10 20:18:49,P085,49,,daily,female,7.jpeg,AI,REAL,0
2026-08-10 20:18:49,P085,49,,daily,female,8.avif,AI,REAL,0
2026-08-10 20:18:49,P085,49,,daily,female,9.png,REAL,AI,0
2026-08-10 20:18:49,P085,49,,daily,female,10.webp,AI,REAL,0
2026-08-10 20:18:49,P085,49,,daily,female,11.jpg,REAL,REAL,1
2026-08-10 20:18:49,P085,49,,daily,female,12.png,REAL,AI,0
2026-08-10 20:18:49,P085,49,,daily,female,13.jpg,REAL,AI,0
2026-08-10 20:18:49,P085,49,,daily,female,14.mp4,REAL,REAL,1
2026-08-10 20:18:49,P085,49,,daily,female,15.png,AI,AI,1
2026-08-10 20:18:49,P085,49,,daily,female,16.mp4,REAL,REAL,1
2026-08-10 20:18:49,P085,49,,daily,female,17.mp4,AI,AI,1
2026-08-10 20:18:49,P085,49,,daily,female,18.png,AI,AI,1
2026-08-10 20:18:49,P085,49,,daily,female,19.png,AI,REAL,0
2026-08-10 20:18:49,P085,49,,daily,female,20.png,REAL,AI,0
2026-08-10 20:18:49,P085,49,,daily,female,21.webp,REAL,AI,0
2026-08-10 20:18:49,P085,49,,daily,female,22.webp,REAL,REAL,1
2026-08-10 20:18:49,P085,49,,daily,female,23.jpg,REAL,REAL,1
2026-08-10 20:18:49,P085,49,,daily,female,24.mp4,REAL,AI,0
2026-08-10 20:18:49,P085,49,,daily,female,25.mov,REAL,REAL,1
2026-08-10 20:18:49,P085,49,,daily,female,26.mov,AI,AI,1
2026-08-10 20:18:49,P085,49,,daily,female,27.jpeg,REAL,AI,0
2026-08-10 20:18:49,P085,49,,daily,female,28.jpg,REAL,REAL,1
2026-08-10 20:18:49,P085,49,,daily,female,29.png,AI,REAL,0
2026-08-10 20:18:49,P085,49,,daily,female,30.jpg,REAL,REAL,1
2026-08-10 20:18:49,P085,49,,daily,female,31.jpg,REAL,AI,0
2026-08-10 20:18:49,P085,49,,daily,female,32.png,REAL,AI,0
2026-08-10 20:18:49,P085,49,,daily,female,33.png,REAL,REAL,1
2026-08-10 20:18:49,P085,49,,daily,female,34.png,AI,REAL,0
2026-08-10 20:18:49,P085,49,,daily,female,35.png,REAL,AI,0
2026-08-10 20:18:49,P085,49,,daily,female,36.jpg,AI,REAL,0
2026-08-10 20:18:49,P085,49,,daily,female,37.mp4,REAL,REAL,1
2026-08-10 20:18:49,P085,49,,daily,female,38.mp4,REAL,AI,0
2026-08-10 20:24:56,P086,15,,daily,female,1.jpg,AI,AI,1
2026-08-10 20:24:56,P086,15,,daily,female,2.jpg,REAL,REAL,1
2026-08-10 20:24:56,P086,15,,daily,female,3.jpg,REAL,REAL,1
2026-08-10 20:24:56,P086,15,,daily,female,4.mp4,AI,AI,1
2026-08-10 20:24:56,P086,15,,daily,female,5.png,AI,AI,1
2026-08-10 20:24:56,P086,15,,daily,female,6.png,REAL,AI,0
2026-08-10 20:24:56,P086,15,,daily,female,7.jpeg,REAL,REAL,1
2026-08-10 20:24:56,P086,15,,daily,female,8.avif,REAL,REAL,1
2026-08-10 20:24:56,P086,15,,daily,female,9.png,REAL,AI,0
2026-08-10 20:24:56,P086,15,,daily,female,10.webp,AI,REAL,0
2026-08-10 20:24:56,P086,15,,daily,female,11.jpg,REAL,REAL,1
2026-08-10 20:24:56,P086,15,,daily,female,12.png,REAL,AI,0
2026-08-10 20:24:56,P086,15,,daily,female,13.jpg,REAL,AI,0
2026-08-10 20:24:56,P086,15,,daily,female,14.mp4,AI,REAL,0
2026-08-10 20:24:56,P086,15,,daily,female,15.png,REAL,AI,0
2026-08-10 20:24:56,P086,15,,daily,female,16.mp4,AI,REAL,0
2026-08-10 20:24:56,P086,15,,daily,female,17.mp4,AI,AI,1
2026-08-10 20:24:56,P086,15,,daily,female,18.png,REAL,AI,0
2026-08-10 20:24:56,P086,15,,daily,female,19.png,AI,REAL,0
2026-08-10 20:24:56,P086,15,,daily,female,20.png,AI,AI,1
2026-08-10 20:24:56,P086,15,,daily,female,21.webp,REAL,AI,0
2026-08-10 20:24:56,P086,15,,daily,female,22.webp,REAL,REAL,1
2026-08-10 20:24:56,P086,15,,daily,female,23.jpg,REAL,REAL,1
2026-08-10 20:24:56,P086,15,,daily,female,24.mp4,AI,AI,1
2026-08-10 20:24:56,P086,15,,daily,female,25.mov,REAL,REAL,1
2026-08-10 20:24:56,P086,15,,daily,female,26.mov,AI,AI,1
2026-08-10 20:24:56,P086,15,,daily,female,27.jpeg,REAL,AI,0
2026-08-10 20:24:56,P086,15,,daily,female,28.jpg,REAL,REAL,1
2026-08-10 20:24:56,P086,15,,daily,female,29.png,AI,REAL,0
2026-08-10 20:24:56,P086,15,,daily,female,30.jpg,REAL,REAL,1
2026-08-10 20:24:56,P086,15,,daily,female,31.jpg,AI,AI,1
2026-08-10 20:24:56,P086,15,,daily,female,32.png,REAL,AI,0
2026-08-10 20:24:56,P086,15,,daily,female,33.png,REAL,REAL,1
2026-08-10 20:24:56,P086,15,,daily,female,34.png,REAL,REAL,1
2026-08-10 20:24:56,P086,15,,daily,female,35.png,AI,AI,1
2026-08-10 20:24:56,P086,15,,daily,female,36.jpg,REAL,REAL,1
2026-08-10 20:24:56,P086,15,,daily,female,37.mp4,REAL,REAL,1
2026-08-10 20:24:56,P086,15,,daily,female,38.mp4,AI,AI,1
2026-08-10 20:25:15,P087,31,,daily,male,1.jpg,AI,AI,1
2026-08-10 20:25:15,P087,31,,daily,male,2.jpg,REAL,REAL,1
2026-08-10 20:25:15,P087,31,,daily,male,3.jpg,AI,REAL,0
2026-08-10 20:25:15,P087,31,,daily,male,4.mp4,AI,AI,1
2026-08-10 20:25:15,P087,31,,daily,male,5.png,REAL,AI,0
2026-08-10 20:25:15,P087,31,,daily,male,6.png,REAL,AI,0
2026-08-10 20:25:15,P087,31,,daily,male,7.jpeg,REAL,REAL,1
2026-08-10 20:25:15,P087,31,,daily,male,8.avif,AI,REAL,0
2026-08-10 20:25:15,P087,31,,daily,male,9.png,AI,AI,1
2026-08-10 20:25:15,P087,31,,daily,male,10.webp,AI,REAL,0
2026-08-10 20:25:15,P087,31,,daily,male,11.jpg,AI,REAL,0
2026-08-10 20:25:15,P087,31,,daily,male,12.png,REAL,AI,0
2026-08-10 20:25:15,P087,31,,daily,male,13.jpg,REAL,AI,0
2026-08-10 20:25:15,P087,31,,daily,male,14.mp4,AI,REAL,0
2026-08-10 20:25:15,P087,31,,daily,male,15.png,AI,AI,1
2026-08-10 20:25:15,P087,31,,daily,male,16.mp4,AI,REAL,0
2026-08-10 20:25:15,P087,31,,daily,male,17.mp4,AI,AI,1
2026-08-10 20:25:15,P087,31,,daily,male,18.png,AI,AI,1
2026-08-10 20:25:15,P087,31,,daily,male,19.png,REAL,REAL,1
2026-08-10 20:25:15,P087,31,,daily,male,20.png,REAL,AI,0
2026-08-10 20:25:15,P087,31,,daily,male,21.webp,REAL,AI,0
2026-08-10 20:25:15,P087,31,,daily,male,22.webp,AI,REAL,0
2026-08-10 20:25:15,P087,31,,daily,male,23.jpg,REAL,REAL,1
2026-08-10 20:25:15,P087,31,,daily,male,24.mp4,AI,AI,1
2026-08-10 20:25:15,P087,31,,daily,male,25.mov,AI,REAL,0
2026-08-10 20:25:15,P087,31,,daily,male,26.mov,REAL,AI,0
2026-08-10 20:25:15,P087,31,,daily,male,27.jpeg,REAL,AI,0
2026-08-10 20:25:15,P087,31,,daily,male,28.jpg,REAL,REAL,1
2026-08-10 20:25:15,P087,31,,daily,male,29.png,REAL,REAL,1
2026-08-10 20:25:15,P087,31,,daily,male,30.jpg,REAL,REAL,1
2026-08-10 20:25:15,P087,31,,daily,male,31.jpg,AI,AI,1
2026-08-10 20:25:15,P087,31,,daily,male,32.png,REAL,AI,0
2026-08-10 20:25:15,P087,31,,daily,male,33.png,AI,REAL,0
2026-08-10 20:25:15,P087,31,,daily,male,34.png,REAL,REAL,1
2026-08-10 20:25:15,P087,31,,daily,male,35.png,REAL,AI,0
2026-08-10 20:25:15,P087,31,,daily,male,36.jpg,REAL,REAL,1
2026-08-10 20:25:15,P087,31,,daily,male,37.mp4,REAL,REAL,1
2026-08-10 20:25:15,P087,31,,daily,male,38.mp4,AI,AI,1
2026-08-10 20:26:59,P088,18,,daily,male,1.jpg,AI,AI,1
2026-08-10 20:26:59,P088,18,,daily,male,2.jpg,REAL,REAL,1
2026-08-10 20:26:59,P088,18,,daily,male,3.jpg,REAL,REAL,1
2026-08-10 20:26:59,P088,18,,daily,male,4.mp4,REAL,AI,0
2026-08-10 20:26:59,P088,18,,daily,male,5.png,AI,AI,1
2026-08-10 20:26:59,P088,18,,daily,male,6.png,REAL,AI,0
2026-08-10 20:26:59,P088,18,,daily,male,7.jpeg,AI,REAL,0
2026-08-10 20:26:59,P088,18,,daily,male,8.avif,AI,REAL,0
2026-08-10 20:26:59,P088,18,,daily,male,9.png,REAL,AI,0
2026-08-10 20:26:59,P088,18,,daily,male,10.webp,REAL,REAL,1
2026-08-10 20:26:59,P088,18,,daily,male,11.jpg,REAL,REAL,1
2026-08-10 20:26:59,P088,18,,daily,male,12.png,REAL,AI,0
2026-08-10 20:26:59,P088,18,,daily,male,13.jpg,REAL,AI,0
2026-08-10 20:26:59,P088,18,,daily,male,14.mp4,REAL,REAL,1
2026-08-10 20:26:59,P088,18,,daily,male,15.png,REAL,AI,0
2026-08-10 20:26:59,P088,18,,daily,male,16.mp4,AI,REAL,0
2026-08-10 20:26:59,P088,18,,daily,male,17.mp4,REAL,AI,0
2026-08-10 20:26:59,P088,18,,daily,male,18.png,AI,AI,1
2026-08-10 20:26:59,P088,18,,daily,male,19.png,AI,REAL,0
2026-08-10 20:26:59,P088,18,,daily,male,20.png,AI,AI,1
2026-08-10 20:26:59,P088,18,,daily,male,21.webp,REAL,AI,0
2026-08-10 20:26:59,P088,18,,daily,male,22.webp,REAL,REAL,1
2026-08-10 20:26:59,P088,18,,daily,male,23.jpg,REAL,REAL,1
2026-08-10 20:26:59,P088,18,,daily,male,24.mp4,REAL,AI,0
2026-08-10 20:26:59,P088,18,,daily,male,25.mov,AI,REAL,0
2026-08-10 20:26:59,P088,18,,daily,male,26.mov,REAL,AI,0
2026-08-10 20:26:59,P088,18,,daily,male,27.jpeg,AI,AI,1
2026-08-10 20:26:59,P088,18,,daily,male,28.jpg,REAL,REAL,1
2026-08-10 20:26:59,P088,18,,daily,male,29.png,REAL,REAL,1
2026-08-10 20:26:59,P088,18,,daily,male,30.jpg,REAL,REAL,1
2026-08-10 20:26:59,P088,18,,daily,male,31.jpg,REAL,AI,0
2026-08-10 20:26:59,P088,18,,daily,male,32.png,REAL,AI,0
2026-08-10 20:26:59,P088,18,,daily,male,33.png,REAL,REAL,1
2026-08-10 20:26:59,P088,18,,daily,male,34.png,REAL,REAL,1
2026-08-10 20:26:59,P088,18,,daily,male,35.png,AI,AI,1
2026-08-10 20:26:59,P088,18,,daily,male,36.jpg,REAL,REAL,1
2026-08-10 20:26:59,P088,18,,daily,male,37.mp4,REAL,REAL,1
2026-08-10 20:26:59,P088,18,,daily,male,38.mp4,AI,AI,1
2026-08-10 20:32:21,P089,61,,daily,male,1.jpg,REAL,AI,0
2026-08-10 20:32:21,P089,61,,daily,male,2.jpg,AI,REAL,0
2026-08-10 20:32:21,P089,61,,daily,male,3.jpg,REAL,REAL,1
2026-08-10 20:32:21,P089,61,,daily,male,4.mp4,REAL,AI,0
2026-08-10 20:32:21,P089,61,,daily,male,5.png,REAL,AI,0
2026-08-10 20:32:21,P089,61,,daily,male,6.png,AI,AI,1
2026-08-10 20:32:21,P089,61,,daily,male,7.jpeg,REAL,REAL,1
2026-08-10 20:32:21,P089,61,,daily,male,8.avif,AI,REAL,0
2026-08-10 20:32:21,P089,61,,daily,male,9.png,REAL,AI,0
2026-08-10 20:32:21,P089,61,,daily,male,10.webp,AI,REAL,0
2026-08-10 20:32:21,P089,61,,daily,male,11.jpg,AI,REAL,0
2026-08-10 20:32:21,P089,61,,daily,male,12.png,REAL,AI,0
2026-08-10 20:32:21,P089,61,,daily,male,13.jpg,REAL,AI,0
2026-08-10 20:32:21,P089,61,,daily,male,14.mp4,AI,REAL,0
2026-08-10 20:32:21,P089,61,,daily,male,15.png,AI,AI,1
2026-08-10 20:32:21,P089,61,,daily,male,16.mp4,AI,REAL,0
2026-08-10 20:32:21,P089,61,,daily,male,17.mp4,AI,AI,1
2026-08-10 20:32:21,P089,61,,daily,male,18.png,AI,AI,1
2026-08-10 20:32:21,P089,61,,daily,male,19.png,AI,REAL,0
2026-08-10 20:32:21,P089,61,,daily,male,20.png,AI,AI,1
2026-08-10 20:32:21,P089,61,,daily,male,21.webp,REAL,AI,0
2026-08-10 20:32:21,P089,61,,daily,male,22.webp,AI,REAL,0
2026-08-10 20:32:21,P089,61,,daily,male,23.jpg,REAL,REAL,1
2026-08-10 20:32:21,P089,61,,daily,male,24.mp4,AI,AI,1
2026-08-10 20:32:21,P089,61,,daily,male,25.mov,AI,REAL,0
2026-08-10 20:32:21,P089,61,,daily,male,26.mov,AI,AI,1
2026-08-10 20:32:21,P089,61,,daily,male,27.jpeg,REAL,AI,0
2026-08-10 20:32:21,P089,61,,daily,male,28.jpg,REAL,REAL,1
2026-08-10 20:32:21,P089,61,,daily,male,29.png,AI,REAL,0
2026-08-10 20:32:21,P089,61,,daily,male,30.jpg,AI,REAL,0
2026-08-10 20:32:21,P089,61,,daily,male,31.jpg,AI,AI,1
2026-08-10 20:32:21,P089,61,,daily,male,32.png,AI,AI,1
2026-08-10 20:32:21,P089,61,,daily,male,33.png,AI,REAL,0
2026-08-10 20:32:21,P089,61,,daily,male,34.png,REAL,REAL,1
2026-08-10 20:32:21,P089,61,,daily,male,35.png,AI,AI,1
2026-08-10 20:32:21,P089,61,,daily,male,36.jpg,AI,REAL,0
2026-08-10 20:32:21,P089,61,,daily,male,37.mp4,AI,REAL,0
2026-08-10 20:32:21,P089,61,,daily,male,38.mp4,AI,AI,1
2026-08-10 20:37:06,P090,22,,daily,male,1.jpg,REAL,AI,0
2026-08-10 20:37:06,P090,22,,daily,male,2.jpg,AI,REAL,0
2026-08-10 20:37:06,P090,22,,daily,male,3.jpg,REAL,REAL,1
2026-08-10 20:37:06,P090,22,,daily,male,4.mp4,REAL,AI,0
2026-08-10 20:37:06,P090,22,,daily,male,5.png,AI,AI,1
2026-08-10 20:37:06,P090,22,,daily,male,6.png,REAL,AI,0
2026-08-10 20:37:06,P090,22,,daily,male,7.jpeg,REAL,REAL,1
2026-08-10 20:37:06,P090,22,,daily,male,8.avif,REAL,REAL,1
2026-08-10 20:37:06,P090,22,,daily,male,9.png,AI,AI,1
2026-08-10 20:37:06,P090,22,,daily,male,10.webp,REAL,REAL,1
2026-08-10 20:37:06,P090,22,,daily,male,11.jpg,AI,REAL,0
2026-08-10 20:37:06,P090,22,,daily,male,12.png,REAL,AI,0
2026-08-10 20:37:06,P090,22,,daily,male,13.jpg,REAL,AI,0
2026-08-10 20:37:06,P090,22,,daily,male,14.mp4,REAL,REAL,1
2026-08-10 20:37:06,P090,22,,daily,male,15.png,REAL,AI,0
2026-08-10 20:37:06,P090,22,,daily,male,16.mp4,AI,REAL,0
2026-08-10 20:37:06,P090,22,,daily,male,17.mp4,AI,AI,1
2026-08-10 20:37:06,P090,22,,daily,male,18.png,AI,AI,1
2026-08-10 20:37:06,P090,22,,daily,male,19.png,AI,REAL,0
2026-08-10 20:37:06,P090,22,,daily,male,20.png,AI,AI,1
2026-08-10 20:37:06,P090,22,,daily,male,21.webp,REAL,AI,0
2026-08-10 20:37:06,P090,22,,daily,male,22.webp,REAL,REAL,1
2026-08-10 20:37:06,P090,22,,daily,male,23.jpg,REAL,REAL,1
2026-08-10 20:37:06,P090,22,,daily,male,24.mp4,AI,AI,1
2026-08-10 20:37:06,P090,22,,daily,male,25.mov,REAL,REAL,1
2026-08-10 20:37:06,P090,22,,daily,male,26.mov,AI,AI,1
2026-08-10 20:37:06,P090,22,,daily,male,27.jpeg,REAL,AI,0
2026-08-10 20:37:06,P090,22,,daily,male,28.jpg,AI,REAL,0
2026-08-10 20:37:06,P090,22,,daily,male,29.png,REAL,REAL,1
2026-08-10 20:37:06,P090,22,,daily,male,30.jpg,REAL,REAL,1
2026-08-10 20:37:06,P090,22,,daily,male,31.jpg,REAL,AI,0
2026-08-10 20:37:06,P090,22,,daily,male,32.png,REAL,AI,0
2026-08-10 20:37:06,P090,22,,daily,male,33.png,REAL,REAL,1
2026-08-10 20:37:06,P090,22,,daily,male,34.png,AI,REAL,0
2026-08-10 20:37:06,P090,22,,daily,male,35.png,REAL,AI,0
2026-08-10 20:37:06,P090,22,,daily,male,36.jpg,AI,REAL,0
2026-08-10 20:37:06,P090,22,,daily,male,37.mp4,AI,REAL,0
2026-08-10 20:37:06,P090,22,,daily,male,38.mp4,AI,AI,1
2026-08-10 20:37:43,P091,18,,daily,male,1.jpg,REAL,AI,0
2026-08-10 20:37:43,P091,18,,daily,male,2.jpg,REAL,REAL,1
2026-08-10 20:37:43,P091,18,,daily,male,3.jpg,REAL,REAL,1
2026-08-10 20:37:43,P091,18,,daily,male,4.mp4,AI,AI,1
2026-08-10 20:37:43,P091,18,,daily,male,5.png,REAL,AI,0
2026-08-10 20:37:43,P091,18,,daily,male,6.png,AI,AI,1
2026-08-10 20:37:43,P091,18,,daily,male,7.jpeg,AI,REAL,0
2026-08-10 20:37:43,P091,18,,daily,male,8.avif,REAL,REAL,1
2026-08-10 20:37:43,P091,18,,daily,male,9.png,AI,AI,1
2026-08-10 20:37:43,P091,18,,daily,male,10.webp,REAL,REAL,1
2026-08-10 20:37:43,P091,18,,daily,male,11.jpg,REAL,REAL,1
2026-08-10 20:37:43,P091,18,,daily,male,12.png,REAL,AI,0
2026-08-10 20:37:43,P091,18,,daily,male,13.jpg,AI,AI,1
2026-08-10 20:37:43,P091,18,,daily,male,14.mp4,AI,REAL,0
2026-08-10 20:37:43,P091,18,,daily,male,15.png,AI,AI,1
2026-08-10 20:37:43,P091,18,,daily,male,16.mp4,REAL,REAL,1
2026-08-10 20:37:43,P091,18,,daily,male,17.mp4,AI,AI,1
2026-08-10 20:37:43,P091,18,,daily,male,18.png,REAL,AI,0
2026-08-10 20:37:43,P091,18,,daily,male,19.png,AI,REAL,0
2026-08-10 20:37:43,P091,18,,daily,male,20.png,REAL,AI,0
2026-08-10 20:37:43,P091,18,,daily,male,21.webp,REAL,AI,0
2026-08-10 20:37:43,P091,18,,daily,male,22.webp,REAL,REAL,1
2026-08-10 20:37:43,P091,18,,daily,male,23.jpg,REAL,REAL,1
2026-08-10 20:37:43,P091,18,,daily,male,24.mp4,AI,AI,1
2026-08-10 20:37:43,P091,18,,daily,male,25.mov,REAL,REAL,1
2026-08-10 20:37:43,P091,18,,daily,male,26.mov,REAL,AI,0
2026-08-10 20:37:43,P091,18,,daily,male,27.jpeg,REAL,AI,0
2026-08-10 20:37:43,P091,18,,daily,male,28.jpg,REAL,REAL,1
2026-08-10 20:37:43,P091,18,,daily,male,29.png,AI,REAL,0
2026-08-10 20:37:43,P091,18,,daily,male,30.jpg,REAL,REAL,1
2026-08-10 20:37:43,P091,18,,daily,male,31.jpg,AI,AI,1
2026-08-10 20:37:43,P091,18,,daily,male,32.png,REAL,AI,0
2026-08-10 20:37:43,P091,18,,daily,male,33.png,REAL,REAL,1
2026-08-10 20:37:43,P091,18,,daily,male,34.png,REAL,REAL,1
2026-08-10 20:37:43,P091,18,,daily,male,35.png,AI,AI,1
2026-08-10 20:37:43,P091,18,,daily,male,36.jpg,AI,REAL,0
2026-08-10 20:37:43,P091,18,,daily,male,37.mp4,REAL,REAL,1
2026-08-10 20:37:43,P091,18,,daily,male,38.mp4,AI,AI,1
2026-08-10 20:42:58,P092,12,,never,female,1.jpg,AI,AI,1
2026-08-10 20:42:58,P092,12,,never,female,2.jpg,REAL,REAL,1
2026-08-10 20:42:58,P092,12,,never,female,3.jpg,REAL,REAL,1
2026-08-10 20:42:58,P092,12,,never,female,4.mp4,REAL,AI,0
2026-08-10 20:42:58,P092,12,,never,female,5.png,REAL,AI,0
2026-08-10 20:42:58,P092,12,,never,female,6.png,REAL,AI,0
2026-08-10 20:42:58,P092,12,,never,female,7.jpeg,AI,REAL,0
2026-08-10 20:42:58,P092,12,,never,female,8.avif,REAL,REAL,1
2026-08-10 20:42:58,P092,12,,never,female,9.png,REAL,AI,0
2026-08-10 20:42:58,P092,12,,never,female,10.webp,REAL,REAL,1
2026-08-10 20:42:58,P092,12,,never,female,11.jpg,REAL,REAL,1
2026-08-10 20:42:58,P092,12,,never,female,12.png,AI,AI,1
2026-08-10 20:42:58,P092,12,,never,female,13.jpg,REAL,AI,0
2026-08-10 20:42:58,P092,12,,never,female,14.mp4,AI,REAL,0
2026-08-10 20:42:58,P092,12,,never,female,15.png,AI,AI,1
2026-08-10 20:42:58,P092,12,,never,female,16.mp4,AI,REAL,0
2026-08-10 20:42:58,P092,12,,never,female,17.mp4,AI,AI,1
2026-08-10 20:42:58,P092,12,,never,female,18.png,AI,AI,1
2026-08-10 20:42:58,P092,12,,never,female,19.png,AI,REAL,0
2026-08-10 20:42:58,P092,12,,never,female,20.png,REAL,AI,0
2026-08-10 20:42:58,P092,12,,never,female,21.webp,REAL,AI,0
2026-08-10 20:42:58,P092,12,,never,female,22.webp,REAL,REAL,1
2026-08-10 20:42:58,P092,12,,never,female,23.jpg,REAL,REAL,1
2026-08-10 20:42:58,P092,12,,never,female,24.mp4,AI,AI,1
2026-08-10 20:42:58,P092,12,,never,female,25.mov,REAL,REAL,1
2026-08-10 20:42:58,P092,12,,never,female,26.mov,REAL,AI,0
2026-08-10 20:42:58,P092,12,,never,female,27.jpeg,AI,AI,1
2026-08-10 20:42:58,P092,12,,never,female,28.jpg,REAL,REAL,1
2026-08-10 20:42:58,P092,12,,never,female,29.png,REAL,REAL,1
2026-08-10 20:42:58,P092,12,,never,female,30.jpg,REAL,REAL,1
2026-08-10 20:42:58,P092,12,,never,female,31.jpg,AI,AI,1
2026-08-10 20:42:58,P092,12,,never,female,32.png,REAL,AI,0
2026-08-10 20:42:58,P092,12,,never,female,33.png,REAL,REAL,1
2026-08-10 20:42:58,P092,12,,never,female,34.png,REAL,REAL,1
2026-08-10 20:42:58,P092,12,,never,female,35.png,REAL,AI,0
2026-08-10 20:42:58,P092,12,,never,female,36.jpg,AI,REAL,0
2026-08-10 20:42:58,P092,12,,never,female,37.mp4,AI,REAL,0
2026-08-10 20:42:58,P092,12,,never,female,38.mp4,REAL,AI,0
2026-08-10 20:54:47,P093,46,,daily,male,1.jpg,REAL,AI,0
2026-08-10 20:54:47,P093,46,,daily,male,2.jpg,REAL,REAL,1
2026-08-10 20:54:47,P093,46,,daily,male,3.jpg,REAL,REAL,1
2026-08-10 20:54:47,P093,46,,daily,male,4.mp4,REAL,AI,0
2026-08-10 20:54:47,P093,46,,daily,male,5.png,REAL,AI,0
2026-08-10 20:54:47,P093,46,,daily,male,6.png,REAL,AI,0
2026-08-10 20:54:47,P093,46,,daily,male,7.jpeg,AI,REAL,0
2026-08-10 20:54:47,P093,46,,daily,male,8.avif,REAL,REAL,1
2026-08-10 20:54:47,P093,46,,daily,male,9.png,REAL,AI,0
2026-08-10 20:54:47,P093,46,,daily,male,10.webp,REAL,REAL,1
2026-08-10 20:54:47,P093,46,,daily,male,11.jpg,AI,REAL,0
2026-08-10 20:54:47,P093,46,,daily,male,12.png,REAL,AI,0
2026-08-10 20:54:47,P093,46,,daily,male,13.jpg,REAL,AI,0
2026-08-10 20:54:47,P093,46,,daily,male,14.mp4,AI,REAL,0
2026-08-10 20:54:47,P093,46,,daily,male,15.png,AI,AI,1
2026-08-10 20:54:47,P093,46,,daily,male,16.mp4,REAL,REAL,1
2026-08-10 20:54:47,P093,46,,daily,male,17.mp4,REAL,AI,0
2026-08-10 20:54:47,P093,46,,daily,male,18.png,REAL,AI,0
2026-08-10 20:54:47,P093,46,,daily,male,19.png,AI,REAL,0
2026-08-10 20:54:47,P093,46,,daily,male,20.png,AI,AI,1
2026-08-10 20:54:47,P093,46,,daily,male,21.webp,REAL,AI,0
2026-08-10 20:54:47,P093,46,,daily,male,22.webp,AI,REAL,0
2026-08-10 20:54:47,P093,46,,daily,male,23.jpg,REAL,REAL,1
2026-08-10 20:54:47,P093,46,,daily,male,24.mp4,REAL,AI,0
2026-08-10 20:54:47,P093,46,,daily,male,25.mov,AI,REAL,0
2026-08-10 20:54:47,P093,46,,daily,male,26.mov,AI,AI,1
2026-08-10 20:54:47,P093,46,,daily,male,27.jpeg,REAL,AI,0
2026-08-10 20:54:47,P093,46,,daily,male,28.jpg,REAL,REAL,1
2026-08-10 20:54:47,P093,46,,daily,male,29.png,AI,REAL,0
2026-08-10 20:54:47,P093,46,,daily,male,30.jpg,REAL,REAL,1
2026-08-10 20:54:47,P093,46,,daily,male,31.jpg,AI,AI,1
2026-08-10 20:54:47,P093,46,,daily,male,32.png,REAL,AI,0
2026-08-10 20:54:47,P093,46,,daily,male,33.png,REAL,REAL,1
2026-08-10 20:54:47,P093,46,,daily,male,34.png,AI,REAL,0
2026-08-10 20:54:47,P093,46,,daily,male,35.png,REAL,AI,0
2026-08-10 20:54:47,P093,46,,daily,male,36.jpg,REAL,REAL,1
2026-08-10 20:54:47,P093,46,,daily,male,37.mp4,AI,REAL,0
2026-08-10 20:54:47,P093,46,,daily,male,38.mp4,REAL,AI,0
2026-08-10 21:00:07,P094,60,,daily,male,1.jpg,REAL,AI,0
2026-08-10 21:00:07,P094,60,,daily,male,2.jpg,REAL,REAL,1
2026-08-10 21:00:07,P094,60,,daily,male,3.jpg,AI,REAL,0
2026-08-10 21:00:07,P094,60,,daily,male,4.mp4,AI,AI,1
2026-08-10 21:00:07,P094,60,,daily,male,5.png,AI,AI,1
2026-08-10 21:00:07,P094,60,,daily,male,6.png,REAL,AI,0
2026-08-10 21:00:07,P094,60,,daily,male,7.jpeg,AI,REAL,0
2026-08-10 21:00:07,P094,60,,daily,male,8.avif,AI,REAL,0
2026-08-10 21:00:07,P094,60,,daily,male,9.png,REAL,AI,0
2026-08-10 21:00:07,P094,60,,daily,male,10.webp,REAL,REAL,1
2026-08-10 21:00:07,P094,60,,daily,male,11.jpg,AI,REAL,0
2026-08-10 21:00:07,P094,60,,daily,male,12.png,REAL,AI,0
2026-08-10 21:00:07,P094,60,,daily,male,13.jpg,REAL,AI,0
2026-08-10 21:00:07,P094,60,,daily,male,14.mp4,REAL,REAL,1
2026-08-10 21:00:07,P094,60,,daily,male,15.png,REAL,AI,0
2026-08-10 21:00:07,P094,60,,daily,male,16.mp4,AI,REAL,0
2026-08-10 21:00:07,P094,60,,daily,male,17.mp4,AI,AI,1
2026-08-10 21:00:07,P094,60,,daily,male,18.png,REAL,AI,0
2026-08-10 21:00:07,P094,60,,daily,male,19.png,AI,REAL,0
2026-08-10 21:00:07,P094,60,,daily,male,20.png,REAL,AI,0
2026-08-10 21:00:07,P094,60,,daily,male,21.webp,AI,AI,1
2026-08-10 21:00:07,P094,60,,daily,male,22.webp,AI,REAL,0
2026-08-10 21:00:07,P094,60,,daily,male,23.jpg,AI,REAL,0
2026-08-10 21:00:07,P094,60,,daily,male,24.mp4,REAL,AI,0
2026-08-10 21:00:07,P094,60,,daily,male,25.mov,AI,REAL,0
2026-08-10 21:00:07,P094,60,,daily,male,26.mov,REAL,AI,0
2026-08-10 21:00:07,P094,60,,daily,male,27.jpeg,REAL,AI,0
2026-08-10 21:00:07,P094,60,,daily,male,28.jpg,REAL,REAL,1
2026-08-10 21:00:07,P094,60,,daily,male,29.png,AI,REAL,0
2026-08-10 21:00:07,P094,60,,daily,male,30.jpg,AI,REAL,0
2026-08-10 21:00:07,P094,60,,daily,male,31.jpg,AI,AI,1
2026-08-10 21:00:07,P094,60,,daily,male,32.png,REAL,AI,0
2026-08-10 21:00:07,P094,60,,daily,male,33.png,REAL,REAL,1
2026-08-10 21:00:07,P094,60,,daily,male,34.png,REAL,REAL,1
2026-08-10 21:00:07,P094,60,,daily,male,35.png,REAL,AI,0
2026-08-10 21:00:07,P094,60,,daily,male,36.jpg,REAL,REAL,1
2026-08-10 21:00:07,P094,60,,daily,male,37.mp4,AI,REAL,0
2026-08-10 21:00:07,P094,60,,daily,male,38.mp4,AI,AI,1
2026-08-10 21:01:00,P095,17,,frequently,female,1.jpg,AI,AI,1
2026-08-10 21:01:00,P095,17,,frequently,female,2.jpg,AI,REAL,0
2026-08-10 21:01:00,P095,17,,frequently,female,3.jpg,AI,REAL,0
2026-08-10 21:01:00,P095,17,,frequently,female,4.mp4,REAL,AI,0
2026-08-10 21:01:00,P095,17,,frequently,female,5.png,REAL,AI,0
2026-08-10 21:01:00,P095,17,,frequently,female,6.png,AI,AI,1
2026-08-10 21:01:00,P095,17,,frequently,female,7.jpeg,AI,REAL,0
2026-08-10 21:01:00,P095,17,,frequently,female,8.avif,AI,REAL,0
2026-08-10 21:01:00,P095,17,,frequently,female,9.png,REAL,AI,0
2026-08-10 21:01:00,P095,17,,frequently,female,10.webp,AI,REAL,0
2026-08-10 21:01:00,P095,17,,frequently,female,11.jpg,REAL,REAL,1
2026-08-10 21:01:00,P095,17,,frequently,female,12.png,AI,AI,1
2026-08-10 21:01:00,P095,17,,frequently,female,13.jpg,REAL,AI,0
2026-08-10 21:01:00,P095,17,,frequently,female,14.mp4,AI,REAL,0
2026-08-10 21:01:00,P095,17,,frequently,female,15.png,AI,AI,1
2026-08-10 21:01:00,P095,17,,frequently,female,16.mp4,REAL,REAL,1
2026-08-10 21:01:00,P095,17,,frequently,female,17.mp4,REAL,AI,0
2026-08-10 21:01:00,P095,17,,frequently,female,18.png,AI,AI,1
2026-08-10 21:01:00,P095,17,,frequently,female,19.png,AI,REAL,0
2026-08-10 21:01:00,P095,17,,frequently,female,20.png,REAL,AI,0
2026-08-10 21:01:00,P095,17,,frequently,female,21.webp,REAL,AI,0
2026-08-10 21:01:00,P095,17,,frequently,female,22.webp,REAL,REAL,1
2026-08-10 21:01:00,P095,17,,frequently,female,23.jpg,REAL,REAL,1
2026-08-10 21:01:00,P095,17,,frequently,female,24.mp4,AI,AI,1
2026-08-10 21:01:00,P095,17,,frequently,female,25.mov,REAL,REAL,1
2026-08-10 21:01:00,P095,17,,frequently,female,26.mov,AI,AI,1
2026-08-10 21:01:00,P095,17,,frequently,female,27.jpeg,REAL,AI,0
2026-08-10 21:01:00,P095,17,,frequently,female,28.jpg,REAL,REAL,1
2026-08-10 21:01:00,P095,17,,frequently,female,29.png,AI,REAL,0
2026-08-10 21:01:00,P095,17,,frequently,female,30.jpg,AI,REAL,0
2026-08-10 21:01:00,P095,17,,frequently,female,31.jpg,AI,AI,1
2026-08-10 21:01:00,P095,17,,frequently,female,32.png,REAL,AI,0
2026-08-10 21:01:00,P095,17,,frequently,female,33.png,REAL,REAL,1
2026-08-10 21:01:00,P095,17,,frequently,female,34.png,REAL,REAL,1
2026-08-10 21:01:00,P095,17,,frequently,female,35.png,REAL,AI,0
2026-08-10 21:01:00,P095,17,,frequently,female,36.jpg,AI,REAL,0
2026-08-10 21:01:00,P095,17,,frequently,female,37.mp4,AI,REAL,0
2026-08-10 21:01:00,P095,17,,frequently,female,38.mp4,REAL,AI,0
2026-08-10 21:14:12,P096,54,,daily,female,1.jpg,REAL,AI,0
2026-08-10 21:14:12,P096,54,,daily,female,2.jpg,REAL,REAL,1
2026-08-10 21:14:12,P096,54,,daily,female,3.jpg,AI,REAL,0
2026-08-10 21:14:12,P096,54,,daily,female,4.mp4,REAL,AI,0
2026-08-10 21:14:12,P096,54,,daily,female,5.png,REAL,AI,0
2026-08-10 21:14:12,P096,54,,daily,female,6.png,AI,AI,1
2026-08-10 21:14:12,P096,54,,daily,female,7.jpeg,AI,REAL,0
2026-08-10 21:14:12,P096,54,,daily,female,8.avif,AI,REAL,0
2026-08-10 21:14:12,P096,54,,daily,female,9.png,AI,AI,1
2026-08-10 21:14:12,P096,54,,daily,female,10.webp,REAL,REAL,1
2026-08-10 21:14:12,P096,54,,daily,female,11.jpg,REAL,REAL,1
2026-08-10 21:14:12,P096,54,,daily,female,12.png,REAL,AI,0
2026-08-10 21:14:12,P096,54,,daily,female,13.jpg,AI,AI,1
2026-08-10 21:14:12,P096,54,,daily,female,14.mp4,AI,REAL,0
2026-08-10 21:14:12,P096,54,,daily,female,15.png,AI,AI,1
2026-08-10 21:14:12,P096,54,,daily,female,16.mp4,AI,REAL,0
2026-08-10 21:14:12,P096,54,,daily,female,17.mp4,AI,AI,1
2026-08-10 21:14:12,P096,54,,daily,female,18.png,REAL,AI,0
2026-08-10 21:14:12,P096,54,,daily,female,19.png,REAL,REAL,1
2026-08-10 21:14:12,P096,54,,daily,female,20.png,AI,AI,1
2026-08-10 21:14:12,P096,54,,daily,female,21.webp,REAL,AI,0
2026-08-10 21:14:12,P096,54,,daily,female,22.webp,AI,REAL,0
2026-08-10 21:14:12,P096,54,,daily,female,23.jpg,AI,REAL,0
2026-08-10 21:14:12,P096,54,,daily,female,24.mp4,AI,AI,1
2026-08-10 21:14:12,P096,54,,daily,female,25.mov,REAL,REAL,1
2026-08-10 21:14:12,P096,54,,daily,female,26.mov,AI,AI,1
2026-08-10 21:14:12,P096,54,,daily,female,27.jpeg,REAL,AI,0
2026-08-10 21:14:12,P096,54,,daily,female,28.jpg,AI,REAL,0
2026-08-10 21:14:12,P096,54,,daily,female,29.png,AI,REAL,0
2026-08-10 21:14:12,P096,54,,daily,female,30.jpg,AI,REAL,0
2026-08-10 21:14:12,P096,54,,daily,female,31.jpg,REAL,AI,0
2026-08-10 21:14:12,P096,54,,daily,female,32.png,REAL,AI,0
2026-08-10 21:14:12,P096,54,,daily,female,33.png,REAL,REAL,1
2026-08-10 21:14:12,P096,54,,daily,female,34.png,REAL,REAL,1
2026-08-10 21:14:12,P096,54,,daily,female,35.png,AI,AI,1
2026-08-10 21:14:12,P096,54,,daily,female,36.jpg,AI,REAL,0
2026-08-10 21:14:12,P096,54,,daily,female,37.mp4,AI,REAL,0
2026-08-10 21:14:12,P096,54,,daily,female,38.mp4,REAL,AI,0
2026-08-10 21:14:59,P097,13,,daily,male,1.jpg,AI,AI,1
2026-08-10 21:14:59,P097,13,,daily,male,2.jpg,REAL,REAL,1
2026-08-10 21:14:59,P097,13,,daily,male,3.jpg,REAL,REAL,1
2026-08-10 21:14:59,P097,13,,daily,male,4.mp4,REAL,AI,0
2026-08-10 21:14:59,P097,13,,daily,male,5.png,AI,AI,1
2026-08-10 21:14:59,P097,13,,daily,male,6.png,AI,AI,1
2026-08-10 21:14:59,P097,13,,daily,male,7.jpeg,AI,REAL,0
2026-08-10 21:14:59,P097,13,,daily,male,8.avif,AI,REAL,0
2026-08-10 21:14:59,P097,13,,daily,male,9.png,REAL,AI,0
2026-08-10 21:14:59,P097,13,,daily,male,10.webp,REAL,REAL,1
2026-08-10 21:14:59,P097,13,,daily,male,11.jpg,AI,REAL,0
2026-08-10 21:14:59,P097,13,,daily,male,12.png,REAL,AI,0
2026-08-10 21:14:59,P097,13,,daily,male,13.jpg,REAL,AI,0
2026-08-10 21:14:59,P097,13,,daily,male,14.mp4,REAL,REAL,1
2026-08-10 21:14:59,P097,13,,daily,male,15.png,AI,AI,1
2026-08-10 21:14:59,P097,13,,daily,male,16.mp4,AI,REAL,0
2026-08-10 21:14:59,P097,13,,daily,male,17.mp4,REAL,AI,0
2026-08-10 21:14:59,P097,13,,daily,male,18.png,AI,AI,1
2026-08-10 21:14:59,P097,13,,daily,male,19.png,AI,REAL,0
2026-08-10 21:14:59,P097,13,,daily,male,20.png,AI,AI,1
2026-08-10 21:14:59,P097,13,,daily,male,21.webp,REAL,AI,0
2026-08-10 21:14:59,P097,13,,daily,male,22.webp,AI,REAL,0
2026-08-10 21:14:59,P097,13,,daily,male,23.jpg,REAL,REAL,1
2026-08-10 21:14:59,P097,13,,daily,male,24.mp4,AI,AI,1
2026-08-10 21:14:59,P097,13,,daily,male,25.mov,REAL,REAL,1
2026-08-10 21:14:59,P097,13,,daily,male,26.mov,AI,AI,1
2026-08-10 21:14:59,P097,13,,daily,male,27.jpeg,REAL,AI,0
2026-08-10 21:14:59,P097,13,,daily,male,28.jpg,AI,REAL,0
2026-08-10 21:14:59,P097,13,,daily,male,29.png,REAL,REAL,1
2026-08-10 21:14:59,P097,13,,daily,male,30.jpg,REAL,REAL,1
2026-08-10 21:14:59,P097,13,,daily,male,31.jpg,REAL,AI,0
2026-08-10 21:14:59,P097,13,,daily,male,32.png,REAL,AI,0
2026-08-10 21:14:59,P097,13,,daily,male,33.png,AI,REAL,0
2026-08-10 21:14:59,P097,13,,daily,male,34.png,AI,REAL,0
2026-08-10 21:14:59,P097,13,,daily,male,35.png,REAL,AI,0
2026-08-10 21:14:59,P097,13,,daily,male,36.jpg,AI,REAL,0
2026-08-10 21:14:59,P097,13,,daily,male,37.mp4,REAL,REAL,1
2026-08-10 21:14:59,P097,13,,daily,male,38.mp4,AI,AI,1
2026-08-10 21:28:06,P098,52,,frequently,male,1.jpg,REAL,AI,0
2026-08-10 21:28:06,P098,52,,frequently,male,2.jpg,REAL,REAL,1
2026-08-10 21:28:06,P098,52,,frequently,male,3.jpg,AI,REAL,0
2026-08-10 21:28:06,P098,52,,frequently,male,4.mp4,AI,AI,1
2026-08-10 21:28:06,P098,52,,frequently,male,5.png,AI,AI,1
2026-08-10 21:28:06,P098,52,,frequently,male,6.png,REAL,AI,0
2026-08-10 21:28:06,P098,52,,frequently,male,7.jpeg,AI,REAL,0
2026-08-10 21:28:06,P098,52,,frequently,male,8.avif,REAL,REAL,1
2026-08-10 21:28:06,P098,52,,frequently,male,9.png,REAL,AI,0
2026-08-10 21:28:06,P098,52,,frequently,male,10.webp,REAL,REAL,1
2026-08-10 21:28:06,P098,52,,frequently,male,11.jpg,AI,REAL,0
2026-08-10 21:28:06,P098,52,,frequently,male,12.png,REAL,AI,0
2026-08-10 21:28:06,P098,52,,frequently,male,13.jpg,REAL,AI,0
2026-08-10 21:28:06,P098,52,,frequently,male,14.mp4,REAL,REAL,1
2026-08-10 21:28:06,P098,52,,frequently,male,15.png,AI,AI,1
2026-08-10 21:28:06,P098,52,,frequently,male,16.mp4,REAL,REAL,1
2026-08-10 21:28:06,P098,52,,frequently,male,17.mp4,REAL,AI,0
2026-08-10 21:28:06,P098,52,,frequently,male,18.png,AI,AI,1
2026-08-10 21:28:06,P098,52,,frequently,male,19.png,AI,REAL,0
2026-08-10 21:28:06,P098,52,,frequently,male,20.png,AI,AI,1
2026-08-10 21:28:06,P098,52,,frequently,male,21.webp,REAL,AI,0
2026-08-10 21:28:06,P098,52,,frequently,male,22.webp,REAL,REAL,1
2026-08-10 21:28:06,P098,52,,frequently,male,23.jpg,AI,REAL,0
2026-08-10 21:28:06,P098,52,,frequently,male,24.mp4,AI,AI,1
2026-08-10 21:28:06,P098,52,,frequently,male,25.mov,AI,REAL,0
2026-08-10 21:28:06,P098,52,,frequently,male,26.mov,REAL,AI,0
2026-08-10 21:28:06,P098,52,,frequently,male,27.jpeg,REAL,AI,0
2026-08-10 21:28:06,P098,52,,frequently,male,28.jpg,AI,REAL,0
2026-08-10 21:28:06,P098,52,,frequently,male,29.png,REAL,REAL,1
2026-08-10 21:28:06,P098,52,,frequently,male,30.jpg,REAL,REAL,1
2026-08-10 21:28:06,P098,52,,frequently,male,31.jpg,AI,AI,1
2026-08-10 21:28:06,P098,52,,frequently,male,32.png,REAL,AI,0
2026-08-10 21:28:06,P098,52,,frequently,male,33.png,REAL,REAL,1
2026-08-10 21:28:06,P098,52,,frequently,male,34.png,REAL,REAL,1
2026-08-10 21:28:06,P098,52,,frequently,male,35.png,AI,AI,1
2026-08-10 21:28:06,P098,52,,frequently,male,36.jpg,REAL,REAL,1
2026-08-10 21:28:06,P098,52,,frequently,male,37.mp4,REAL,REAL,1
2026-08-10 21:28:06,P098,52,,frequently,male,38.mp4,AI,AI,1
2026-08-10 21:38:45,P099,12,,occasionally,male,1.jpg,AI,AI,1
2026-08-10 21:38:45,P099,12,,occasionally,male,2.jpg,AI,REAL,0
2026-08-10 21:38:45,P099,12,,occasionally,male,3.jpg,AI,REAL,0
2026-08-10 21:38:45,P099,12,,occasionally,male,4.mp4,REAL,AI,0
2026-08-10 21:38:45,P099,12,,occasionally,male,5.png,REAL,AI,0
2026-08-10 21:38:45,P099,12,,occasionally,male,6.png,AI,AI,1
2026-08-10 21:38:45,P099,12,,occasionally,male,7.jpeg,AI,REAL,0
2026-08-10 21:38:45,P099,12,,occasionally,male,8.avif,REAL,REAL,1
2026-08-10 21:38:45,P099,12,,occasionally,male,9.png,AI,AI,1
2026-08-10 21:38:45,P099,12,,occasionally,male,10.webp,AI,REAL,0
2026-08-10 21:38:45,P099,12,,occasionally,male,11.jpg,AI,REAL,0
2026-08-10 21:38:45,P099,12,,occasionally,male,12.png,REAL,AI,0
2026-08-10 21:38:45,P099,12,,occasionally,male,13.jpg,REAL,AI,0
2026-08-10 21:38:45,P099,12,,occasionally,male,14.mp4,AI,REAL,0
2026-08-10 21:38:45,P099,12,,occasionally,male,15.png,AI,AI,1
2026-08-10 21:38:45,P099,12,,occasionally,male,16.mp4,AI,REAL,0
2026-08-10 21:38:45,P099,12,,occasionally,male,17.mp4,REAL,AI,0
2026-08-10 21:38:45,P099,12,,occasionally,male,18.png,REAL,AI,0
2026-08-10 21:38:45,P099,12,,occasionally,male,19.png,REAL,REAL,1
2026-08-10 21:38:45,P099,12,,occasionally,male,20.png,REAL,AI,0
2026-08-10 21:38:45,P099,12,,occasionally,male,21.webp,REAL,AI,0
2026-08-10 21:38:45,P099,12,,occasionally,male,22.webp,AI,REAL,0
2026-08-10 21:38:45,P099,12,,occasionally,male,23.jpg,REAL,REAL,1
2026-08-10 21:38:45,P099,12,,occasionally,male,24.mp4,AI,AI,1
2026-08-10 21:38:45,P099,12,,occasionally,male,25.mov,REAL,REAL,1
2026-08-10 21:38:45,P099,12,,occasionally,male,26.mov,REAL,AI,0
2026-08-10 21:38:45,P099,12,,occasionally,male,27.jpeg,REAL,AI,0
2026-08-10 21:38:45,P099,12,,occasionally,male,28.jpg,AI,REAL,0
2026-08-10 21:38:45,P099,12,,occasionally,male,29.png,AI,REAL,0
2026-08-10 21:38:45,P099,12,,occasionally,male,30.jpg,REAL,REAL,1
2026-08-10 21:38:45,P099,12,,occasionally,male,31.jpg,AI,AI,1
2026-08-10 21:38:45,P099,12,,occasionally,male,32.png,AI,AI,1
2026-08-10 21:38:45,P099,12,,occasionally,male,33.png,AI,REAL,0
2026-08-10 21:38:45,P099,12,,occasionally,male,34.png,REAL,REAL,1
2026-08-10 21:38:45,P099,12,,occasionally,male,35.png,AI,AI,1
2026-08-10 21:38:45,P099,12,,occasionally,male,36.jpg,AI,REAL,0
2026-08-10 21:38:45,P099,12,,occasionally,male,37.mp4,AI,REAL,0
2026-08-10 21:38:45,P099,12,,occasionally,male,38.mp4,AI,AI,1
2026-08-10 21:45:33,P100,13,,daily,female,1.jpg,AI,AI,1
2026-08-10 21:45:33,P100,13,,daily,female,2.jpg,REAL,REAL,1
2026-08-10 21:45:33,P100,13,,daily,female,3.jpg,AI,REAL,0
2026-08-10 21:45:33,P100,13,,daily,female,4.mp4,REAL,AI,0
2026-08-10 21:45:33,P100,13,,daily,female,5.png,AI,AI,1
2026-08-10 21:45:33,P100,13,,daily,female,6.png,REAL,AI,0
2026-08-10 21:45:33,P100,13,,daily,female,7.jpeg,AI,REAL,0
2026-08-10 21:45:33,P100,13,,daily,female,8.avif,AI,REAL,0
2026-08-10 21:45:33,P100,13,,daily,female,9.png,REAL,AI,0
2026-08-10 21:45:33,P100,13,,daily,female,10.webp,AI,REAL,0
2026-08-10 21:45:33,P100,13,,daily,female,11.jpg,AI,REAL,0
2026-08-10 21:45:33,P100,13,,daily,female,12.png,REAL,AI,0
2026-08-10 21:45:33,P100,13,,daily,female,13.jpg,REAL,AI,0
2026-08-10 21:45:33,P100,13,,daily,female,14.mp4,AI,REAL,0
2026-08-10 21:45:33,P100,13,,daily,female,15.png,REAL,AI,0
2026-08-10 21:45:33,P100,13,,daily,female,16.mp4,REAL,REAL,1
2026-08-10 21:45:33,P100,13,,daily,female,17.mp4,AI,AI,1
2026-08-10 21:45:33,P100,13,,daily,female,18.png,AI,AI,1
2026-08-10 21:45:33,P100,13,,daily,female,19.png,AI,REAL,0
2026-08-10 21:45:33,P100,13,,daily,female,20.png,REAL,AI,0
2026-08-10 21:45:33,P100,13,,daily,female,21.webp,REAL,AI,0
2026-08-10 21:45:33,P100,13,,daily,female,22.webp,AI,REAL,0
2026-08-10 21:45:33,P100,13,,daily,female,23.jpg,REAL,REAL,1
2026-08-10 21:45:33,P100,13,,daily,female,24.mp4,AI,AI,1
2026-08-10 21:45:33,P100,13,,daily,female,25.mov,REAL,REAL,1
2026-08-10 21:45:33,P100,13,,daily,female,26.mov,REAL,AI,0
2026-08-10 21:45:33,P100,13,,daily,female,27.jpeg,AI,AI,1
2026-08-10 21:45:33,P100,13,,daily,female,28.jpg,REAL,REAL,1
2026-08-10 21:45:33,P100,13,,daily,female,29.png,AI,REAL,0
2026-08-10 21:45:33,P100,13,,daily,female,30.jpg,AI,REAL,0
2026-08-10 21:45:33,P100,13,,daily,female,31.jpg,AI,AI,1
2026-08-10 21:45:33,P100,13,,daily,female,32.png,REAL,AI,0
2026-08-10 21:45:33,P100,13,,daily,female,33.png,REAL,REAL,1
2026-08-10 21:45:33,P100,13,,daily,female,34.png,REAL,REAL,1
2026-08-10 21:45:33,P100,13,,daily,female,35.png,REAL,AI,0
2026-08-10 21:45:33,P100,13,,daily,female,36.jpg,AI,REAL,0
2026-08-10 21:45:33,P100,13,,daily,female,37.mp4,AI,REAL,0
2026-08-10 21:45:33,P100,13,,daily,female,38.mp4,REAL,AI,0
2026-08-10 21:46:21,P101,16,,daily,female,1.jpg,REAL,AI,0
2026-08-10 21:46:21,P101,16,,daily,female,2.jpg,REAL,REAL,1
2026-08-10 21:46:21,P101,16,,daily,female,3.jpg,AI,REAL,0
2026-08-10 21:46:21,P101,16,,daily,female,4.mp4,REAL,AI,0
2026-08-10 21:46:21,P101,16,,daily,female,5.png,AI,AI,1
2026-08-10 21:46:21,P101,16,,daily,female,6.png,AI,AI,1
2026-08-10 21:46:21,P101,16,,daily,female,7.jpeg,REAL,REAL,1
2026-08-10 21:46:21,P101,16,,daily,female,8.avif,AI,REAL,0
2026-08-10 21:46:21,P101,16,,daily,female,9.png,REAL,AI,0
2026-08-10 21:46:21,P101,16,,daily,female,10.webp,AI,REAL,0
2026-08-10 21:46:21,P101,16,,daily,female,11.jpg,REAL,REAL,1
2026-08-10 21:46:21,P101,16,,daily,female,12.png,REAL,AI,0
2026-08-10 21:46:21,P101,16,,daily,female,13.jpg,REAL,AI,0
2026-08-10 21:46:21,P101,16,,daily,female,14.mp4,AI,REAL,0
2026-08-10 21:46:21,P101,16,,daily,female,15.png,REAL,AI,0
2026-08-10 21:46:21,P101,16,,daily,female,16.mp4,AI,REAL,0
2026-08-10 21:46:21,P101,16,,daily,female,17.mp4,REAL,AI,0
2026-08-10 21:46:21,P101,16,,daily,female,18.png,AI,AI,1
2026-08-10 21:46:21,P101,16,,daily,female,19.png,AI,REAL,0
2026-08-10 21:46:21,P101,16,,daily,female,20.png,REAL,AI,0
2026-08-10 21:46:21,P101,16,,daily,female,21.webp,REAL,AI,0
2026-08-10 21:46:21,P101,16,,daily,female,22.webp,AI,REAL,0
2026-08-10 21:46:21,P101,16,,daily,female,23.jpg,REAL,REAL,1
2026-08-10 21:46:21,P101,16,,daily,female,24.mp4,REAL,AI,0
2026-08-10 21:46:21,P101,16,,daily,female,25.mov,REAL,REAL,1
2026-08-10 21:46:21,P101,16,,daily,female,26.mov,REAL,AI,0
2026-08-10 21:46:21,P101,16,,daily,female,27.jpeg,REAL,AI,0
2026-08-10 21:46:21,P101,16,,daily,female,28.jpg,AI,REAL,0
2026-08-10 21:46:21,P101,16,,daily,female,29.png,AI,REAL,0
2026-08-10 21:46:21,P101,16,,daily,female,30.jpg,REAL,REAL,1
2026-08-10 21:46:21,P101,16,,daily,female,31.jpg,REAL,AI,0
2026-08-10 21:46:21,P101,16,,daily,female,32.png,REAL,AI,0
2026-08-10 21:46:21,P101,16,,daily,female,33.png,REAL,REAL,1
2026-08-10 21:46:21,P101,16,,daily,female,34.png,REAL,REAL,1
2026-08-10 21:46:21,P101,16,,daily,female,35.png,REAL,AI,0
2026-08-10 21:46:21,P101,16,,daily,female,36.jpg,REAL,REAL,1
2026-08-10 21:46:21,P101,16,,daily,female,37.mp4,REAL,REAL,1
2026-08-10 21:46:21,P101,16,,daily,female,38.mp4,REAL,AI,0
2026-08-10 21:50:14,P102,10,,occasionally,female,1.jpg,REAL,AI,0
2026-08-10 21:50:14,P102,10,,occasionally,female,2.jpg,REAL,REAL,1
2026-08-10 21:50:14,P102,10,,occasionally,female,3.jpg,AI,REAL,0
2026-08-10 21:50:14,P102,10,,occasionally,female,4.mp4,AI,AI,1
2026-08-10 21:50:14,P102,10,,occasionally,female,5.png,REAL,AI,0
2026-08-10 21:50:14,P102,10,,occasionally,female,6.png,AI,AI,1
2026-08-10 21:50:14,P102,10,,occasionally,female,7.jpeg,AI,REAL,0
2026-08-10 21:50:14,P102,10,,occasionally,female,8.avif,REAL,REAL,1
2026-08-10 21:50:14,P102,10,,occasionally,female,9.png,REAL,AI,0
2026-08-10 21:50:14,P102,10,,occasionally,female,10.webp,AI,REAL,0
2026-08-10 21:50:14,P102,10,,occasionally,female,11.jpg,AI,REAL,0
2026-08-10 21:50:14,P102,10,,occasionally,female,12.png,REAL,AI,0
2026-08-10 21:50:14,P102,10,,occasionally,female,13.jpg,REAL,AI,0
2026-08-10 21:50:14,P102,10,,occasionally,female,14.mp4,REAL,REAL,1
2026-08-10 21:50:14,P102,10,,occasionally,female,15.png,AI,AI,1
2026-08-10 21:50:14,P102,10,,occasionally,female,16.mp4,REAL,REAL,1
2026-08-10 21:50:14,P102,10,,occasionally,female,17.mp4,AI,AI,1
2026-08-10 21:50:14,P102,10,,occasionally,female,18.png,AI,AI,1
2026-08-10 21:50:14,P102,10,,occasionally,female,19.png,AI,REAL,0
2026-08-10 21:50:14,P102,10,,occasionally,female,20.png,REAL,AI,0
2026-08-10 21:50:14,P102,10,,occasionally,female,21.webp,REAL,AI,0
2026-08-10 21:50:14,P102,10,,occasionally,female,22.webp,REAL,REAL,1
2026-08-10 21:50:14,P102,10,,occasionally,female,23.jpg,REAL,REAL,1
2026-08-10 21:50:14,P102,10,,occasionally,female,24.mp4,AI,AI,1
2026-08-10 21:50:14,P102,10,,occasionally,female,25.mov,REAL,REAL,1
2026-08-10 21:50:14,P102,10,,occasionally,female,26.mov,REAL,AI,0
2026-08-10 21:50:14,P102,10,,occasionally,female,27.jpeg,REAL,AI,0
2026-08-10 21:50:14,P102,10,,occasionally,female,28.jpg,REAL,REAL,1
2026-08-10 21:50:14,P102,10,,occasionally,female,29.png,AI,REAL,0
2026-08-10 21:50:14,P102,10,,occasionally,female,30.jpg,REAL,REAL,1
2026-08-10 21:50:14,P102,10,,occasionally,female,31.jpg,AI,AI,1
2026-08-10 21:50:14,P102,10,,occasionally,female,32.png,REAL,AI,0
2026-08-10 21:50:14,P102,10,,occasionally,female,33.png,REAL,REAL,1
2026-08-10 21:50:14,P102,10,,occasionally,female,34.png,REAL,REAL,1
2026-08-10 21:50:14,P102,10,,occasionally,female,35.png,AI,AI,1
2026-08-10 21:50:14,P102,10,,occasionally,female,36.jpg,REAL,REAL,1
2026-08-10 21:50:14,P102,10,,occasionally,female,37.mp4,AI,REAL,0
2026-08-10 21:50:14,P102,10,,occasionally,female,38.mp4,REAL,AI,0
2026-08-10 21:53:17,P103,17,,daily,female,1.jpg,AI,AI,1
2026-08-10 21:53:17,P103,17,,daily,female,2.jpg,REAL,REAL,1
2026-08-10 21:53:17,P103,17,,daily,female,3.jpg,AI,REAL,0
2026-08-10 21:53:17,P103,17,,daily,female,4.mp4,AI,AI,1
2026-08-10 21:53:17,P103,17,,daily,female,5.png,REAL,AI,0
2026-08-10 21:53:17,P103,17,,daily,female,6.png,REAL,AI,0
2026-08-10 21:53:17,P103,17,,daily,female,7.jpeg,REAL,REAL,1
2026-08-10 21:53:17,P103,17,,daily,female,8.avif,AI,REAL,0
2026-08-10 21:53:17,P103,17,,daily,female,9.png,REAL,AI,0
2026-08-10 21:53:17,P103,17,,daily,female,10.webp,REAL,REAL,1
2026-08-10 21:53:17,P103,17,,daily,female,11.jpg,REAL,REAL,1
2026-08-10 21:53:17,P103,17,,daily,female,12.png,REAL,AI,0
2026-08-10 21:53:17,P103,17,,daily,female,13.jpg,REAL,AI,0
2026-08-10 21:53:17,P103,17,,daily,female,14.mp4,AI,REAL,0
2026-08-10 21:53:17,P103,17,,daily,female,15.png,AI,AI,1
2026-08-10 21:53:17,P103,17,,daily,female,16.mp4,AI,REAL,0
2026-08-10 21:53:17,P103,17,,daily,female,17.mp4,AI,AI,1
2026-08-10 21:53:17,P103,17,,daily,female,18.png,REAL,AI,0
2026-08-10 21:53:17,P103,17,,daily,female,19.png,AI,REAL,0
2026-08-10 21:53:17,P103,17,,daily,female,20.png,REAL,AI,0
2026-08-10 21:53:17,P103,17,,daily,female,21.webp,AI,AI,1
2026-08-10 21:53:17,P103,17,,daily,female,22.webp,REAL,REAL,1
2026-08-10 21:53:17,P103,17,,daily,female,23.jpg,REAL,REAL,1
2026-08-10 21:53:17,P103,17,,daily,female,24.mp4,AI,AI,1
2026-08-10 21:53:17,P103,17,,daily,female,25.mov,REAL,REAL,1
2026-08-10 21:53:17,P103,17,,daily,female,26.mov,AI,AI,1
2026-08-10 21:53:17,P103,17,,daily,female,27.jpeg,REAL,AI,0
2026-08-10 21:53:17,P103,17,,daily,female,28.jpg,REAL,REAL,1
2026-08-10 21:53:17,P103,17,,daily,female,29.png,REAL,REAL,1
2026-08-10 21:53:17,P103,17,,daily,female,30.jpg,REAL,REAL,1
2026-08-10 21:53:17,P103,17,,daily,female,31.jpg,REAL,AI,0
2026-08-10 21:53:17,P103,17,,daily,female,32.png,REAL,AI,0
2026-08-10 21:53:17,P103,17,,daily,female,33.png,REAL,REAL,1
2026-08-10 21:53:17,P103,17,,daily,female,34.png,REAL,REAL,1
2026-08-10 21:53:17,P103,17,,daily,female,35.png,REAL,AI,0
2026-08-10 21:53:17,P103,17,,daily,female,36.jpg,REAL,REAL,1
2026-08-10 21:53:17,P103,17,,daily,female,37.mp4,AI,REAL,0
2026-08-10 21:53:17,P103,17,,daily,female,38.mp4,AI,AI,1
2026-08-10 22:10:44,P104,59,,daily,male,1.jpg,AI,AI,1
2026-08-10 22:10:44,P104,59,,daily,male,2.jpg,AI,REAL,0
2026-08-10 22:10:44,P104,59,,daily,male,3.jpg,AI,REAL,0
2026-08-10 22:10:44,P104,59,,daily,male,4.mp4,REAL,AI,0
2026-08-10 22:10:44,P104,59,,daily,male,5.png,REAL,AI,0
2026-08-10 22:10:44,P104,59,,daily,male,6.png,REAL,AI,0
2026-08-10 22:10:44,P104,59,,daily,male,7.jpeg,AI,REAL,0
2026-08-10 22:10:44,P104,59,,daily,male,8.avif,AI,REAL,0
2026-08-10 22:10:44,P104,59,,daily,male,9.png,AI,AI,1
2026-08-10 22:10:44,P104,59,,daily,male,10.webp,AI,REAL,0
2026-08-10 22:10:44,P104,59,,daily,male,11.jpg,AI,REAL,0
2026-08-10 22:10:44,P104,59,,daily,male,12.png,REAL,AI,0
2026-08-10 22:10:44,P104,59,,daily,male,13.jpg,AI,AI,1
2026-08-10 22:10:44,P104,59,,daily,male,14.mp4,AI,REAL,0
2026-08-10 22:10:44,P104,59,,daily,male,15.png,REAL,AI,0
2026-08-10 22:10:44,P104,59,,daily,male,16.mp4,REAL,REAL,1
2026-08-10 22:10:44,P104,59,,daily,male,17.mp4,AI,AI,1
2026-08-10 22:10:44,P104,59,,daily,male,18.png,REAL,AI,0
2026-08-10 22:10:44,P104,59,,daily,male,19.png,AI,REAL,0
2026-08-10 22:10:44,P104,59,,daily,male,20.png,AI,AI,1
2026-08-10 22:10:44,P104,59,,daily,male,21.webp,REAL,AI,0
2026-08-10 22:10:44,P104,59,,daily,male,22.webp,REAL,REAL,1
2026-08-10 22:10:44,P104,59,,daily,male,23.jpg,REAL,REAL,1
2026-08-10 22:10:44,P104,59,,daily,male,24.mp4,REAL,AI,0
2026-08-10 22:10:44,P104,59,,daily,male,25.mov,AI,REAL,0
2026-08-10 22:10:44,P104,59,,daily,male,26.mov,AI,AI,1
2026-08-10 22:10:44,P104,59,,daily,male,27.jpeg,REAL,AI,0
2026-08-10 22:10:44,P104,59,,daily,male,28.jpg,REAL,REAL,1
2026-08-10 22:10:44,P104,59,,daily,male,29.png,REAL,REAL,1
2026-08-10 22:10:44,P104,59,,daily,male,30.jpg,AI,REAL,0
2026-08-10 22:10:44,P104,59,,daily,male,31.jpg,AI,AI,1
2026-08-10 22:10:44,P104,59,,daily,male,32.png,AI,AI,1
2026-08-10 22:10:44,P104,59,,daily,male,33.png,REAL,REAL,1
2026-08-10 22:10:44,P104,59,,daily,male,34.png,REAL,REAL,1
2026-08-10 22:10:44,P104,59,,daily,male,35.png,REAL,AI,0
2026-08-10 22:10:44,P104,59,,daily,male,36.jpg,AI,REAL,0
2026-08-10 22:10:44,P104,59,,daily,male,37.mp4,REAL,REAL,1
2026-08-10 22:10:44,P104,59,,daily,male,38.mp4,AI,AI,1
2026-08-10 22:19:43,P105,52,,occasionally,female,1.jpg,REAL,AI,0
2026-08-10 22:19:43,P105,52,,occasionally,female,2.jpg,REAL,REAL,1
2026-08-10 22:19:43,P105,52,,occasionally,female,3.jpg,REAL,REAL,1
2026-08-10 22:19:43,P105,52,,occasionally,female,4.mp4,REAL,AI,0
2026-08-10 22:19:43,P105,52,,occasionally,female,5.png,AI,AI,1
2026-08-10 22:19:43,P105,52,,occasionally,female,6.png,REAL,AI,0
2026-08-10 22:19:43,P105,52,,occasionally,female,7.jpeg,AI,REAL,0
2026-08-10 22:19:43,P105,52,,occasionally,female,8.avif,AI,REAL,0
2026-08-10 22:19:43,P105,52,,occasionally,female,9.png,REAL,AI,0
2026-08-10 22:19:43,P105,52,,occasionally,female,10.webp,REAL,REAL,1
2026-08-10 22:19:43,P105,52,,occasionally,female,11.jpg,AI,REAL,0
2026-08-10 22:19:43,P105,52,,occasionally,female,12.png,REAL,AI,0
2026-08-10 22:19:43,P105,52,,occasionally,female,13.jpg,REAL,AI,0
2026-08-10 22:19:43,P105,52,,occasionally,female,14.mp4,REAL,REAL,1
2026-08-10 22:19:43,P105,52,,occasionally,female,15.png,AI,AI,1
2026-08-10 22:19:43,P105,52,,occasionally,female,16.mp4,REAL,REAL,1
2026-08-10 22:19:43,P105,52,,occasionally,female,17.mp4,REAL,AI,0
2026-08-10 22:19:43,P105,52,,occasionally,female,18.png,REAL,AI,0
2026-08-10 22:19:43,P105,52,,occasionally,female,19.png,AI,REAL,0
2026-08-10 22:19:43,P105,52,,occasionally,female,20.png,AI,AI,1
2026-08-10 22:19:43,P105,52,,occasionally,female,21.webp,REAL,AI,0
2026-08-10 22:19:43,P105,52,,occasionally,female,22.webp,REAL,REAL,1
2026-08-10 22:19:43,P105,52,,occasionally,female,23.jpg,AI,REAL,0
2026-08-10 22:19:43,P105,52,,occasionally,female,24.mp4,AI,AI,1
2026-08-10 22:19:43,P105,52,,occasionally,female,25.mov,REAL,REAL,1
2026-08-10 22:19:43,P105,52,,occasionally,female,26.mov,REAL,AI,0
2026-08-10 22:19:43,P105,52,,occasionally,female,27.jpeg,REAL,AI,0
2026-08-10 22:19:43,P105,52,,occasionally,female,28.jpg,AI,REAL,0
2026-08-10 22:19:43,P105,52,,occasionally,female,29.png,REAL,REAL,1
2026-08-10 22:19:43,P105,52,,occasionally,female,30.jpg,AI,REAL,0
2026-08-10 22:19:43,P105,52,,occasionally,female,31.jpg,AI,AI,1
2026-08-10 22:19:43,P105,52,,occasionally,female,32.png,REAL,AI,0
2026-08-10 22:19:43,P105,52,,occasionally,female,33.png,REAL,REAL,1
2026-08-10 22:19:43,P105,52,,occasionally,female,34.png,REAL,REAL,1
2026-08-10 22:19:43,P105,52,,occasionally,female,35.png,REAL,AI,0
2026-08-10 22:19:43,P105,52,,occasionally,female,36.jpg,AI,REAL,0
2026-08-10 22:19:43,P105,52,,occasionally,female,37.mp4,REAL,REAL,1
2026-08-10 22:19:43,P105,52,,occasionally,female,38.mp4,AI,AI,1
2026-08-10 22:38:35,P106,17,,daily,female,1.jpg,AI,AI,1
2026-08-10 22:38:35,P106,17,,daily,female,2.jpg,REAL,REAL,1
2026-08-10 22:38:35,P106,17,,daily,female,3.jpg,REAL,REAL,1
2026-08-10 22:38:35,P106,17,,daily,female,4.mp4,AI,AI,1
2026-08-10 22:38:35,P106,17,,daily,female,5.png,REAL,AI,0
2026-08-10 22:38:35,P106,17,,daily,female,6.png,REAL,AI,0
2026-08-10 22:38:35,P106,17,,daily,female,7.jpeg,REAL,REAL,1
2026-08-10 22:38:35,P106,17,,daily,female,8.avif,AI,REAL,0
2026-08-10 22:38:35,P106,17,,daily,female,9.png,REAL,AI,0
2026-08-10 22:38:35,P106,17,,daily,female,10.webp,REAL,REAL,1
2026-08-10 22:38:35,P106,17,,daily,female,11.jpg,AI,REAL,0
2026-08-10 22:38:35,P106,17,,daily,female,12.png,REAL,AI,0
2026-08-10 22:38:35,P106,17,,daily,female,13.jpg,REAL,AI,0
2026-08-10 22:38:35,P106,17,,daily,female,14.mp4,AI,REAL,0
2026-08-10 22:38:35,P106,17,,daily,female,15.png,AI,AI,1
2026-08-10 22:38:35,P106,17,,daily,female,16.mp4,AI,REAL,0
2026-08-10 22:38:35,P106,17,,daily,female,17.mp4,AI,AI,1
2026-08-10 22:38:35,P106,17,,daily,female,18.png,AI,AI,1
2026-08-10 22:38:35,P106,17,,daily,female,19.png,AI,REAL,0
2026-08-10 22:38:35,P106,17,,daily,female,20.png,AI,AI,1
2026-08-10 22:38:35,P106,17,,daily,female,21.webp,REAL,AI,0
2026-08-10 22:38:35,P106,17,,daily,female,22.webp,REAL,REAL,1
2026-08-10 22:38:35,P106,17,,daily,female,23.jpg,REAL,REAL,1
2026-08-10 22:38:35,P106,17,,daily,female,24.mp4,AI,AI,1
2026-08-10 22:38:35,P106,17,,daily,female,25.mov,AI,REAL,0
2026-08-10 22:38:35,P106,17,,daily,female,26.mov,REAL,AI,0
2026-08-10 22:38:35,P106,17,,daily,female,27.jpeg,REAL,AI,0
2026-08-10 22:38:35,P106,17,,daily,female,28.jpg,REAL,REAL,1
2026-08-10 22:38:35,P106,17,,daily,female,29.png,AI,REAL,0
2026-08-10 22:38:35,P106,17,,daily,female,30.jpg,REAL,REAL,1
2026-08-10 22:38:35,P106,17,,daily,female,31.jpg,AI,AI,1
2026-08-10 22:38:35,P106,17,,daily,female,32.png,REAL,AI,0
2026-08-10 22:38:35,P106,17,,daily,female,33.png,REAL,REAL,1
2026-08-10 22:38:35,P106,17,,daily,female,34.png,REAL,REAL,1
2026-08-10 22:38:35,P106,17,,daily,female,35.png,AI,AI,1
2026-08-10 22:38:35,P106,17,,daily,female,36.jpg,AI,REAL,0
2026-08-10 22:38:35,P106,17,,daily,female,37.mp4,AI,REAL,0
2026-08-10 22:38:35,P106,17,,daily,female,38.mp4,AI,AI,1
2026-08-11 03:35:40,P107,62,,never,male,1.jpg,AI,AI,1
2026-08-11 03:35:40,P107,62,,never,male,2.jpg,REAL,REAL,1
2026-08-11 03:35:40,P107,62,,never,male,3.jpg,REAL,REAL,1
2026-08-11 03:35:40,P107,62,,never,male,4.mp4,REAL,AI,0
2026-08-11 03:35:40,P107,62,,never,male,5.png,REAL,AI,0
2026-08-11 03:35:40,P107,62,,never,male,6.png,REAL,AI,0
2026-08-11 03:35:40,P107,62,,never,male,7.jpeg,AI,REAL,0
2026-08-11 03:35:40,P107,62,,never,male,8.avif,REAL,REAL,1
2026-08-11 03:35:40,P107,62,,never,male,9.png,AI,AI,1
2026-08-11 03:35:40,P107,62,,never,male,10.webp,REAL,REAL,1
2026-08-11 03:35:40,P107,62,,never,male,11.jpg,AI,REAL,0
2026-08-11 03:35:40,P107,62,,never,male,12.png,REAL,AI,0
2026-08-11 03:35:40,P107,62,,never,male,13.jpg,REAL,AI,0
2026-08-11 03:35:40,P107,62,,never,male,14.mp4,AI,REAL,0
2026-08-11 03:35:40,P107,62,,never,male,15.png,REAL,AI,0
2026-08-11 03:35:40,P107,62,,never,male,16.mp4,AI,REAL,0
2026-08-11 03:35:40,P107,62,,never,male,17.mp4,REAL,AI,0
2026-08-11 03:35:40,P107,62,,never,male,18.png,REAL,AI,0
2026-08-11 03:35:40,P107,62,,never,male,19.png,REAL,REAL,1
2026-08-11 03:35:40,P107,62,,never,male,20.png,REAL,AI,0
2026-08-11 03:35:40,P107,62,,never,male,21.webp,REAL,AI,0
2026-08-11 03:35:40,P107,62,,never,male,22.webp,REAL,REAL,1
2026-08-11 03:35:40,P107,62,,never,male,23.jpg,REAL,REAL,1
2026-08-11 03:35:40,P107,62,,never,male,24.mp4,AI,AI,1
2026-08-11 03:35:40,P107,62,,never,male,25.mov,REAL,REAL,1
2026-08-11 03:35:40,P107,62,,never,male,26.mov,AI,AI,1
2026-08-11 03:35:40,P107,62,,never,male,27.jpeg,REAL,AI,0
2026-08-11 03:35:40,P107,62,,never,male,28.jpg,REAL,REAL,1
2026-08-11 03:35:40,P107,62,,never,male,29.png,REAL,REAL,1
2026-08-11 03:35:40,P107,62,,never,male,30.jpg,AI,REAL,0
2026-08-11 03:35:40,P107,62,,never,male,31.jpg,AI,AI,1
2026-08-11 03:35:40,P107,62,,never,male,32.png,REAL,AI,0
2026-08-11 03:35:40,P107,62,,never,male,33.png,REAL,REAL,1
2026-08-11 03:35:40,P107,62,,never,male,34.png,REAL,REAL,1
2026-08-11 03:35:40,P107,62,,never,male,35.png,REAL,AI,0
2026-08-11 03:35:40,P107,62,,never,male,36.jpg,AI,REAL,0
2026-08-11 03:35:40,P107,62,,never,male,37.mp4,AI,REAL,0
2026-08-11 03:35:40,P107,62,,never,male,38.mp4,REAL,AI,0
2026-08-11 03:35:59,P108,50,,never,female,1.jpg,REAL,AI,0
2026-08-11 03:35:59,P108,50,,never,female,2.jpg,REAL,REAL,1
2026-08-11 03:35:59,P108,50,,never,female,3.jpg,REAL,REAL,1
2026-08-11 03:35:59,P108,50,,never,female,4.mp4,REAL,AI,0
2026-08-11 03:35:59,P108,50,,never,female,5.png,REAL,AI,0
2026-08-11 03:35:59,P108,50,,never,female,6.png,AI,AI,1
2026-08-11 03:35:59,P108,50,,never,female,7.jpeg,AI,REAL,0
2026-08-11 03:35:59,P108,50,,never,female,8.avif,AI,REAL,0
2026-08-11 03:35:59,P108,50,,never,female,9.png,AI,AI,1
2026-08-11 03:35:59,P108,50,,never,female,10.webp,AI,REAL,0
2026-08-11 03:35:59,P108,50,,never,female,11.jpg,AI,REAL,0
2026-08-11 03:35:59,P108,50,,never,female,12.png,REAL,AI,0
2026-08-11 03:35:59,P108,50,,never,female,13.jpg,REAL,AI,0
2026-08-11 03:35:59,P108,50,,never,female,14.mp4,AI,REAL,0
2026-08-11 03:35:59,P108,50,,never,female,15.png,AI,AI,1
2026-08-11 03:35:59,P108,50,,never,female,16.mp4,REAL,REAL,1
2026-08-11 03:35:59,P108,50,,never,female,17.mp4,REAL,AI,0
2026-08-11 03:35:59,P108,50,,never,female,18.png,REAL,AI,0
2026-08-11 03:35:59,P108,50,,never,female,19.png,AI,REAL,0
2026-08-11 03:35:59,P108,50,,never,female,20.png,REAL,AI,0
2026-08-11 03:35:59,P108,50,,never,female,21.webp,REAL,AI,0
2026-08-11 03:35:59,P108,50,,never,female,22.webp,REAL,REAL,1
2026-08-11 03:35:59,P108,50,,never,female,23.jpg,REAL,REAL,1
2026-08-11 03:35:59,P108,50,,never,female,24.mp4,AI,AI,1
2026-08-11 03:35:59,P108,50,,never,female,25.mov,AI,REAL,0
2026-08-11 03:35:59,P108,50,,never,female,26.mov,AI,AI,1
2026-08-11 03:35:59,P108,50,,never,female,27.jpeg,REAL,AI,0
2026-08-11 03:35:59,P108,50,,never,female,28.jpg,REAL,REAL,1
2026-08-11 03:35:59,P108,50,,never,female,29.png,AI,REAL,0
2026-08-11 03:35:59,P108,50,,never,female,30.jpg,REAL,REAL,1
2026-08-11 03:35:59,P108,50,,never,female,31.jpg,AI,AI,1
2026-08-11 03:35:59,P108,50,,never,female,32.png,REAL,AI,0
2026-08-11 03:35:59,P108,50,,never,female,33.png,REAL,REAL,1
2026-08-11 03:35:59,P108,50,,never,female,34.png,REAL,REAL,1
2026-08-11 03:35:59,P108,50,,never,female,35.png,AI,AI,1
2026-08-11 03:35:59,P108,50,,never,female,36.jpg,AI,REAL,0
2026-08-11 03:35:59,P108,50,,never,female,37.mp4,AI,REAL,0
2026-08-11 03:35:59,P108,50,,never,female,38.mp4,AI,AI,1
2026-08-11 04:57:07,P109,11,,daily,female,1.jpg,REAL,AI,0
2026-08-11 04:57:07,P109,11,,daily,female,2.jpg,REAL,REAL,1
2026-08-11 04:57:07,P109,11,,daily,female,3.jpg,AI,REAL,0
2026-08-11 04:57:07,P109,11,,daily,female,4.mp4,REAL,AI,0
2026-08-11 04:57:07,P109,11,,daily,female,5.png,REAL,AI,0
2026-08-11 04:57:07,P109,11,,daily,female,6.png,REAL,AI,0
2026-08-11 04:57:07,P109,11,,daily,female,7.jpeg,AI,REAL,0
2026-08-11 04:57:07,P109,11,,daily,female,8.avif,AI,REAL,0
2026-08-11 04:57:07,P109,11,,daily,female,9.png,AI,AI,1
2026-08-11 04:57:07,P109,11,,daily,female,10.webp,AI,REAL,0
2026-08-11 04:57:07,P109,11,,daily,female,11.jpg,AI,REAL,0
2026-08-11 04:57:07,P109,11,,daily,female,12.png,REAL,AI,0
2026-08-11 04:57:07,P109,11,,daily,female,13.jpg,REAL,AI,0
2026-08-11 04:57:07,P109,11,,daily,female,14.mp4,AI,REAL,0
2026-08-11 04:57:07,P109,11,,daily,female,15.png,AI,AI,1
2026-08-11 04:57:07,P109,11,,daily,female,16.mp4,AI,REAL,0
2026-08-11 04:57:07,P109,11,,daily,female,17.mp4,AI,AI,1
2026-08-11 04:57:07,P109,11,,daily,female,18.png,REAL,AI,0
2026-08-11 04:57:07,P109,11,,daily,female,19.png,AI,REAL,0
2026-08-11 04:57:07,P109,11,,daily,female,20.png,AI,AI,1
2026-08-11 04:57:07,P109,11,,daily,female,21.webp,REAL,AI,0
2026-08-11 04:57:07,P109,11,,daily,female,22.webp,AI,REAL,0
2026-08-11 04:57:07,P109,11,,daily,female,23.jpg,REAL,REAL,1
2026-08-11 04:57:07,P109,11,,daily,female,24.mp4,AI,AI,1
2026-08-11 04:57:07,P109,11,,daily,female,25.mov,AI,REAL,0
2026-08-11 04:57:07,P109,11,,daily,female,26.mov,AI,AI,1
2026-08-11 04:57:07,P109,11,,daily,female,27.jpeg,AI,AI,1
2026-08-11 04:57:07,P109,11,,daily,female,28.jpg,REAL,REAL,1
2026-08-11 04:57:07,P109,11,,daily,female,29.png,REAL,REAL,1
2026-08-11 04:57:07,P109,11,,daily,female,30.jpg,REAL,REAL,1
2026-08-11 04:57:07,P109,11,,daily,female,31.jpg,AI,AI,1
2026-08-11 04:57:07,P109,11,,daily,female,32.png,AI,AI,1
2026-08-11 04:57:07,P109,11,,daily,female,33.png,AI,REAL,0
2026-08-11 04:57:07,P109,11,,daily,female,34.png,REAL,REAL,1
2026-08-11 04:57:07,P109,11,,daily,female,35.png,AI,AI,1
2026-08-11 04:57:07,P109,11,,daily,female,36.jpg,REAL,REAL,1
2026-08-11 04:57:07,P109,11,,daily,female,37.mp4,AI,REAL,0
2026-08-11 04:57:07,P109,11,,daily,female,38.mp4,AI,AI,1
2026-08-11 05:14:29,P110,49,,occasionally,female,1.jpg,AI,AI,1
2026-08-11 05:14:29,P110,49,,occasionally,female,2.jpg,REAL,REAL,1
2026-08-11 05:14:29,P110,49,,occasionally,female,3.jpg,REAL,REAL,1
2026-08-11 05:14:29,P110,49,,occasionally,female,4.mp4,AI,AI,1
2026-08-11 05:14:29,P110,49,,occasionally,female,5.png,REAL,AI,0
2026-08-11 05:14:29,P110,49,,occasionally,female,6.png,REAL,AI,0
2026-08-11 05:14:29,P110,49,,occasionally,female,7.jpeg,REAL,REAL,1
2026-08-11 05:14:29,P110,49,,occasionally,female,8.avif,AI,REAL,0
2026-08-11 05:14:29,P110,49,,occasionally,female,9.png,REAL,AI,0
2026-08-11 05:14:29,P110,49,,occasionally,female,10.webp,REAL,REAL,1
2026-08-11 05:14:29,P110,49,,occasionally,female,11.jpg,REAL,REAL,1
2026-08-11 05:14:29,P110,49,,occasionally,female,12.png,REAL,AI,0
2026-08-11 05:14:29,P110,49,,occasionally,female,13.jpg,REAL,AI,0
2026-08-11 05:14:29,P110,49,,occasionally,female,14.mp4,REAL,REAL,1
2026-08-11 05:14:29,P110,49,,occasionally,female,15.png,AI,AI,1
2026-08-11 05:14:29,P110,49,,occasionally,female,16.mp4,REAL,REAL,1
2026-08-11 05:14:29,P110,49,,occasionally,female,17.mp4,REAL,AI,0
2026-08-11 05:14:29,P110,49,,occasionally,female,18.png,AI,AI,1
2026-08-11 05:14:29,P110,49,,occasionally,female,19.png,AI,REAL,0
2026-08-11 05:14:29,P110,49,,occasionally,female,20.png,AI,AI,1
2026-08-11 05:14:29,P110,49,,occasionally,female,21.webp,REAL,AI,0
2026-08-11 05:14:29,P110,49,,occasionally,female,22.webp,REAL,REAL,1
2026-08-11 05:14:29,P110,49,,occasionally,female,23.jpg,REAL,REAL,1
2026-08-11 05:14:29,P110,49,,occasionally,female,24.mp4,REAL,AI,0
2026-08-11 05:14:29,P110,49,,occasionally,female,25.mov,REAL,REAL,1
2026-08-11 05:14:29,P110,49,,occasionally,female,26.mov,REAL,AI,0
2026-08-11 05:14:29,P110,49,,occasionally,female,27.jpeg,REAL,AI,0
2026-08-11 05:14:29,P110,49,,occasionally,female,28.jpg,REAL,REAL,1
2026-08-11 05:14:29,P110,49,,occasionally,female,29.png,AI,REAL,0
2026-08-11 05:14:29,P110,49,,occasionally,female,30.jpg,AI,REAL,0
2026-08-11 05:14:29,P110,49,,occasionally,female,31.jpg,AI,AI,1
2026-08-11 05:14:29,P110,49,,occasionally,female,32.png,REAL,AI,0
2026-08-11 05:14:29,P110,49,,occasionally,female,33.png,REAL,REAL,1
2026-08-11 05:14:29,P110,49,,occasionally,female,34.png,REAL,REAL,1
2026-08-11 05:14:29,P110,49,,occasionally,female,35.png,REAL,AI,0
2026-08-11 05:14:29,P110,49,,occasionally,female,36.jpg,REAL,REAL,1
2026-08-11 05:14:29,P110,49,,occasionally,female,37.mp4,AI,REAL,0
2026-08-11 05:14:29,P110,49,,occasionally,female,38.mp4,REAL,AI,0
2026-08-11 05:38:55,P111,56,,frequently,female,1.jpg,AI,AI,1
2026-08-11 05:38:55,P111,56,,frequently,female,2.jpg,REAL,REAL,1
2026-08-11 05:38:55,P111,56,,frequently,female,3.jpg,REAL,REAL,1
2026-08-11 05:38:55,P111,56,,frequently,female,4.mp4,AI,AI,1
2026-08-11 05:38:55,P111,56,,frequently,female,5.png,AI,AI,1
2026-08-11 05:38:55,P111,56,,frequently,female,6.png,AI,AI,1
2026-08-11 05:38:55,P111,56,,frequently,female,7.jpeg,AI,REAL,0
2026-08-11 05:38:55,P111,56,,frequently,female,8.avif,AI,REAL,0
2026-08-11 05:38:55,P111,56,,frequently,female,9.png,AI,AI,1
2026-08-11 05:38:55,P111,56,,frequently,female,10.webp,AI,REAL,0
2026-08-11 05:38:55,P111,56,,frequently,female,11.jpg,REAL,REAL,1
2026-08-11 05:38:55,P111,56,,frequently,female,12.png,AI,AI,1
2026-08-11 05:38:55,P111,56,,frequently,female,13.jpg,AI,AI,1
2026-08-11 05:38:55,P111,56,,frequently,female,14.mp4,AI,REAL,0
2026-08-11 05:38:55,P111,56,,frequently,female,15.png,REAL,AI,0
2026-08-11 05:38:55,P111,56,,frequently,female,16.mp4,AI,REAL,0
2026-08-11 05:38:55,P111,56,,frequently,female,17.mp4,AI,AI,1
2026-08-11 05:38:55,P111,56,,frequently,female,18.png,REAL,AI,0
2026-08-11 05:38:55,P111,56,,frequently,female,19.png,REAL,REAL,1
2026-08-11 05:38:55,P111,56,,frequently,female,20.png,AI,AI,1
2026-08-11 05:38:55,P111,56,,frequently,female,21.webp,REAL,AI,0
2026-08-11 05:38:55,P111,56,,frequently,female,22.webp,REAL,REAL,1
2026-08-11 05:38:55,P111,56,,frequently,female,23.jpg,REAL,REAL,1
2026-08-11 05:38:55,P111,56,,frequently,female,24.mp4,REAL,AI,0
2026-08-11 05:38:55,P111,56,,frequently,female,25.mov,AI,REAL,0
2026-08-11 05:38:55,P111,56,,frequently,female,26.mov,AI,AI,1
2026-08-11 05:38:55,P111,56,,frequently,female,27.jpeg,REAL,AI,0
2026-08-11 05:38:55,P111,56,,frequently,female,28.jpg,REAL,REAL,1
2026-08-11 05:38:55,P111,56,,frequently,female,29.png,AI,REAL,0
2026-08-11 05:38:55,P111,56,,frequently,female,30.jpg,AI,REAL,0
2026-08-11 05:38:55,P111,56,,frequently,female,31.jpg,AI,AI,1
2026-08-11 05:38:55,P111,56,,frequently,female,32.png,REAL,AI,0
2026-08-11 05:38:55,P111,56,,frequently,female,33.png,AI,REAL,0
2026-08-11 05:38:55,P111,56,,frequently,female,34.png,REAL,REAL,1
2026-08-11 05:38:55,P111,56,,frequently,female,35.png,REAL,AI,0
2026-08-11 05:38:55,P111,56,,frequently,female,36.jpg,REAL,REAL,1
2026-08-11 05:38:55,P111,56,,frequently,female,37.mp4,AI,REAL,0
2026-08-11 05:38:55,P111,56,,frequently,female,38.mp4,REAL,AI,0
2026-08-11 05:57:44,P112,44,,occasionally,male,1.jpg,REAL,AI,0
2026-08-11 05:57:44,P112,44,,occasionally,male,2.jpg,REAL,REAL,1
2026-08-11 05:57:44,P112,44,,occasionally,male,3.jpg,REAL,REAL,1
2026-08-11 05:57:44,P112,44,,occasionally,male,4.mp4,REAL,AI,0
2026-08-11 05:57:44,P112,44,,occasionally,male,5.png,REAL,AI,0
2026-08-11 05:57:44,P112,44,,occasionally,male,6.png,REAL,AI,0
2026-08-11 05:57:44,P112,44,,occasionally,male,7.jpeg,REAL,REAL,1
2026-08-11 05:57:44,P112,44,,occasionally,male,8.avif,REAL,REAL,1
2026-08-11 05:57:44,P112,44,,occasionally,male,9.png,REAL,AI,0
2026-08-11 05:57:44,P112,44,,occasionally,male,10.webp,AI,REAL,0
2026-08-11 05:57:44,P112,44,,occasionally,male,11.jpg,REAL,REAL,1
2026-08-11 05:57:44,P112,44,,occasionally,male,12.png,REAL,AI,0
2026-08-11 05:57:44,P112,44,,occasionally,male,13.jpg,REAL,AI,0
2026-08-11 05:57:44,P112,44,,occasionally,male,14.mp4,AI,REAL,0
2026-08-11 05:57:44,P112,44,,occasionally,male,15.png,AI,AI,1
2026-08-11 05:57:44,P112,44,,occasionally,male,16.mp4,REAL,REAL,1
2026-08-11 05:57:44,P112,44,,occasionally,male,17.mp4,REAL,AI,0
2026-08-11 05:57:44,P112,44,,occasionally,male,18.png,REAL,AI,0
2026-08-11 05:57:44,P112,44,,occasionally,male,19.png,REAL,REAL,1
2026-08-11 05:57:44,P112,44,,occasionally,male,20.png,REAL,AI,0
2026-08-11 05:57:44,P112,44,,occasionally,male,21.webp,REAL,AI,0
2026-08-11 05:57:44,P112,44,,occasionally,male,22.webp,REAL,REAL,1
2026-08-11 05:57:44,P112,44,,occasionally,male,23.jpg,REAL,REAL,1
2026-08-11 05:57:44,P112,44,,occasionally,male,24.mp4,REAL,AI,0
2026-08-11 05:57:44,P112,44,,occasionally,male,25.mov,REAL,REAL,1
2026-08-11 05:57:44,P112,44,,occasionally,male,26.mov,REAL,AI,0
2026-08-11 05:57:44,P112,44,,occasionally,male,27.jpeg,REAL,AI,0
2026-08-11 05:57:44,P112,44,,occasionally,male,28.jpg,REAL,REAL,1
2026-08-11 05:57:44,P112,44,,occasionally,male,29.png,AI,REAL,0
2026-08-11 05:57:44,P112,44,,occasionally,male,30.jpg,REAL,REAL,1
2026-08-11 05:57:44,P112,44,,occasionally,male,31.jpg,REAL,AI,0
2026-08-11 05:57:44,P112,44,,occasionally,male,32.png,AI,AI,1
2026-08-11 05:57:44,P112,44,,occasionally,male,33.png,REAL,REAL,1
2026-08-11 05:57:44,P112,44,,occasionally,male,34.png,REAL,REAL,1
2026-08-11 05:57:44,P112,44,,occasionally,male,35.png,REAL,AI,0
2026-08-11 05:57:44,P112,44,,occasionally,male,36.jpg,REAL,REAL,1
2026-08-11 05:57:44,P112,44,,occasionally,male,37.mp4,REAL,REAL,1
2026-08-11 05:57:44,P112,44,,occasionally,male,38.mp4,AI,AI,1
2026-08-11 05:57:56,P113,45,,occasionally,female,1.jpg,AI,AI,1
2026-08-11 05:57:56,P113,45,,occasionally,female,2.jpg,AI,REAL,0
2026-08-11 05:57:56,P113,45,,occasionally,female,3.jpg,REAL,REAL,1
2026-08-11 05:57:56,P113,45,,occasionally,female,4.mp4,AI,AI,1
2026-08-11 05:57:56,P113,45,,occasionally,female,5.png,REAL,AI,0
2026-08-11 05:57:56,P113,45,,occasionally,female,6.png,REAL,AI,0
2026-08-11 05:57:56,P113,45,,occasionally,female,7.jpeg,AI,REAL,0
2026-08-11 05:57:56,P113,45,,occasionally,female,8.avif,REAL,REAL,1
2026-08-11 05:57:56,P113,45,,occasionally,female,9.png,REAL,AI,0
2026-08-11 05:57:56,P113,45,,occasionally,female,10.webp,REAL,REAL,1
2026-08-11 05:57:56,P113,45,,occasionally,female,11.jpg,REAL,REAL,1
2026-08-11 05:57:56,P113,45,,occasionally,female,12.png,REAL,AI,0
2026-08-11 05:57:56,P113,45,,occasionally,female,13.jpg,REAL,AI,0
2026-08-11 05:57:56,P113,45,,occasionally,female,14.mp4,AI,REAL,0
2026-08-11 05:57:56,P113,45,,occasionally,female,15.png,AI,AI,1
2026-08-11 05:57:56,P113,45,,occasionally,female,16.mp4,REAL,REAL,1
2026-08-11 05:57:56,P113,45,,occasionally,female,17.mp4,REAL,AI,0
2026-08-11 05:57:56,P113,45,,occasionally,female,18.png,REAL,AI,0
2026-08-11 05:57:56,P113,45,,occasionally,female,19.png,AI,REAL,0
2026-08-11 05:57:56,P113,45,,occasionally,female,20.png,REAL,AI,0
2026-08-11 05:57:56,P113,45,,occasionally,female,21.webp,REAL,AI,0
2026-08-11 05:57:56,P113,45,,occasionally,female,22.webp,AI,REAL,0
2026-08-11 05:57:56,P113,45,,occasionally,female,23.jpg,REAL,REAL,1
2026-08-11 05:57:56,P113,45,,occasionally,female,24.mp4,REAL,AI,0
2026-08-11 05:57:56,P113,45,,occasionally,female,25.mov,REAL,REAL,1
2026-08-11 05:57:56,P113,45,,occasionally,female,26.mov,REAL,AI,0
2026-08-11 05:57:56,P113,45,,occasionally,female,27.jpeg,REAL,AI,0
2026-08-11 05:57:56,P113,45,,occasionally,female,28.jpg,REAL,REAL,1
2026-08-11 05:57:56,P113,45,,occasionally,female,29.png,AI,REAL,0
2026-08-11 05:57:56,P113,45,,occasionally,female,30.jpg,AI,REAL,0
2026-08-11 05:57:56,P113,45,,occasionally,female,31.jpg,AI,AI,1
2026-08-11 05:57:56,P113,45,,occasionally,female,32.png,REAL,AI,0
2026-08-11 05:57:56,P113,45,,occasionally,female,33.png,REAL,REAL,1
2026-08-11 05:57:56,P113,45,,occasionally,female,34.png,REAL,REAL,1
2026-08-11 05:57:56,P113,45,,occasionally,female,35.png,REAL,AI,0
2026-08-11 05:57:56,P113,45,,occasionally,female,36.jpg,REAL,REAL,1
2026-08-11 05:57:56,P113,45,,occasionally,female,37.mp4,REAL,REAL,1
2026-08-11 05:57:56,P113,45,,occasionally,female,38.mp4,REAL,AI,0
2026-08-11 06:07:09,P114,58,,daily,male,1.jpg,REAL,AI,0
2026-08-11 06:07:09,P114,58,,daily,male,2.jpg,REAL,REAL,1
2026-08-11 06:07:09,P114,58,,daily,male,3.jpg,REAL,REAL,1
2026-08-11 06:07:09,P114,58,,daily,male,4.mp4,AI,AI,1
2026-08-11 06:07:09,P114,58,,daily,male,5.png,REAL,AI,0
2026-08-11 06:07:09,P114,58,,daily,male,6.png,REAL,AI,0
2026-08-11 06:07:09,P114,58,,daily,male,7.jpeg,AI,REAL,0
2026-08-11 06:07:09,P114,58,,daily,male,8.avif,AI,REAL,0
2026-08-11 06:07:09,P114,58,,daily,male,9.png,REAL,AI,0
2026-08-11 06:07:09,P114,58,,daily,male,10.webp,AI,REAL,0
2026-08-11 06:07:09,P114,58,,daily,male,11.jpg,REAL,REAL,1
2026-08-11 06:07:09,P114,58,,daily,male,12.png,REAL,AI,0
2026-08-11 06:07:09,P114,58,,daily,male,13.jpg,REAL,AI,0
2026-08-11 06:07:09,P114,58,,daily,male,14.mp4,AI,REAL,0
2026-08-11 06:07:09,P114,58,,daily,male,15.png,REAL,AI,0
2026-08-11 06:07:09,P114,58,,daily,male,16.mp4,AI,REAL,0
2026-08-11 06:07:09,P114,58,,daily,male,17.mp4,REAL,AI,0
2026-08-11 06:07:09,P114,58,,daily,male,18.png,REAL,AI,0
2026-08-11 06:07:09,P114,58,,daily,male,19.png,AI,REAL,0
2026-08-11 06:07:09,P114,58,,daily,male,20.png,REAL,AI,0
2026-08-11 06:07:09,P114,58,,daily,male,21.webp,REAL,AI,0
2026-08-11 06:07:09,P114,58,,daily,male,22.webp,REAL,REAL,1
2026-08-11 06:07:09,P114,58,,daily,male,23.jpg,AI,REAL,0
2026-08-11 06:07:09,P114,58,,daily,male,24.mp4,REAL,AI,0
2026-08-11 06:07:09,P114,58,,daily,male,25.mov,REAL,REAL,1
2026-08-11 06:07:09,P114,58,,daily,male,26.mov,AI,AI,1
2026-08-11 06:07:09,P114,58,,daily,male,27.jpeg,REAL,AI,0
2026-08-11 06:07:09,P114,58,,daily,male,28.jpg,REAL,REAL,1
2026-08-11 06:07:09,P114,58,,daily,male,29.png,REAL,REAL,1
2026-08-11 06:07:09,P114,58,,daily,male,30.jpg,AI,REAL,0
2026-08-11 06:07:09,P114,58,,daily,male,31.jpg,REAL,AI,0
2026-08-11 06:07:09,P114,58,,daily,male,32.png,REAL,AI,0
2026-08-11 06:07:09,P114,58,,daily,male,33.png,REAL,REAL,1
2026-08-11 06:07:09,P114,58,,daily,male,34.png,REAL,REAL,1
2026-08-11 06:07:09,P114,58,,daily,male,35.png,REAL,AI,0
2026-08-11 06:07:09,P114,58,,daily,male,36.jpg,AI,REAL,0
2026-08-11 06:07:09,P114,58,,daily,male,37.mp4,REAL,REAL,1
2026-08-11 06:07:09,P114,58,,daily,male,38.mp4,AI,AI,1
2026-08-11 06:10:57,P115,54,,never,male,1.jpg,REAL,AI,0
2026-08-11 06:10:57,P115,54,,never,male,2.jpg,REAL,REAL,1
2026-08-11 06:10:57,P115,54,,never,male,3.jpg,REAL,REAL,1
2026-08-11 06:10:57,P115,54,,never,male,4.mp4,AI,AI,1
2026-08-11 06:10:57,P115,54,,never,male,5.png,REAL,AI,0
2026-08-11 06:10:57,P115,54,,never,male,6.png,REAL,AI,0
2026-08-11 06:10:57,P115,54,,never,male,7.jpeg,AI,REAL,0
2026-08-11 06:10:57,P115,54,,never,male,8.avif,AI,REAL,0
2026-08-11 06:10:57,P115,54,,never,male,9.png,REAL,AI,0
2026-08-11 06:10:57,P115,54,,never,male,10.webp,REAL,REAL,1
2026-08-11 06:10:57,P115,54,,never,male,11.jpg,AI,REAL,0
2026-08-11 06:10:57,P115,54,,never,male,12.png,AI,AI,1
2026-08-11 06:10:57,P115,54,,never,male,13.jpg,REAL,AI,0
2026-08-11 06:10:57,P115,54,,never,male,14.mp4,AI,REAL,0
2026-08-11 06:10:57,P115,54,,never,male,15.png,AI,AI,1
2026-08-11 06:10:57,P115,54,,never,male,16.mp4,AI,REAL,0
2026-08-11 06:10:57,P115,54,,never,male,17.mp4,AI,AI,1
2026-08-11 06:10:57,P115,54,,never,male,18.png,REAL,AI,0
2026-08-11 06:10:57,P115,54,,never,male,19.png,REAL,REAL,1
2026-08-11 06:10:57,P115,54,,never,male,20.png,REAL,AI,0
2026-08-11 06:10:57,P115,54,,never,male,21.webp,REAL,AI,0
2026-08-11 06:10:57,P115,54,,never,male,22.webp,AI,REAL,0
2026-08-11 06:10:57,P115,54,,never,male,23.jpg,AI,REAL,0
2026-08-11 06:10:57,P115,54,,never,male,24.mp4,AI,AI,1
2026-08-11 06:10:57,P115,54,,never,male,25.mov,REAL,REAL,1
2026-08-11 06:10:57,P115,54,,never,male,26.mov,REAL,AI,0
2026-08-11 06:10:57,P115,54,,never,male,27.jpeg,REAL,AI,0
2026-08-11 06:10:57,P115,54,,never,male,28.jpg,REAL,REAL,1
2026-08-11 06:10:57,P115,54,,never,male,29.png,REAL,REAL,1
2026-08-11 06:10:57,P115,54,,never,male,30.jpg,AI,REAL,0
2026-08-11 06:10:57,P115,54,,never,male,31.jpg,AI,AI,1
2026-08-11 06:10:57,P115,54,,never,male,32.png,AI,AI,1
2026-08-11 06:10:57,P115,54,,never,male,33.png,REAL,REAL,1
2026-08-11 06:10:57,P115,54,,never,male,34.png,REAL,REAL,1
2026-08-11 06:10:57,P115,54,,never,male,35.png,AI,AI,1
2026-08-11 06:10:57,P115,54,,never,male,36.jpg,REAL,REAL,1
2026-08-11 06:10:57,P115,54,,never,male,37.mp4,REAL,REAL,1
2026-08-11 06:10:57,P115,54,,never,male,38.mp4,REAL,AI,0
2026-08-11 06:36:57,P116,54,,daily,female,1.jpg,REAL,AI,0
2026-08-11 06:36:57,P116,54,,daily,female,2.jpg,REAL,REAL,1
2026-08-11 06:36:57,P116,54,,daily,female,3.jpg,REAL,REAL,1
2026-08-11 06:36:57,P116,54,,daily,female,4.mp4,AI,AI,1
2026-08-11 06:36:57,P116,54,,daily,female,5.png,REAL,AI,0
2026-08-11 06:36:57,P116,54,,daily,female,6.png,REAL,AI,0
2026-08-11 06:36:57,P116,54,,daily,female,7.jpeg,AI,REAL,0
2026-08-11 06:36:57,P116,54,,daily,female,8.avif,AI,REAL,0
2026-08-11 06:36:57,P116,54,,daily,female,9.png,REAL,AI,0
2026-08-11 06:36:57,P116,54,,daily,female,10.webp,REAL,REAL,1
2026-08-11 06:36:57,P116,54,,daily,female,11.jpg,AI,REAL,0
2026-08-11 06:36:57,P116,54,,daily,female,12.png,REAL,AI,0
2026-08-11 06:36:57,P116,54,,daily,female,13.jpg,REAL,AI,0
2026-08-11 06:36:57,P116,54,,daily,female,14.mp4,AI,REAL,0
2026-08-11 06:36:57,P116,54,,daily,female,15.png,AI,AI,1
2026-08-11 06:36:57,P116,54,,daily,female,16.mp4,REAL,REAL,1
2026-08-11 06:36:57,P116,54,,daily,female,17.mp4,REAL,AI,0
2026-08-11 06:36:57,P116,54,,daily,female,18.png,REAL,AI,0
2026-08-11 06:36:57,P116,54,,daily,female,19.png,REAL,REAL,1
2026-08-11 06:36:57,P116,54,,daily,female,20.png,REAL,AI,0
2026-08-11 06:36:57,P116,54,,daily,female,21.webp,REAL,AI,0
2026-08-11 06:36:57,P116,54,,daily,female,22.webp,AI,REAL,0
2026-08-11 06:36:57,P116,54,,daily,female,23.jpg,REAL,REAL,1
2026-08-11 06:36:57,P116,54,,daily,female,24.mp4,REAL,AI,0
2026-08-11 06:36:57,P116,54,,daily,female,25.mov,REAL,REAL,1
2026-08-11 06:36:57,P116,54,,daily,female,26.mov,AI,AI,1
2026-08-11 06:36:57,P116,54,,daily,female,27.jpeg,REAL,AI,0
2026-08-11 06:36:57,P116,54,,daily,female,28.jpg,REAL,REAL,1
2026-08-11 06:36:57,P116,54,,daily,female,29.png,REAL,REAL,1
2026-08-11 06:36:57,P116,54,,daily,female,30.jpg,REAL,REAL,1
2026-08-11 06:36:57,P116,54,,daily,female,31.jpg,REAL,AI,0
2026-08-11 06:36:57,P116,54,,daily,female,32.png,REAL,AI,0
2026-08-11 06:36:57,P116,54,,daily,female,33.png,REAL,REAL,1
2026-08-11 06:36:57,P116,54,,daily,female,34.png,REAL,REAL,1
2026-08-11 06:36:57,P116,54,,daily,female,35.png,REAL,AI,0
2026-08-11 06:36:57,P116,54,,daily,female,36.jpg,REAL,REAL,1
2026-08-11 06:36:57,P116,54,,daily,female,37.mp4,AI,REAL,0
2026-08-11 06:36:57,P116,54,,daily,female,38.mp4,REAL,AI,0
2026-08-11 06:59:57,P117,34,,frequently,male,1.jpg,AI,AI,1
2026-08-11 06:59:57,P117,34,,frequently,male,2.jpg,REAL,REAL,1
2026-08-11 06:59:57,P117,34,,frequently,male,3.jpg,AI,REAL,0
2026-08-11 06:59:57,P117,34,,frequently,male,4.mp4,AI,AI,1
2026-08-11 06:59:57,P117,34,,frequently,male,5.png,AI,AI,1
2026-08-11 06:59:57,P117,34,,frequently,male,6.png,REAL,AI,0
2026-08-11 06:59:57,P117,34,,frequently,male,7.jpeg,AI,REAL,0
2026-08-11 06:59:57,P117,34,,frequently,male,8.avif,AI,REAL,0
2026-08-11 06:59:57,P117,34,,frequently,male,9.png,AI,AI,1
2026-08-11 06:59:57,P117,34,,frequently,male,10.webp,REAL,REAL,1
2026-08-11 06:59:57,P117,34,,frequently,male,11.jpg,REAL,REAL,1
2026-08-11 06:59:57,P117,34,,frequently,male,12.png,REAL,AI,0
2026-08-11 06:59:57,P117,34,,frequently,male,13.jpg,REAL,AI,0
2026-08-11 06:59:57,P117,34,,frequently,male,14.mp4,REAL,REAL,1
2026-08-11 06:59:57,P117,34,,frequently,male,15.png,AI,AI,1
2026-08-11 06:59:57,P117,34,,frequently,male,16.mp4,REAL,REAL,1
2026-08-11 06:59:57,P117,34,,frequently,male,17.mp4,AI,AI,1
2026-08-11 06:59:57,P117,34,,frequently,male,18.png,REAL,AI,0
2026-08-11 06:59:57,P117,34,,frequently,male,19.png,REAL,REAL,1
2026-08-11 06:59:57,P117,34,,frequently,male,20.png,REAL,AI,0
2026-08-11 06:59:57,P117,34,,frequently,male,21.webp,REAL,AI,0
2026-08-11 06:59:57,P117,34,,frequently,male,22.webp,AI,REAL,0
2026-08-11 06:59:57,P117,34,,frequently,male,23.jpg,AI,REAL,0
2026-08-11 06:59:57,P117,34,,frequently,male,24.mp4,AI,AI,1
2026-08-11 06:59:57,P117,34,,frequently,male,25.mov,REAL,REAL,1
2026-08-11 06:59:57,P117,34,,frequently,male,26.mov,AI,AI,1
2026-08-11 06:59:57,P117,34,,frequently,male,27.jpeg,AI,AI,1
2026-08-11 06:59:57,P117,34,,frequently,male,28.jpg,AI,REAL,0
2026-08-11 06:59:57,P117,34,,frequently,male,29.png,REAL,REAL,1
2026-08-11 06:59:57,P117,34,,frequently,male,30.jpg,REAL,REAL,1
2026-08-11 06:59:57,P117,34,,frequently,male,31.jpg,REAL,AI,0
2026-08-11 06:59:57,P117,34,,frequently,male,32.png,AI,AI,1
2026-08-11 06:59:57,P117,34,,frequently,male,33.png,AI,REAL,0
2026-08-11 06:59:57,P117,34,,frequently,male,34.png,AI,REAL,0
2026-08-11 06:59:57,P117,34,,frequently,male,35.png,REAL,AI,0
2026-08-11 06:59:57,P117,34,,frequently,male,36.jpg,REAL,REAL,1
2026-08-11 06:59:57,P117,34,,frequently,male,37.mp4,REAL,REAL,1
2026-08-11 06:59:57,P117,34,,frequently,male,38.mp4,REAL,AI,0
2026-08-11 07:02:45,P118,53,,daily,male,1.jpg,AI,AI,1
2026-08-11 07:02:45,P118,53,,daily,male,2.jpg,AI,REAL,0
2026-08-11 07:02:45,P118,53,,daily,male,3.jpg,AI,REAL,0
2026-08-11 07:02:45,P118,53,,daily,male,4.mp4,AI,AI,1
2026-08-11 07:02:45,P118,53,,daily,male,5.png,REAL,AI,0
2026-08-11 07:02:45,P118,53,,daily,male,6.png,REAL,AI,0
2026-08-11 07:02:45,P118,53,,daily,male,7.jpeg,AI,REAL,0
2026-08-11 07:02:45,P118,53,,daily,male,8.avif,AI,REAL,0
2026-08-11 07:02:45,P118,53,,daily,male,9.png,REAL,AI,0
2026-08-11 07:02:45,P118,53,,daily,male,10.webp,AI,REAL,0
2026-08-11 07:02:45,P118,53,,daily,male,11.jpg,AI,REAL,0
2026-08-11 07:02:45,P118,53,,daily,male,12.png,REAL,AI,0
2026-08-11 07:02:45,P118,53,,daily,male,13.jpg,REAL,AI,0
2026-08-11 07:02:45,P118,53,,daily,male,14.mp4,AI,REAL,0
2026-08-11 07:02:45,P118,53,,daily,male,15.png,AI,AI,1
2026-08-11 07:02:45,P118,53,,daily,male,16.mp4,REAL,REAL,1
2026-08-11 07:02:45,P118,53,,daily,male,17.mp4,AI,AI,1
2026-08-11 07:02:45,P118,53,,daily,male,18.png,AI,AI,1
2026-08-11 07:02:45,P118,53,,daily,male,19.png,AI,REAL,0
2026-08-11 07:02:45,P118,53,,daily,male,20.png,REAL,AI,0
2026-08-11 07:02:45,P118,53,,daily,male,21.webp,REAL,AI,0
2026-08-11 07:02:45,P118,53,,daily,male,22.webp,AI,REAL,0
2026-08-11 07:02:45,P118,53,,daily,male,23.jpg,REAL,REAL,1
2026-08-11 07:02:45,P118,53,,daily,male,24.mp4,REAL,AI,0
2026-08-11 07:02:45,P118,53,,daily,male,25.mov,AI,REAL,0
2026-08-11 07:02:45,P118,53,,daily,male,26.mov,AI,AI,1
2026-08-11 07:02:45,P118,53,,daily,male,27.jpeg,REAL,AI,0
2026-08-11 07:02:45,P118,53,,daily,male,28.jpg,REAL,REAL,1
2026-08-11 07:02:45,P118,53,,daily,male,29.png,AI,REAL,0
2026-08-11 07:02:45,P118,53,,daily,male,30.jpg,AI,REAL,0
2026-08-11 07:02:45,P118,53,,daily,male,31.jpg,AI,AI,1
2026-08-11 07:02:45,P118,53,,daily,male,32.png,REAL,AI,0
2026-08-11 07:02:45,P118,53,,daily,male,33.png,AI,REAL,0
2026-08-11 07:02:45,P118,53,,daily,male,34.png,REAL,REAL,1
2026-08-11 07:02:45,P118,53,,daily,male,35.png,REAL,AI,0
2026-08-11 07:02:45,P118,53,,daily,male,36.jpg,AI,REAL,0
2026-08-11 07:02:45,P118,53,,daily,male,37.mp4,AI,REAL,0
2026-08-11 07:02:45,P118,53,,daily,male,38.mp4,AI,AI,1
2026-08-11 07:06:09,P119,55,,frequently,female,1.jpg,REAL,AI,0
2026-08-11 07:06:09,P119,55,,frequently,female,2.jpg,REAL,REAL,1
2026-08-11 07:06:09,P119,55,,frequently,female,3.jpg,AI,REAL,0
2026-08-11 07:06:09,P119,55,,frequently,female,4.mp4,AI,AI,1
2026-08-11 07:06:09,P119,55,,frequently,female,5.png,REAL,AI,0
2026-08-11 07:06:09,P119,55,,frequently,female,6.png,REAL,AI,0
2026-08-11 07:06:09,P119,55,,frequently,female,7.jpeg,AI,REAL,0
2026-08-11 07:06:09,P119,55,,frequently,female,8.avif,AI,REAL,0
2026-08-11 07:06:09,P119,55,,frequently,female,9.png,REAL,AI,0
2026-08-11 07:06:09,P119,55,,frequently,female,10.webp,REAL,REAL,1
2026-08-11 07:06:09,P119,55,,frequently,female,11.jpg,AI,REAL,0
2026-08-11 07:06:09,P119,55,,frequently,female,12.png,REAL,AI,0
2026-08-11 07:06:09,P119,55,,frequently,female,13.jpg,REAL,AI,0
2026-08-11 07:06:09,P119,55,,frequently,female,14.mp4,AI,REAL,0
2026-08-11 07:06:09,P119,55,,frequently,female,15.png,AI,AI,1
2026-08-11 07:06:09,P119,55,,frequently,female,16.mp4,AI,REAL,0
2026-08-11 07:06:09,P119,55,,frequently,female,17.mp4,AI,AI,1
2026-08-11 07:06:09,P119,55,,frequently,female,18.png,REAL,AI,0
2026-08-11 07:06:09,P119,55,,frequently,female,19.png,AI,REAL,0
2026-08-11 07:06:09,P119,55,,frequently,female,20.png,REAL,AI,0
2026-08-11 07:06:09,P119,55,,frequently,female,21.webp,AI,AI,1
2026-08-11 07:06:09,P119,55,,frequently,female,22.webp,AI,REAL,0
2026-08-11 07:06:09,P119,55,,frequently,female,23.jpg,REAL,REAL,1
2026-08-11 07:06:09,P119,55,,frequently,female,24.mp4,REAL,AI,0
2026-08-11 07:06:09,P119,55,,frequently,female,25.mov,REAL,REAL,1
2026-08-11 07:06:09,P119,55,,frequently,female,26.mov,AI,AI,1
2026-08-11 07:06:09,P119,55,,frequently,female,27.jpeg,AI,AI,1
2026-08-11 07:06:09,P119,55,,frequently,female,28.jpg,REAL,REAL,1
2026-08-11 07:06:09,P119,55,,frequently,female,29.png,REAL,REAL,1
2026-08-11 07:06:09,P119,55,,frequently,female,30.jpg,AI,REAL,0
2026-08-11 07:06:09,P119,55,,frequently,female,31.jpg,REAL,AI,0
2026-08-11 07:06:09,P119,55,,frequently,female,32.png,AI,AI,1
2026-08-11 07:06:09,P119,55,,frequently,female,33.png,REAL,REAL,1
2026-08-11 07:06:09,P119,55,,frequently,female,34.png,REAL,REAL,1
2026-08-11 07:06:09,P119,55,,frequently,female,35.png,REAL,AI,0
2026-08-11 07:06:09,P119,55,,frequently,female,36.jpg,AI,REAL,0
2026-08-11 07:06:09,P119,55,,frequently,female,37.mp4,AI,REAL,0
2026-08-11 07:06:09,P119,55,,frequently,female,38.mp4,REAL,AI,0
2026-08-11 07:14:41,P120,18,,daily,female,1.jpg,AI,AI,1
2026-08-11 07:14:41,P120,18,,daily,female,2.jpg,REAL,REAL,1
2026-08-11 07:14:41,P120,18,,daily,female,3.jpg,REAL,REAL,1
2026-08-11 07:14:41,P120,18,,daily,female,4.mp4,AI,AI,1
2026-08-11 07:14:41,P120,18,,daily,female,5.png,AI,AI,1
2026-08-11 07:14:41,P120,18,,daily,female,6.png,REAL,AI,0
2026-08-11 07:14:41,P120,18,,daily,female,7.jpeg,AI,REAL,0
2026-08-11 07:14:41,P120,18,,daily,female,8.avif,AI,REAL,0
2026-08-11 07:14:41,P120,18,,daily,female,9.png,REAL,AI,0
2026-08-11 07:14:41,P120,18,,daily,female,10.webp,REAL,REAL,1
2026-08-11 07:14:41,P120,18,,daily,female,11.jpg,REAL,REAL,1
2026-08-11 07:14:41,P120,18,,daily,female,12.png,REAL,AI,0
2026-08-11 07:14:41,P120,18,,daily,female,13.jpg,REAL,AI,0
2026-08-11 07:14:41,P120,18,,daily,female,14.mp4,AI,REAL,0
2026-08-11 07:14:41,P120,18,,daily,female,15.png,AI,AI,1
2026-08-11 07:14:41,P120,18,,daily,female,16.mp4,REAL,REAL,1
2026-08-11 07:14:41,P120,18,,daily,female,17.mp4,AI,AI,1
2026-08-11 07:14:41,P120,18,,daily,female,18.png,REAL,AI,0
2026-08-11 07:14:41,P120,18,,daily,female,19.png,AI,REAL,0
2026-08-11 07:14:41,P120,18,,daily,female,20.png,REAL,AI,0
2026-08-11 07:14:41,P120,18,,daily,female,21.webp,REAL,AI,0
2026-08-11 07:14:41,P120,18,,daily,female,22.webp,AI,REAL,0
2026-08-11 07:14:41,P120,18,,daily,female,23.jpg,REAL,REAL,1
2026-08-11 07:14:41,P120,18,,daily,female,24.mp4,AI,AI,1
2026-08-11 07:14:41,P120,18,,daily,female,25.mov,REAL,REAL,1
2026-08-11 07:14:41,P120,18,,daily,female,26.mov,AI,AI,1
2026-08-11 07:14:41,P120,18,,daily,female,27.jpeg,REAL,AI,0
2026-08-11 07:14:41,P120,18,,daily,female,28.jpg,REAL,REAL,1
2026-08-11 07:14:41,P120,18,,daily,female,29.png,AI,REAL,0
2026-08-11 07:14:41,P120,18,,daily,female,30.jpg,REAL,REAL,1
2026-08-11 07:14:41,P120,18,,daily,female,31.jpg,AI,AI,1
2026-08-11 07:14:41,P120,18,,daily,female,32.png,REAL,AI,0
2026-08-11 07:14:41,P120,18,,daily,female,33.png,REAL,REAL,1
2026-08-11 07:14:41,P120,18,,daily,female,34.png,REAL,REAL,1
2026-08-11 07:14:41,P120,18,,daily,female,35.png,REAL,AI,0
2026-08-11 07:14:41,P120,18,,daily,female,36.jpg,REAL,REAL,1
2026-08-11 07:14:41,P120,18,,daily,female,37.mp4,REAL,REAL,1
2026-08-11 07:14:41,P120,18,,daily,female,38.mp4,AI,AI,1
2026-08-11 07:36:41,P121,22,,daily,male,1.jpg,REAL,AI,0
2026-08-11 07:36:41,P121,22,,daily,male,2.jpg,REAL,REAL,1
2026-08-11 07:36:41,P121,22,,daily,male,3.jpg,AI,REAL,0
2026-08-11 07:36:41,P121,22,,daily,male,4.mp4,AI,AI,1
2026-08-11 07:36:41,P121,22,,daily,male,5.png,AI,AI,1
2026-08-11 07:36:41,P121,22,,daily,male,6.png,REAL,AI,0
2026-08-11 07:36:41,P121,22,,daily,male,7.jpeg,AI,REAL,0
2026-08-11 07:36:41,P121,22,,daily,male,8.avif,AI,REAL,0
2026-08-11 07:36:41,P121,22,,daily,male,9.png,REAL,AI,0
2026-08-11 07:36:41,P121,22,,daily,male,10.webp,REAL,REAL,1
2026-08-11 07:36:41,P121,22,,daily,male,11.jpg,AI,REAL,0
2026-08-11 07:36:41,P121,22,,daily,male,12.png,AI,AI,1
2026-08-11 07:36:41,P121,22,,daily,male,13.jpg,REAL,AI,0
2026-08-11 07:36:41,P121,22,,daily,male,14.mp4,AI,REAL,0
2026-08-11 07:36:41,P121,22,,daily,male,15.png,AI,AI,1
2026-08-11 07:36:41,P121,22,,daily,male,16.mp4,REAL,REAL,1
2026-08-11 07:36:41,P121,22,,daily,male,17.mp4,REAL,AI,0
2026-08-11 07:36:41,P121,22,,daily,male,18.png,AI,AI,1
2026-08-11 07:36:41,P121,22,,daily,male,19.png,AI,REAL,0
2026-08-11 07:36:41,P121,22,,daily,male,20.png,REAL,AI,0
2026-08-11 07:36:41,P121,22,,daily,male,21.webp,REAL,AI,0
2026-08-11 07:36:41,P121,22,,daily,male,22.webp,AI,REAL,0
2026-08-11 07:36:41,P121,22,,daily,male,23.jpg,AI,REAL,0
2026-08-11 07:36:41,P121,22,,daily,male,24.mp4,AI,AI,1
2026-08-11 07:36:41,P121,22,,daily,male,25.mov,REAL,REAL,1
2026-08-11 07:36:41,P121,22,,daily,male,26.mov,AI,AI,1
2026-08-11 07:36:41,P121,22,,daily,male,27.jpeg,REAL,AI,0
2026-08-11 07:36:41,P121,22,,daily,male,28.jpg,REAL,REAL,1
2026-08-11 07:36:41,P121,22,,daily,male,29.png,AI,REAL,0
2026-08-11 07:36:41,P121,22,,daily,male,30.jpg,AI,REAL,0
2026-08-11 07:36:41,P121,22,,daily,male,31.jpg,AI,AI,1
2026-08-11 07:36:41,P121,22,,daily,male,32.png,AI,AI,1
2026-08-11 07:36:41,P121,22,,daily,male,33.png,REAL,REAL,1
2026-08-11 07:36:41,P121,22,,daily,male,34.png,AI,REAL,0
2026-08-11 07:36:41,P121,22,,daily,male,35.png,AI,AI,1
2026-08-11 07:36:41,P121,22,,daily,male,36.jpg,AI,REAL,0
2026-08-11 07:36:41,P121,22,,daily,male,37.mp4,REAL,REAL,1
2026-08-11 07:36:41,P121,22,,daily,male,38.mp4,AI,AI,1
2026-08-11 08:01:04,P122,49,,daily,male,1.jpg,REAL,AI,0
2026-08-11 08:01:04,P122,49,,daily,male,2.jpg,AI,REAL,0
2026-08-11 08:01:04,P122,49,,daily,male,3.jpg,REAL,REAL,1
2026-08-11 08:01:04,P122,49,,daily,male,4.mp4,AI,AI,1
2026-08-11 08:01:04,P122,49,,daily,male,5.png,REAL,AI,0
2026-08-11 08:01:04,P122,49,,daily,male,6.png,REAL,AI,0
2026-08-11 08:01:04,P122,49,,daily,male,7.jpeg,AI,REAL,0
2026-08-11 08:01:04,P122,49,,daily,male,8.avif,REAL,REAL,1
2026-08-11 08:01:04,P122,49,,daily,male,9.png,AI,AI,1
2026-08-11 08:01:04,P122,49,,daily,male,10.webp,REAL,REAL,1
2026-08-11 08:01:04,P122,49,,daily,male,11.jpg,AI,REAL,0
2026-08-11 08:01:04,P122,49,,daily,male,12.png,AI,AI,1
2026-08-11 08:01:04,P122,49,,daily,male,13.jpg,REAL,AI,0
2026-08-11 08:01:04,P122,49,,daily,male,14.mp4,REAL,REAL,1
2026-08-11 08:01:04,P122,49,,daily,male,15.png,REAL,AI,0
2026-08-11 08:01:04,P122,49,,daily,male,16.mp4,REAL,REAL,1
2026-08-11 08:01:04,P122,49,,daily,male,17.mp4,REAL,AI,0
2026-08-11 08:01:04,P122,49,,daily,male,18.png,AI,AI,1
2026-08-11 08:01:04,P122,49,,daily,male,19.png,AI,REAL,0
2026-08-11 08:01:04,P122,49,,daily,male,20.png,REAL,AI,0
2026-08-11 08:01:04,P122,49,,daily,male,21.webp,REAL,AI,0
2026-08-11 08:01:04,P122,49,,daily,male,22.webp,AI,REAL,0
2026-08-11 08:01:04,P122,49,,daily,male,23.jpg,REAL,REAL,1
2026-08-11 08:01:04,P122,49,,daily,male,24.mp4,REAL,AI,0
2026-08-11 08:01:04,P122,49,,daily,male,25.mov,REAL,REAL,1
2026-08-11 08:01:04,P122,49,,daily,male,26.mov,AI,AI,1
2026-08-11 08:01:04,P122,49,,daily,male,27.jpeg,REAL,AI,0
2026-08-11 08:01:04,P122,49,,daily,male,28.jpg,AI,REAL,0
2026-08-11 08:01:04,P122,49,,daily,male,29.png,REAL,REAL,1
2026-08-11 08:01:04,P122,49,,daily,male,30.jpg,AI,REAL,0
2026-08-11 08:01:04,P122,49,,daily,male,31.jpg,AI,AI,1
2026-08-11 08:01:04,P122,49,,daily,male,32.png,REAL,AI,0
2026-08-11 08:01:04,P122,49,,daily,male,33.png,REAL,REAL,1
2026-08-11 08:01:04,P122,49,,daily,male,34.png,REAL,REAL,1
2026-08-11 08:01:04,P122,49,,daily,male,35.png,AI,AI,1
2026-08-11 08:01:04,P122,49,,daily,male,36.jpg,AI,REAL,0
2026-08-11 08:01:04,P122,49,,daily,male,37.mp4,REAL,REAL,1
2026-08-11 08:01:04,P122,49,,daily,male,38.mp4,AI,AI,1
2026-08-11 08:39:57,P123,47,,daily,female,1.jpg,REAL,AI,0
2026-08-11 08:39:57,P123,47,,daily,female,2.jpg,REAL,REAL,1
2026-08-11 08:39:57,P123,47,,daily,female,3.jpg,AI,REAL,0
2026-08-11 08:39:57,P123,47,,daily,female,4.mp4,AI,AI,1
2026-08-11 08:39:57,P123,47,,daily,female,5.png,REAL,AI,0
2026-08-11 08:39:57,P123,47,,daily,female,6.png,AI,AI,1
2026-08-11 08:39:57,P123,47,,daily,female,7.jpeg,AI,REAL,0
2026-08-11 08:39:57,P123,47,,daily,female,8.avif,REAL,REAL,1
2026-08-11 08:39:57,P123,47,,daily,female,9.png,AI,AI,1
2026-08-11 08:39:57,P123,47,,daily,female,10.webp,REAL,REAL,1
2026-08-11 08:39:57,P123,47,,daily,female,11.jpg,AI,REAL,0
2026-08-11 08:39:57,P123,47,,daily,female,12.png,REAL,AI,0
2026-08-11 08:39:57,P123,47,,daily,female,13.jpg,REAL,AI,0
2026-08-11 08:39:57,P123,47,,daily,female,14.mp4,AI,REAL,0
2026-08-11 08:39:57,P123,47,,daily,female,15.png,AI,AI,1
2026-08-11 08:39:57,P123,47,,daily,female,16.mp4,AI,REAL,0
2026-08-11 08:39:57,P123,47,,daily,female,17.mp4,REAL,AI,0
2026-08-11 08:39:57,P123,47,,daily,female,18.png,AI,AI,1
2026-08-11 08:39:57,P123,47,,daily,female,19.png,AI,REAL,0
2026-08-11 08:39:57,P123,47,,daily,female,20.png,AI,AI,1
2026-08-11 08:39:57,P123,47,,daily,female,21.webp,REAL,AI,0
2026-08-11 08:39:57,P123,47,,daily,female,22.webp,AI,REAL,0
2026-08-11 08:39:57,P123,47,,daily,female,23.jpg,REAL,REAL,1
2026-08-11 08:39:57,P123,47,,daily,female,24.mp4,REAL,AI,0
2026-08-11 08:39:57,P123,47,,daily,female,25.mov,AI,REAL,0
2026-08-11 08:39:57,P123,47,,daily,female,26.mov,REAL,AI,0
2026-08-11 08:39:57,P123,47,,daily,female,27.jpeg,REAL,AI,0
2026-08-11 08:39:57,P123,47,,daily,female,28.jpg,REAL,REAL,1
2026-08-11 08:39:57,P123,47,,daily,female,29.png,REAL,REAL,1
2026-08-11 08:39:57,P123,47,,daily,female,30.jpg,REAL,REAL,1
2026-08-11 08:39:57,P123,47,,daily,female,31.jpg,REAL,AI,0
2026-08-11 08:39:57,P123,47,,daily,female,32.png,REAL,AI,0
2026-08-11 08:39:57,P123,47,,daily,female,33.png,REAL,REAL,1
2026-08-11 08:39:57,P123,47,,daily,female,34.png,REAL,REAL,1
2026-08-11 08:39:57,P123,47,,daily,female,35.png,AI,AI,1
2026-08-11 08:39:57,P123,47,,daily,female,36.jpg,AI,REAL,0
2026-08-11 08:39:57,P123,47,,daily,female,37.mp4,AI,REAL,0
2026-08-11 08:39:57,P123,47,,daily,female,38.mp4,REAL,AI,0
2026-08-11 08:46:08,P124,17,,daily,male,1.jpg,AI,AI,1
2026-08-11 08:46:08,P124,17,,daily,male,2.jpg,REAL,REAL,1
2026-08-11 08:46:08,P124,17,,daily,male,3.jpg,REAL,REAL,1
2026-08-11 08:46:08,P124,17,,daily,male,4.mp4,AI,AI,1
2026-08-11 08:46:08,P124,17,,daily,male,5.png,REAL,AI,0
2026-08-11 08:46:08,P124,17,,daily,male,6.png,REAL,AI,0
2026-08-11 08:46:08,P124,17,,daily,male,7.jpeg,AI,REAL,0
2026-08-11 08:46:08,P124,17,,daily,male,8.avif,REAL,REAL,1
2026-08-11 08:46:08,P124,17,,daily,male,9.png,REAL,AI,0
2026-08-11 08:46:08,P124,17,,daily,male,10.webp,REAL,REAL,1
2026-08-11 08:46:08,P124,17,,daily,male,11.jpg,REAL,REAL,1
2026-08-11 08:46:08,P124,17,,daily,male,12.png,REAL,AI,0
2026-08-11 08:46:08,P124,17,,daily,male,13.jpg,REAL,AI,0
2026-08-11 08:46:08,P124,17,,daily,male,14.mp4,AI,REAL,0
2026-08-11 08:46:08,P124,17,,daily,male,15.png,AI,AI,1
2026-08-11 08:46:08,P124,17,,daily,male,16.mp4,REAL,REAL,1
2026-08-11 08:46:08,P124,17,,daily,male,17.mp4,AI,AI,1
2026-08-11 08:46:08,P124,17,,daily,male,18.png,AI,AI,1
2026-08-11 08:46:08,P124,17,,daily,male,19.png,AI,REAL,0
2026-08-11 08:46:08,P124,17,,daily,male,20.png,REAL,AI,0
2026-08-11 08:46:08,P124,17,,daily,male,21.webp,AI,AI,1
2026-08-11 08:46:08,P124,17,,daily,male,22.webp,REAL,REAL,1
2026-08-11 08:46:08,P124,17,,daily,male,23.jpg,REAL,REAL,1
2026-08-11 08:46:08,P124,17,,daily,male,24.mp4,REAL,AI,0
2026-08-11 08:46:08,P124,17,,daily,male,25.mov,AI,REAL,0
2026-08-11 08:46:08,P124,17,,daily,male,26.mov,AI,AI,1
2026-08-11 08:46:08,P124,17,,daily,male,27.jpeg,REAL,AI,0
2026-08-11 08:46:08,P124,17,,daily,male,28.jpg,REAL,REAL,1
2026-08-11 08:46:08,P124,17,,daily,male,29.png,AI,REAL,0
2026-08-11 08:46:08,P124,17,,daily,male,30.jpg,AI,REAL,0
2026-08-11 08:46:08,P124,17,,daily,male,31.jpg,AI,AI,1
2026-08-11 08:46:08,P124,17,,daily,male,32.png,AI,AI,1
2026-08-11 08:46:08,P124,17,,daily,male,33.png,REAL,REAL,1
2026-08-11 08:46:08,P124,17,,daily,male,34.png,REAL,REAL,1
2026-08-11 08:46:08,P124,17,,daily,male,35.png,REAL,AI,0
2026-08-11 08:46:08,P124,17,,daily,male,36.jpg,AI,REAL,0
2026-08-11 08:46:08,P124,17,,daily,male,37.mp4,REAL,REAL,1
2026-08-11 08:46:08,P124,17,,daily,male,38.mp4,REAL,AI,0
2026-08-11 08:46:47,P125,21,,daily,male,1.jpg,AI,AI,1
2026-08-11 08:46:47,P125,21,,daily,male,2.jpg,REAL,REAL,1
2026-08-11 08:46:47,P125,21,,daily,male,3.jpg,REAL,REAL,1
2026-08-11 08:46:47,P125,21,,daily,male,4.mp4,AI,AI,1
2026-08-11 08:46:47,P125,21,,daily,male,5.png,REAL,AI,0
2026-08-11 08:46:47,P125,21,,daily,male,6.png,REAL,AI,0
2026-08-11 08:46:47,P125,21,,daily,male,7.jpeg,REAL,REAL,1
2026-08-11 08:46:47,P125,21,,daily,male,8.avif,AI,REAL,0
2026-08-11 08:46:47,P125,21,,daily,male,9.png,AI,AI,1
2026-08-11 08:46:47,P125,21,,daily,male,10.webp,REAL,REAL,1
2026-08-11 08:46:47,P125,21,,daily,male,11.jpg,REAL,REAL,1
2026-08-11 08:46:47,P125,21,,daily,male,12.png,REAL,AI,0
2026-08-11 08:46:47,P125,21,,daily,male,13.jpg,REAL,AI,0
2026-08-11 08:46:47,P125,21,,daily,male,14.mp4,AI,REAL,0
2026-08-11 08:46:47,P125,21,,daily,male,15.png,AI,AI,1
2026-08-11 08:46:47,P125,21,,daily,male,16.mp4,AI,REAL,0
2026-08-11 08:46:47,P125,21,,daily,male,17.mp4,AI,AI,1
2026-08-11 08:46:47,P125,21,,daily,male,18.png,AI,AI,1
2026-08-11 08:46:47,P125,21,,daily,male,19.png,REAL,REAL,1
2026-08-11 08:46:47,P125,21,,daily,male,20.png,AI,AI,1
2026-08-11 08:46:47,P125,21,,daily,male,21.webp,REAL,AI,0
2026-08-11 08:46:47,P125,21,,daily,male,22.webp,REAL,REAL,1
2026-08-11 08:46:47,P125,21,,daily,male,23.jpg,REAL,REAL,1
2026-08-11 08:46:47,P125,21,,daily,male,24.mp4,AI,AI,1
2026-08-11 08:46:47,P125,21,,daily,male,25.mov,REAL,REAL,1
2026-08-11 08:46:47,P125,21,,daily,male,26.mov,AI,AI,1
2026-08-11 08:46:47,P125,21,,daily,male,27.jpeg,AI,AI,1
2026-08-11 08:46:47,P125,21,,daily,male,28.jpg,REAL,REAL,1
2026-08-11 08:46:47,P125,21,,daily,male,29.png,REAL,REAL,1
2026-08-11 08:46:47,P125,21,,daily,male,30.jpg,REAL,REAL,1
2026-08-11 08:46:47,P125,21,,daily,male,31.jpg,REAL,AI,0
2026-08-11 08:46:47,P125,21,,daily,male,32.png,REAL,AI,0
2026-08-11 08:46:47,P125,21,,daily,male,33.png,AI,REAL,0
2026-08-11 08:46:47,P125,21,,daily,male,34.png,REAL,REAL,1
2026-08-11 08:46:47,P125,21,,daily,male,35.png,AI,AI,1
2026-08-11 08:46:47,P125,21,,daily,male,36.jpg,REAL,REAL,1
2026-08-11 08:46:47,P125,21,,daily,male,37.mp4,AI,REAL,0
2026-08-11 08:46:47,P125,21,,daily,male,38.mp4,AI,AI,1
2026-08-11 08:46:47,P126,47,,daily,male,1.jpg,REAL,AI,0
2026-08-11 08:46:47,P126,47,,daily,male,2.jpg,AI,REAL,0
2026-08-11 08:46:47,P126,47,,daily,male,3.jpg,AI,REAL,0
2026-08-11 08:46:47,P126,47,,daily,male,4.mp4,REAL,AI,0
2026-08-11 08:46:47,P126,47,,daily,male,5.png,REAL,AI,0
2026-08-11 08:46:47,P126,47,,daily,male,6.png,REAL,AI,0
2026-08-11 08:46:47,P126,47,,daily,male,7.jpeg,AI,REAL,0
2026-08-11 08:46:47,P126,47,,daily,male,8.avif,REAL,REAL,1
2026-08-11 08:46:47,P126,47,,daily,male,9.png,REAL,AI,0
2026-08-11 08:46:47,P126,47,,daily,male,10.webp,REAL,REAL,1
2026-08-11 08:46:47,P126,47,,daily,male,11.jpg,AI,REAL,0
2026-08-11 08:46:47,P126,47,,daily,male,12.png,REAL,AI,0
2026-08-11 08:46:47,P126,47,,daily,male,13.jpg,REAL,AI,0
2026-08-11 08:46:47,P126,47,,daily,male,14.mp4,REAL,REAL,1
2026-08-11 08:46:47,P126,47,,daily,male,15.png,REAL,AI,0
2026-08-11 08:46:47,P126,47,,daily,male,16.mp4,REAL,REAL,1
2026-08-11 08:46:47,P126,47,,daily,male,17.mp4,REAL,AI,0
2026-08-11 08:46:47,P126,47,,daily,male,18.png,REAL,AI,0
2026-08-11 08:46:47,P126,47,,daily,male,19.png,AI,REAL,0
2026-08-11 08:46:47,P126,47,,daily,male,20.png,REAL,AI,0
2026-08-11 08:46:47,P126,47,,daily,male,21.webp,REAL,AI,0
2026-08-11 08:46:47,P126,47,,daily,male,22.webp,REAL,REAL,1
2026-08-11 08:46:47,P126,47,,daily,male,23.jpg,REAL,REAL,1
2026-08-11 08:46:47,P126,47,,daily,male,24.mp4,REAL,AI,0
2026-08-11 08:46:47,P126,47,,daily,male,25.mov,REAL,REAL,1
2026-08-11 08:46:47,P126,47,,daily,male,26.mov,REAL,AI,0
2026-08-11 08:46:47,P126,47,,daily,male,27.jpeg,REAL,AI,0
2026-08-11 08:46:47,P126,47,,daily,male,28.jpg,REAL,REAL,1
2026-08-11 08:46:47,P126,47,,daily,male,29.png,AI,REAL,0
2026-08-11 08:46:47,P126,47,,daily,male,30.jpg,AI,REAL,0
2026-08-11 08:46:47,P126,47,,daily,male,31.jpg,AI,AI,1
2026-08-11 08:46:47,P126,47,,daily,male,32.png,REAL,AI,0
2026-08-11 08:46:47,P126,47,,daily,male,33.png,REAL,REAL,1
2026-08-11 08:46:47,P126,47,,daily,male,34.png,REAL,REAL,1
2026-08-11 08:46:47,P126,47,,daily,male,35.png,REAL,AI,0
2026-08-11 08:46:47,P126,47,,daily,male,36.jpg,REAL,REAL,1
2026-08-11 08:46:47,P126,47,,daily,male,37.mp4,REAL,REAL,1
2026-08-11 08:46:47,P126,47,,daily,male,38.mp4,REAL,AI,0
2026-08-11 08:50:14,P127,15,,daily,female,1.jpg,AI,AI,1
2026-08-11 08:50:14,P127,15,,daily,female,2.jpg,REAL,REAL,1
2026-08-11 08:50:14,P127,15,,daily,female,3.jpg,REAL,REAL,1
2026-08-11 08:50:14,P127,15,,daily,female,4.mp4,AI,AI,1
2026-08-11 08:50:14,P127,15,,daily,female,5.png,AI,AI,1
2026-08-11 08:50:14,P127,15,,daily,female,6.png,REAL,AI,0
2026-08-11 08:50:14,P127,15,,daily,female,7.jpeg,REAL,REAL,1
2026-08-11 08:50:14,P127,15,,daily,female,8.avif,REAL,REAL,1
2026-08-11 08:50:14,P127,15,,daily,female,9.png,REAL,AI,0
2026-08-11 08:50:14,P127,15,,daily,female,10.webp,AI,REAL,0
2026-08-11 08:50:14,P127,15,,daily,female,11.jpg,AI,REAL,0
2026-08-11 08:50:14,P127,15,,daily,female,12.png,REAL,AI,0
2026-08-11 08:50:14,P127,15,,daily,female,13.jpg,REAL,AI,0
2026-08-11 08:50:14,P127,15,,daily,female,14.mp4,AI,REAL,0
2026-08-11 08:50:14,P127,15,,daily,female,15.png,AI,AI,1
2026-08-11 08:50:14,P127,15,,daily,female,16.mp4,REAL,REAL,1
2026-08-11 08:50:14,P127,15,,daily,female,17.mp4,AI,AI,1
2026-08-11 08:50:14,P127,15,,daily,female,18.png,AI,AI,1
2026-08-11 08:50:14,P127,15,,daily,female,19.png,AI,REAL,0
2026-08-11 08:50:14,P127,15,,daily,female,20.png,REAL,AI,0
2026-08-11 08:50:14,P127,15,,daily,female,21.webp,REAL,AI,0
2026-08-11 08:50:14,P127,15,,daily,female,22.webp,AI,REAL,0
2026-08-11 08:50:14,P127,15,,daily,female,23.jpg,REAL,REAL,1
2026-08-11 08:50:14,P127,15,,daily,female,24.mp4,AI,AI,1
2026-08-11 08:50:14,P127,15,,daily,female,25.mov,REAL,REAL,1
2026-08-11 08:50:14,P127,15,,daily,female,26.mov,AI,AI,1
2026-08-11 08:50:14,P127,15,,daily,female,27.jpeg,REAL,AI,0
2026-08-11 08:50:14,P127,15,,daily,female,28.jpg,REAL,REAL,1
2026-08-11 08:50:14,P127,15,,daily,female,29.png,AI,REAL,0
2026-08-11 08:50:14,P127,15,,daily,female,30.jpg,AI,REAL,0
2026-08-11 08:50:14,P127,15,,daily,female,31.jpg,AI,AI,1
2026-08-11 08:50:14,P127,15,,daily,female,32.png,REAL,AI,0
2026-08-11 08:50:14,P127,15,,daily,female,33.png,REAL,REAL,1
2026-08-11 08:50:14,P127,15,,daily,female,34.png,REAL,REAL,1
2026-08-11 08:50:14,P127,15,,daily,female,35.png,AI,AI,1
2026-08-11 08:50:14,P127,15,,daily,female,36.jpg,AI,REAL,0
2026-08-11 08:50:14,P127,15,,daily,female,37.mp4,AI,REAL,0
2026-08-11 08:50:14,P127,15,,daily,female,38.mp4,AI,AI,1
2026-08-11 08:54:38,P128,41,,occasionally,female,1.jpg,REAL,AI,0
2026-08-11 08:54:38,P128,41,,occasionally,female,2.jpg,REAL,REAL,1
2026-08-11 08:54:38,P128,41,,occasionally,female,3.jpg,REAL,REAL,1
2026-08-11 08:54:38,P128,41,,occasionally,female,4.mp4,REAL,AI,0
2026-08-11 08:54:38,P128,41,,occasionally,female,5.png,AI,AI,1
2026-08-11 08:54:38,P128,41,,occasionally,female,6.png,AI,AI,1
2026-08-11 08:54:38,P128,41,,occasionally,female,7.jpeg,AI,REAL,0
2026-08-11 08:54:38,P128,41,,occasionally,female,8.avif,AI,REAL,0
2026-08-11 08:54:38,P128,41,,occasionally,female,9.png,REAL,AI,0
2026-08-11 08:54:38,P128,41,,occasionally,female,10.webp,AI,REAL,0
2026-08-11 08:54:38,P128,41,,occasionally,female,11.jpg,REAL,REAL,1
2026-08-11 08:54:38,P128,41,,occasionally,female,12.png,REAL,AI,0
2026-08-11 08:54:38,P128,41,,occasionally,female,13.jpg,REAL,AI,0
2026-08-11 08:54:38,P128,41,,occasionally,female,14.mp4,REAL,REAL,1
2026-08-11 08:54:38,P128,41,,occasionally,female,15.png,AI,AI,1
2026-08-11 08:54:38,P128,41,,occasionally,female,16.mp4,REAL,REAL,1
2026-08-11 08:54:38,P128,41,,occasionally,female,17.mp4,REAL,AI,0
2026-08-11 08:54:38,P128,41,,occasionally,female,18.png,AI,AI,1
2026-08-11 08:54:38,P128,41,,occasionally,female,19.png,AI,REAL,0
2026-08-11 08:54:38,P128,41,,occasionally,female,20.png,REAL,AI,0
2026-08-11 08:54:38,P128,41,,occasionally,female,21.webp,AI,AI,1
2026-08-11 08:54:38,P128,41,,occasionally,female,22.webp,AI,REAL,0
2026-08-11 08:54:38,P128,41,,occasionally,female,23.jpg,REAL,REAL,1
2026-08-11 08:54:38,P128,41,,occasionally,female,24.mp4,REAL,AI,0
2026-08-11 08:54:38,P128,41,,occasionally,female,25.mov,REAL,REAL,1
2026-08-11 08:54:38,P128,41,,occasionally,female,26.mov,REAL,AI,0
2026-08-11 08:54:38,P128,41,,occasionally,female,27.jpeg,REAL,AI,0
2026-08-11 08:54:38,P128,41,,occasionally,female,28.jpg,REAL,REAL,1
2026-08-11 08:54:38,P128,41,,occasionally,female,29.png,AI,REAL,0
2026-08-11 08:54:38,P128,41,,occasionally,female,30.jpg,AI,REAL,0
2026-08-11 08:54:38,P128,41,,occasionally,female,31.jpg,REAL,AI,0
2026-08-11 08:54:38,P128,41,,occasionally,female,32.png,REAL,AI,0
2026-08-11 08:54:38,P128,41,,occasionally,female,33.png,REAL,REAL,1
2026-08-11 08:54:38,P128,41,,occasionally,female,34.png,REAL,REAL,1
2026-08-11 08:54:38,P128,41,,occasionally,female,35.png,AI,AI,1
2026-08-11 08:54:38,P128,41,,occasionally,female,36.jpg,REAL,REAL,1
2026-08-11 08:54:38,P128,41,,occasionally,female,37.mp4,AI,REAL,0
2026-08-11 08:54:38,P128,41,,occasionally,female,38.mp4,REAL,AI,0
2026-08-11 09:23:24,P129,64,,daily,prefer_not_to_say,1.jpg,AI,AI,1
2026-08-11 09:23:24,P129,64,,daily,prefer_not_to_say,2.jpg,AI,REAL,0
2026-08-11 09:23:24,P129,64,,daily,prefer_not_to_say,3.jpg,REAL,REAL,1
2026-08-11 09:23:24,P129,64,,daily,prefer_not_to_say,4.mp4,REAL,AI,0
2026-08-11 09:23:24,P129,64,,daily,prefer_not_to_say,5.png,REAL,AI,0
2026-08-11 09:23:24,P129,64,,daily,prefer_not_to_say,6.png,REAL,AI,0
2026-08-11 09:23:24,P129,64,,daily,prefer_not_to_say,7.jpeg,REAL,REAL,1
2026-08-11 09:23:24,P129,64,,daily,prefer_not_to_say,8.avif,REAL,REAL,1
2026-08-11 09:23:24,P129,64,,daily,prefer_not_to_say,9.png,REAL,AI,0
2026-08-11 09:23:24,P129,64,,daily,prefer_not_to_say,10.webp,REAL,REAL,1
2026-08-11 09:23:24,P129,64,,daily,prefer_not_to_say,11.jpg,REAL,REAL,1
2026-08-11 09:23:24,P129,64,,daily,prefer_not_to_say,12.png,AI,AI,1
2026-08-11 09:23:24,P129,64,,daily,prefer_not_to_say,13.jpg,REAL,AI,0
2026-08-11 09:23:24,P129,64,,daily,prefer_not_to_say,14.mp4,AI,REAL,0
2026-08-11 09:23:24,P129,64,,daily,prefer_not_to_say,15.png,REAL,AI,0
2026-08-11 09:23:24,P129,64,,daily,prefer_not_to_say,16.mp4,REAL,REAL,1
2026-08-11 09:23:24,P129,64,,daily,prefer_not_to_say,17.mp4,AI,AI,1
2026-08-11 09:23:24,P129,64,,daily,prefer_not_to_say,18.png,AI,AI,1
2026-08-11 09:23:24,P129,64,,daily,prefer_not_to_say,19.png,AI,REAL,0
2026-08-11 09:23:24,P129,64,,daily,prefer_not_to_say,20.png,AI,AI,1
2026-08-11 09:23:24,P129,64,,daily,prefer_not_to_say,21.webp,REAL,AI,0
2026-08-11 09:23:24,P129,64,,daily,prefer_not_to_say,22.webp,REAL,REAL,1
2026-08-11 09:23:24,P129,64,,daily,prefer_not_to_say,23.jpg,REAL,REAL,1
2026-08-11 09:23:24,P129,64,,daily,prefer_not_to_say,24.mp4,AI,AI,1
2026-08-11 09:23:24,P129,64,,daily,prefer_not_to_say,25.mov,REAL,REAL,1
2026-08-11 09:23:24,P129,64,,daily,prefer_not_to_say,26.mov,REAL,AI,0
2026-08-11 09:23:24,P129,64,,daily,prefer_not_to_say,27.jpeg,REAL,AI,0
2026-08-11 09:23:24,P129,64,,daily,prefer_not_to_say,28.jpg,REAL,REAL,1
2026-08-11 09:23:24,P129,64,,daily,prefer_not_to_say,29.png,AI,REAL,0
2026-08-11 09:23:24,P129,64,,daily,prefer_not_to_say,30.jpg,AI,REAL,0
2026-08-11 09:23:24,P129,64,,daily,prefer_not_to_say,31.jpg,REAL,AI,0
2026-08-11 09:23:24,P129,64,,daily,prefer_not_to_say,32.png,REAL,AI,0
2026-08-11 09:23:24,P129,64,,daily,prefer_not_to_say,33.png,REAL,REAL,1
2026-08-11 09:23:24,P129,64,,daily,prefer_not_to_say,34.png,REAL,REAL,1
2026-08-11 09:23:24,P129,64,,daily,prefer_not_to_say,35.png,REAL,AI,0
2026-08-11 09:23:24,P129,64,,daily,prefer_not_to_say,36.jpg,REAL,REAL,1
2026-08-11 09:23:24,P129,64,,daily,prefer_not_to_say,37.mp4,AI,REAL,0
2026-08-11 09:23:24,P129,64,,daily,prefer_not_to_say,38.mp4,AI,AI,1
2026-08-11 09:34:55,P130,15,,daily,female,1.jpg,AI,AI,1
2026-08-11 09:34:55,P130,15,,daily,female,2.jpg,REAL,REAL,1
2026-08-11 09:34:55,P130,15,,daily,female,3.jpg,REAL,REAL,1
2026-08-11 09:34:55,P130,15,,daily,female,4.mp4,REAL,AI,0
2026-08-11 09:34:55,P130,15,,daily,female,5.png,AI,AI,1
2026-08-11 09:34:55,P130,15,,daily,female,6.png,REAL,AI,0
2026-08-11 09:34:55,P130,15,,daily,female,7.jpeg,AI,REAL,0
2026-08-11 09:34:55,P130,15,,daily,female,8.avif,REAL,REAL,1
2026-08-11 09:34:55,P130,15,,daily,female,9.png,REAL,AI,0
2026-08-11 09:34:55,P130,15,,daily,female,10.webp,AI,REAL,0
2026-08-11 09:34:55,P130,15,,daily,female,11.jpg,REAL,REAL,1
2026-08-11 09:34:55,P130,15,,daily,female,12.png,REAL,AI,0
2026-08-11 09:34:55,P130,15,,daily,female,13.jpg,REAL,AI,0
2026-08-11 09:34:55,P130,15,,daily,female,14.mp4,AI,REAL,0
2026-08-11 09:34:55,P130,15,,daily,female,15.png,REAL,AI,0
2026-08-11 09:34:55,P130,15,,daily,female,16.mp4,REAL,REAL,1
2026-08-11 09:34:55,P130,15,,daily,female,17.mp4,AI,AI,1
2026-08-11 09:34:55,P130,15,,daily,female,18.png,AI,AI,1
2026-08-11 09:34:55,P130,15,,daily,female,19.png,REAL,REAL,1
2026-08-11 09:34:55,P130,15,,daily,female,20.png,REAL,AI,0
2026-08-11 09:34:55,P130,15,,daily,female,21.webp,REAL,AI,0
2026-08-11 09:34:55,P130,15,,daily,female,22.webp,REAL,REAL,1
2026-08-11 09:34:55,P130,15,,daily,female,23.jpg,REAL,REAL,1
2026-08-11 09:34:55,P130,15,,daily,female,24.mp4,AI,AI,1
2026-08-11 09:34:55,P130,15,,daily,female,25.mov,REAL,REAL,1
2026-08-11 09:34:55,P130,15,,daily,female,26.mov,REAL,AI,0
2026-08-11 09:34:55,P130,15,,daily,female,27.jpeg,REAL,AI,0
2026-08-11 09:34:55,P130,15,,daily,female,28.jpg,REAL,REAL,1
2026-08-11 09:34:55,P130,15,,daily,female,29.png,REAL,REAL,1
2026-08-11 09:34:55,P130,15,,daily,female,30.jpg,REAL,REAL,1
2026-08-11 09:34:55,P130,15,,daily,female,31.jpg,AI,AI,1
2026-08-11 09:34:55,P130,15,,daily,female,32.png,REAL,AI,0
2026-08-11 09:34:55,P130,15,,daily,female,33.png,AI,REAL,0
2026-08-11 09:34:55,P130,15,,daily,female,34.png,REAL,REAL,1
2026-08-11 09:34:55,P130,15,,daily,female,35.png,AI,AI,1
2026-08-11 09:34:55,P130,15,,daily,female,36.jpg,AI,REAL,0
2026-08-11 09:34:55,P130,15,,daily,female,37.mp4,REAL,REAL,1
2026-08-11 09:34:55,P130,15,,daily,female,38.mp4,AI,AI,1
2026-08-11 09:40:01,P131,49,,daily,male,1.jpg,AI,AI,1
2026-08-11 09:40:01,P131,49,,daily,male,2.jpg,REAL,REAL,1
2026-08-11 09:40:01,P131,49,,daily,male,3.jpg,REAL,REAL,1
2026-08-11 09:40:01,P131,49,,daily,male,4.mp4,REAL,AI,0
2026-08-11 09:40:01,P131,49,,daily,male,5.png,REAL,AI,0
2026-08-11 09:40:01,P131,49,,daily,male,6.png,REAL,AI,0
2026-08-11 09:40:01,P131,49,,daily,male,7.jpeg,REAL,REAL,1
2026-08-11 09:40:01,P131,49,,daily,male,8.avif,AI,REAL,0
2026-08-11 09:40:01,P131,49,,daily,male,9.png,REAL,AI,0
2026-08-11 09:40:01,P131,49,,daily,male,10.webp,REAL,REAL,1
2026-08-11 09:40:01,P131,49,,daily,male,11.jpg,REAL,REAL,1
2026-08-11 09:40:01,P131,49,,daily,male,12.png,REAL,AI,0
2026-08-11 09:40:01,P131,49,,daily,male,13.jpg,REAL,AI,0
2026-08-11 09:40:01,P131,49,,daily,male,14.mp4,REAL,REAL,1
2026-08-11 09:40:01,P131,49,,daily,male,15.png,AI,AI,1
2026-08-11 09:40:01,P131,49,,daily,male,16.mp4,REAL,REAL,1
2026-08-11 09:40:01,P131,49,,daily,male,17.mp4,AI,AI,1
2026-08-11 09:40:01,P131,49,,daily,male,18.png,REAL,AI,0
2026-08-11 09:40:01,P131,49,,daily,male,19.png,AI,REAL,0
2026-08-11 09:40:01,P131,49,,daily,male,20.png,REAL,AI,0
2026-08-11 09:40:01,P131,49,,daily,male,21.webp,AI,AI,1
2026-08-11 09:40:01,P131,49,,daily,male,22.webp,AI,REAL,0
2026-08-11 09:40:01,P131,49,,daily,male,23.jpg,REAL,REAL,1
2026-08-11 09:40:01,P131,49,,daily,male,24.mp4,REAL,AI,0
2026-08-11 09:40:01,P131,49,,daily,male,25.mov,REAL,REAL,1
2026-08-11 09:40:01,P131,49,,daily,male,26.mov,REAL,AI,0
2026-08-11 09:40:01,P131,49,,daily,male,27.jpeg,REAL,AI,0
2026-08-11 09:40:01,P131,49,,daily,male,28.jpg,AI,REAL,0
2026-08-11 09:40:01,P131,49,,daily,male,29.png,REAL,REAL,1
2026-08-11 09:40:01,P131,49,,daily,male,30.jpg,REAL,REAL,1
2026-08-11 09:40:01,P131,49,,daily,male,31.jpg,REAL,AI,0
2026-08-11 09:40:01,P131,49,,daily,male,32.png,REAL,AI,0
2026-08-11 09:40:01,P131,49,,daily,male,33.png,REAL,REAL,1
2026-08-11 09:40:01,P131,49,,daily,male,34.png,REAL,REAL,1
2026-08-11 09:40:01,P131,49,,daily,male,35.png,REAL,AI,0
2026-08-11 09:40:01,P131,49,,daily,male,36.jpg,REAL,REAL,1
2026-08-11 09:40:01,P131,49,,daily,male,37.mp4,AI,REAL,0
2026-08-11 09:40:01,P131,49,,daily,male,38.mp4,AI,AI,1
2026-08-11 09:44:03,P132,73,,never,female,1.jpg,AI,AI,1
2026-08-11 09:44:03,P132,73,,never,female,2.jpg,REAL,REAL,1
2026-08-11 09:44:03,P132,73,,never,female,3.jpg,REAL,REAL,1
2026-08-11 09:44:03,P132,73,,never,female,4.mp4,AI,AI,1
2026-08-11 09:44:03,P132,73,,never,female,5.png,AI,AI,1
2026-08-11 09:44:03,P132,73,,never,female,6.png,REAL,AI,0
2026-08-11 09:44:03,P132,73,,never,female,7.jpeg,REAL,REAL,1
2026-08-11 09:44:03,P132,73,,never,female,8.avif,AI,REAL,0
2026-08-11 09:44:03,P132,73,,never,female,9.png,REAL,AI,0
2026-08-11 09:44:03,P132,73,,never,female,10.webp,REAL,REAL,1
2026-08-11 09:44:03,P132,73,,never,female,11.jpg,AI,REAL,0
2026-08-11 09:44:03,P132,73,,never,female,12.png,REAL,AI,0
2026-08-11 09:44:03,P132,73,,never,female,13.jpg,REAL,AI,0
2026-08-11 09:44:03,P132,73,,never,female,14.mp4,AI,REAL,0
2026-08-11 09:44:03,P132,73,,never,female,15.png,AI,AI,1
2026-08-11 09:44:03,P132,73,,never,female,16.mp4,REAL,REAL,1
2026-08-11 09:44:03,P132,73,,never,female,17.mp4,AI,AI,1
2026-08-11 09:44:03,P132,73,,never,female,18.png,REAL,AI,0
2026-08-11 09:44:03,P132,73,,never,female,19.png,AI,REAL,0
2026-08-11 09:44:03,P132,73,,never,female,20.png,AI,AI,1
2026-08-11 09:44:03,P132,73,,never,female,21.webp,REAL,AI,0
2026-08-11 09:44:03,P132,73,,never,female,22.webp,REAL,REAL,1
2026-08-11 09:44:03,P132,73,,never,female,23.jpg,REAL,REAL,1
2026-08-11 09:44:03,P132,73,,never,female,24.mp4,AI,AI,1
2026-08-11 09:44:03,P132,73,,never,female,25.mov,REAL,REAL,1
2026-08-11 09:44:03,P132,73,,never,female,26.mov,AI,AI,1
2026-08-11 09:44:03,P132,73,,never,female,27.jpeg,REAL,AI,0
2026-08-11 09:44:03,P132,73,,never,female,28.jpg,REAL,REAL,1
2026-08-11 09:44:03,P132,73,,never,female,29.png,REAL,REAL,1
2026-08-11 09:44:03,P132,73,,never,female,30.jpg,AI,REAL,0
2026-08-11 09:44:03,P132,73,,never,female,31.jpg,AI,AI,1
2026-08-11 09:44:03,P132,73,,never,female,32.png,REAL,AI,0
2026-08-11 09:44:03,P132,73,,never,female,33.png,REAL,REAL,1
2026-08-11 09:44:03,P132,73,,never,female,34.png,REAL,REAL,1
2026-08-11 09:44:03,P132,73,,never,female,35.png,REAL,AI,0
2026-08-11 09:44:03,P132,73,,never,female,36.jpg,REAL,REAL,1
2026-08-11 09:44:03,P132,73,,never,female,37.mp4,REAL,REAL,1
2026-08-11 09:44:03,P132,73,,never,female,38.mp4,REAL,AI,0
2026-08-11 09:45:06,P133,42,,never,female,1.jpg,AI,AI,1
2026-08-11 09:45:06,P133,42,,never,female,2.jpg,REAL,REAL,1
2026-08-11 09:45:06,P133,42,,never,female,3.jpg,REAL,REAL,1
2026-08-11 09:45:06,P133,42,,never,female,4.mp4,REAL,AI,0
2026-08-11 09:45:06,P133,42,,never,female,5.png,AI,AI,1
2026-08-11 09:45:06,P133,42,,never,female,6.png,REAL,AI,0
2026-08-11 09:45:06,P133,42,,never,female,7.jpeg,AI,REAL,0
2026-08-11 09:45:06,P133,42,,never,female,8.avif,AI,REAL,0
2026-08-11 09:45:06,P133,42,,never,female,9.png,REAL,AI,0
2026-08-11 09:45:06,P133,42,,never,female,10.webp,AI,REAL,0
2026-08-11 09:45:06,P133,42,,never,female,11.jpg,REAL,REAL,1
2026-08-11 09:45:06,P133,42,,never,female,12.png,REAL,AI,0
2026-08-11 09:45:06,P133,42,,never,female,13.jpg,REAL,AI,0
2026-08-11 09:45:06,P133,42,,never,female,14.mp4,AI,REAL,0
2026-08-11 09:45:06,P133,42,,never,female,15.png,AI,AI,1
2026-08-11 09:45:06,P133,42,,never,female,16.mp4,REAL,REAL,1
2026-08-11 09:45:06,P133,42,,never,female,17.mp4,AI,AI,1
2026-08-11 09:45:06,P133,42,,never,female,18.png,AI,AI,1
2026-08-11 09:45:06,P133,42,,never,female,19.png,AI,REAL,0
2026-08-11 09:45:06,P133,42,,never,female,20.png,REAL,AI,0
2026-08-11 09:45:06,P133,42,,never,female,21.webp,REAL,AI,0
2026-08-11 09:45:06,P133,42,,never,female,22.webp,REAL,REAL,1
2026-08-11 09:45:06,P133,42,,never,female,23.jpg,REAL,REAL,1
2026-08-11 09:45:06,P133,42,,never,female,24.mp4,AI,AI,1
2026-08-11 09:45:06,P133,42,,never,female,25.mov,REAL,REAL,1
2026-08-11 09:45:06,P133,42,,never,female,26.mov,AI,AI,1
2026-08-11 09:45:06,P133,42,,never,female,27.jpeg,REAL,AI,0
2026-08-11 09:45:06,P133,42,,never,female,28.jpg,REAL,REAL,1
2026-08-11 09:45:06,P133,42,,never,female,29.png,REAL,REAL,1
2026-08-11 09:45:06,P133,42,,never,female,30.jpg,REAL,REAL,1
2026-08-11 09:45:06,P133,42,,never,female,31.jpg,REAL,AI,0
2026-08-11 09:45:06,P133,42,,never,female,32.png,REAL,AI,0
2026-08-11 09:45:06,P133,42,,never,female,33.png,REAL,REAL,1
2026-08-11 09:45:06,P133,42,,never,female,34.png,REAL,REAL,1
2026-08-11 09:45:06,P133,42,,never,female,35.png,REAL,AI,0
2026-08-11 09:45:06,P133,42,,never,female,36.jpg,AI,REAL,0
2026-08-11 09:45:06,P133,42,,never,female,37.mp4,AI,REAL,0
2026-08-11 09:45:06,P133,42,,never,female,38.mp4,REAL,AI,0
2026-08-11 10:02:42,P134,35,,never,male,1.jpg,REAL,AI,0
2026-08-11 10:02:42,P134,35,,never,male,2.jpg,REAL,REAL,1
2026-08-11 10:02:42,P134,35,,never,male,3.jpg,AI,REAL,0
2026-08-11 10:02:42,P134,35,,never,male,4.mp4,REAL,AI,0
2026-08-11 10:02:42,P134,35,,never,male,5.png,REAL,AI,0
2026-08-11 10:02:42,P134,35,,never,male,6.png,REAL,AI,0
2026-08-11 10:02:42,P134,35,,never,male,7.jpeg,REAL,REAL,1
2026-08-11 10:02:42,P134,35,,never,male,8.avif,AI,REAL,0
2026-08-11 10:02:42,P134,35,,never,male,9.png,REAL,AI,0
2026-08-11 10:02:42,P134,35,,never,male,10.webp,REAL,REAL,1
2026-08-11 10:02:42,P134,35,,never,male,11.jpg,REAL,REAL,1
2026-08-11 10:02:42,P134,35,,never,male,12.png,REAL,AI,0
2026-08-11 10:02:42,P134,35,,never,male,13.jpg,REAL,AI,0
2026-08-11 10:02:42,P134,35,,never,male,14.mp4,AI,REAL,0
2026-08-11 10:02:42,P134,35,,never,male,15.png,REAL,AI,0
2026-08-11 10:02:42,P134,35,,never,male,16.mp4,REAL,REAL,1
2026-08-11 10:02:42,P134,35,,never,male,17.mp4,REAL,AI,0
2026-08-11 10:02:42,P134,35,,never,male,18.png,REAL,AI,0
2026-08-11 10:02:42,P134,35,,never,male,19.png,REAL,REAL,1
2026-08-11 10:02:42,P134,35,,never,male,20.png,REAL,AI,0
2026-08-11 10:02:42,P134,35,,never,male,21.webp,REAL,AI,0
2026-08-11 10:02:42,P134,35,,never,male,22.webp,REAL,REAL,1
2026-08-11 10:02:42,P134,35,,never,male,23.jpg,REAL,REAL,1
2026-08-11 10:02:42,P134,35,,never,male,24.mp4,REAL,AI,0
2026-08-11 10:02:42,P134,35,,never,male,25.mov,REAL,REAL,1
2026-08-11 10:02:42,P134,35,,never,male,26.mov,REAL,AI,0
2026-08-11 10:02:42,P134,35,,never,male,27.jpeg,REAL,AI,0
2026-08-11 10:02:42,P134,35,,never,male,28.jpg,REAL,REAL,1
2026-08-11 10:02:42,P134,35,,never,male,29.png,AI,REAL,0
2026-08-11 10:02:42,P134,35,,never,male,30.jpg,AI,REAL,0
2026-08-11 10:02:42,P134,35,,never,male,31.jpg,REAL,AI,0
2026-08-11 10:02:42,P134,35,,never,male,32.png,REAL,AI,0
2026-08-11 10:02:42,P134,35,,never,male,33.png,AI,REAL,0
2026-08-11 10:02:42,P134,35,,never,male,34.png,REAL,REAL,1
2026-08-11 10:02:42,P134,35,,never,male,35.png,REAL,AI,0
2026-08-11 10:02:42,P134,35,,never,male,36.jpg,REAL,REAL,1
2026-08-11 10:02:42,P134,35,,never,male,37.mp4,REAL,REAL,1
2026-08-11 10:02:42,P134,35,,never,male,38.mp4,REAL,AI,0
2026-08-11 10:04:52,P135,52,,daily,female,1.jpg,AI,AI,1
2026-08-11 10:04:52,P135,52,,daily,female,2.jpg,REAL,REAL,1
2026-08-11 10:04:52,P135,52,,daily,female,3.jpg,REAL,REAL,1
2026-08-11 10:04:52,P135,52,,daily,female,4.mp4,AI,AI,1
2026-08-11 10:04:52,P135,52,,daily,female,5.png,REAL,AI,0
2026-08-11 10:04:52,P135,52,,daily,female,6.png,REAL,AI,0
2026-08-11 10:04:52,P135,52,,daily,female,7.jpeg,AI,REAL,0
2026-08-11 10:04:52,P135,52,,daily,female,8.avif,AI,REAL,0
2026-08-11 10:04:52,P135,52,,daily,female,9.png,REAL,AI,0
2026-08-11 10:04:52,P135,52,,daily,female,10.webp,AI,REAL,0
2026-08-11 10:04:52,P135,52,,daily,female,11.jpg,AI,REAL,0
2026-08-11 10:04:52,P135,52,,daily,female,12.png,AI,AI,1
2026-08-11 10:04:52,P135,52,,daily,female,13.jpg,REAL,AI,0
2026-08-11 10:04:52,P135,52,,daily,female,14.mp4,REAL,REAL,1
2026-08-11 10:04:52,P135,52,,daily,female,15.png,REAL,AI,0
2026-08-11 10:04:52,P135,52,,daily,female,16.mp4,AI,REAL,0
2026-08-11 10:04:52,P135,52,,daily,female,17.mp4,REAL,AI,0
2026-08-11 10:04:52,P135,52,,daily,female,18.png,REAL,AI,0
2026-08-11 10:04:52,P135,52,,daily,female,19.png,REAL,REAL,1
2026-08-11 10:04:52,P135,52,,daily,female,20.png,REAL,AI,0
2026-08-11 10:04:52,P135,52,,daily,female,21.webp,REAL,AI,0
2026-08-11 10:04:52,P135,52,,daily,female,22.webp,REAL,REAL,1
2026-08-11 10:04:52,P135,52,,daily,female,23.jpg,REAL,REAL,1
2026-08-11 10:04:52,P135,52,,daily,female,24.mp4,AI,AI,1
2026-08-11 10:04:52,P135,52,,daily,female,25.mov,REAL,REAL,1
2026-08-11 10:04:52,P135,52,,daily,female,26.mov,REAL,AI,0
2026-08-11 10:04:52,P135,52,,daily,female,27.jpeg,AI,AI,1
2026-08-11 10:04:52,P135,52,,daily,female,28.jpg,AI,REAL,0
2026-08-11 10:04:52,P135,52,,daily,female,29.png,AI,REAL,0
2026-08-11 10:04:52,P135,52,,daily,female,30.jpg,AI,REAL,0
2026-08-11 10:04:52,P135,52,,daily,female,31.jpg,AI,AI,1
2026-08-11 10:04:52,P135,52,,daily,female,32.png,REAL,AI,0
2026-08-11 10:04:52,P135,52,,daily,female,33.png,REAL,REAL,1
2026-08-11 10:04:52,P135,52,,daily,female,34.png,REAL,REAL,1
2026-08-11 10:04:52,P135,52,,daily,female,35.png,REAL,AI,0
2026-08-11 10:04:52,P135,52,,daily,female,36.jpg,AI,REAL,0
2026-08-11 10:04:52,P135,52,,daily,female,37.mp4,AI,REAL,0
2026-08-11 10:04:52,P135,52,,daily,female,38.mp4,AI,AI,1
2026-08-11 10:24:45,P136,48,,occasionally,male,1.jpg,REAL,AI,0
2026-08-11 10:24:45,P136,48,,occasionally,male,2.jpg,REAL,REAL,1
2026-08-11 10:24:45,P136,48,,occasionally,male,3.jpg,REAL,REAL,1
2026-08-11 10:24:45,P136,48,,occasionally,male,4.mp4,REAL,AI,0
2026-08-11 10:24:45,P136,48,,occasionally,male,5.png,REAL,AI,0
2026-08-11 10:24:45,P136,48,,occasionally,male,6.png,REAL,AI,0
2026-08-11 10:24:45,P136,48,,occasionally,male,7.jpeg,REAL,REAL,1
2026-08-11 10:24:45,P136,48,,occasionally,male,8.avif,REAL,REAL,1
2026-08-11 10:24:45,P136,48,,occasionally,male,9.png,REAL,AI,0
2026-08-11 10:24:45,P136,48,,occasionally,male,10.webp,REAL,REAL,1
2026-08-11 10:24:45,P136,48,,occasionally,male,11.jpg,REAL,REAL,1
2026-08-11 10:24:45,P136,48,,occasionally,male,12.png,REAL,AI,0
2026-08-11 10:24:45,P136,48,,occasionally,male,13.jpg,REAL,AI,0
2026-08-11 10:24:45,P136,48,,occasionally,male,14.mp4,AI,REAL,0
2026-08-11 10:24:45,P136,48,,occasionally,male,15.png,REAL,AI,0
2026-08-11 10:24:45,P136,48,,occasionally,male,16.mp4,REAL,REAL,1
2026-08-11 10:24:45,P136,48,,occasionally,male,17.mp4,REAL,AI,0
2026-08-11 10:24:45,P136,48,,occasionally,male,18.png,REAL,AI,0
2026-08-11 10:24:45,P136,48,,occasionally,male,19.png,REAL,REAL,1
2026-08-11 10:24:45,P136,48,,occasionally,male,20.png,REAL,AI,0
2026-08-11 10:24:45,P136,48,,occasionally,male,21.webp,REAL,AI,0
2026-08-11 10:24:45,P136,48,,occasionally,male,22.webp,AI,REAL,0
2026-08-11 10:24:45,P136,48,,occasionally,male,23.jpg,REAL,REAL,1
2026-08-11 10:24:45,P136,48,,occasionally,male,24.mp4,AI,AI,1
2026-08-11 10:24:45,P136,48,,occasionally,male,25.mov,REAL,REAL,1
2026-08-11 10:24:45,P136,48,,occasionally,male,26.mov,REAL,AI,0
2026-08-11 10:24:45,P136,48,,occasionally,male,27.jpeg,REAL,AI,0
2026-08-11 10:24:45,P136,48,,occasionally,male,28.jpg,REAL,REAL,1
2026-08-11 10:24:45,P136,48,,occasionally,male,29.png,REAL,REAL,1
2026-08-11 10:24:45,P136,48,,occasionally,male,30.jpg,AI,REAL,0
2026-08-11 10:24:45,P136,48,,occasionally,male,31.jpg,REAL,AI,0
2026-08-11 10:24:45,P136,48,,occasionally,male,32.png,REAL,AI,0
2026-08-11 10:24:45,P136,48,,occasionally,male,33.png,REAL,REAL,1
2026-08-11 10:24:45,P136,48,,occasionally,male,34.png,REAL,REAL,1
2026-08-11 10:24:45,P136,48,,occasionally,male,35.png,REAL,AI,0
2026-08-11 10:24:45,P136,48,,occasionally,male,36.jpg,AI,REAL,0
2026-08-11 10:24:45,P136,48,,occasionally,male,37.mp4,AI,REAL,0
2026-08-11 10:24:45,P136,48,,occasionally,male,38.mp4,REAL,AI,0
2026-08-11 10:35:47,P137,55,,never,female,1.jpg,AI,AI,1
2026-08-11 10:35:47,P137,55,,never,female,2.jpg,AI,REAL,0
2026-08-11 10:35:47,P137,55,,never,female,3.jpg,AI,REAL,0
2026-08-11 10:35:47,P137,55,,never,female,4.mp4,REAL,AI,0
2026-08-11 10:35:47,P137,55,,never,female,5.png,REAL,AI,0
2026-08-11 10:35:47,P137,55,,never,female,6.png,REAL,AI,0
2026-08-11 10:35:47,P137,55,,never,female,7.jpeg,AI,REAL,0
2026-08-11 10:35:47,P137,55,,never,female,8.avif,AI,REAL,0
2026-08-11 10:35:47,P137,55,,never,female,9.png,REAL,AI,0
2026-08-11 10:35:47,P137,55,,never,female,10.webp,REAL,REAL,1
2026-08-11 10:35:47,P137,55,,never,female,11.jpg,AI,REAL,0
2026-08-11 10:35:47,P137,55,,never,female,12.png,REAL,AI,0
2026-08-11 10:35:47,P137,55,,never,female,13.jpg,REAL,AI,0
2026-08-11 10:35:47,P137,55,,never,female,14.mp4,REAL,REAL,1
2026-08-11 10:35:47,P137,55,,never,female,15.png,AI,AI,1
2026-08-11 10:35:47,P137,55,,never,female,16.mp4,AI,REAL,0
2026-08-11 10:35:47,P137,55,,never,female,17.mp4,REAL,AI,0
2026-08-11 10:35:47,P137,55,,never,female,18.png,REAL,AI,0
2026-08-11 10:35:47,P137,55,,never,female,19.png,REAL,REAL,1
2026-08-11 10:35:47,P137,55,,never,female,20.png,REAL,AI,0
2026-08-11 10:35:47,P137,55,,never,female,21.webp,AI,AI,1
2026-08-11 10:35:47,P137,55,,never,female,22.webp,REAL,REAL,1
2026-08-11 10:35:47,P137,55,,never,female,23.jpg,AI,REAL,0
2026-08-11 10:35:47,P137,55,,never,female,24.mp4,REAL,AI,0
2026-08-11 10:35:47,P137,55,,never,female,25.mov,AI,REAL,0
2026-08-11 10:35:47,P137,55,,never,female,26.mov,REAL,AI,0
2026-08-11 10:35:47,P137,55,,never,female,27.jpeg,REAL,AI,0
2026-08-11 10:35:47,P137,55,,never,female,28.jpg,REAL,REAL,1
2026-08-11 10:35:47,P137,55,,never,female,29.png,AI,REAL,0
2026-08-11 10:35:47,P137,55,,never,female,30.jpg,AI,REAL,0
2026-08-11 10:35:47,P137,55,,never,female,31.jpg,REAL,AI,0
2026-08-11 10:35:47,P137,55,,never,female,32.png,REAL,AI,0
2026-08-11 10:35:47,P137,55,,never,female,33.png,AI,REAL,0
2026-08-11 10:35:47,P137,55,,never,female,34.png,REAL,REAL,1
2026-08-11 10:35:47,P137,55,,never,female,35.png,REAL,AI,0
2026-08-11 10:35:47,P137,55,,never,female,36.jpg,AI,REAL,0
2026-08-11 10:35:47,P137,55,,never,female,37.mp4,REAL,REAL,1
2026-08-11 10:35:47,P137,55,,never,female,38.mp4,REAL,AI,0
2026-08-11 11:00:38,P138,49,,daily,female,1.jpg,REAL,AI,0
2026-08-11 11:00:38,P138,49,,daily,female,2.jpg,AI,REAL,0
2026-08-11 11:00:38,P138,49,,daily,female,3.jpg,AI,REAL,0
2026-08-11 11:00:38,P138,49,,daily,female,4.mp4,REAL,AI,0
2026-08-11 11:00:38,P138,49,,daily,female,5.png,REAL,AI,0
2026-08-11 11:00:38,P138,49,,daily,female,6.png,AI,AI,1
2026-08-11 11:00:38,P138,49,,daily,female,7.jpeg,AI,REAL,0
2026-08-11 11:00:38,P138,49,,daily,female,8.avif,REAL,REAL,1
2026-08-11 11:00:38,P138,49,,daily,female,9.png,REAL,AI,0
2026-08-11 11:00:38,P138,49,,daily,female,10.webp,AI,REAL,0
2026-08-11 11:00:38,P138,49,,daily,female,11.jpg,AI,REAL,0
2026-08-11 11:00:38,P138,49,,daily,female,12.png,REAL,AI,0
2026-08-11 11:00:38,P138,49,,daily,female,13.jpg,REAL,AI,0
2026-08-11 11:00:38,P138,49,,daily,female,14.mp4,AI,REAL,0
2026-08-11 11:00:38,P138,49,,daily,female,15.png,AI,AI,1
2026-08-11 11:00:38,P138,49,,daily,female,16.mp4,REAL,REAL,1
2026-08-11 11:00:38,P138,49,,daily,female,17.mp4,REAL,AI,0
2026-08-11 11:00:38,P138,49,,daily,female,18.png,REAL,AI,0
2026-08-11 11:00:38,P138,49,,daily,female,19.png,AI,REAL,0
2026-08-11 11:00:38,P138,49,,daily,female,20.png,AI,AI,1
2026-08-11 11:00:38,P138,49,,daily,female,21.webp,REAL,AI,0
2026-08-11 11:00:38,P138,49,,daily,female,22.webp,AI,REAL,0
2026-08-11 11:00:38,P138,49,,daily,female,23.jpg,REAL,REAL,1
2026-08-11 11:00:38,P138,49,,daily,female,24.mp4,REAL,AI,0
2026-08-11 11:00:38,P138,49,,daily,female,25.mov,AI,REAL,0
2026-08-11 11:00:38,P138,49,,daily,female,26.mov,AI,AI,1
2026-08-11 11:00:38,P138,49,,daily,female,27.jpeg,REAL,AI,0
2026-08-11 11:00:38,P138,49,,daily,female,28.jpg,REAL,REAL,1
2026-08-11 11:00:38,P138,49,,daily,female,29.png,AI,REAL,0
2026-08-11 11:00:38,P138,49,,daily,female,30.jpg,AI,REAL,0
2026-08-11 11:00:38,P138,49,,daily,female,31.jpg,AI,AI,1
2026-08-11 11:00:38,P138,49,,daily,female,32.png,REAL,AI,0
2026-08-11 11:00:38,P138,49,,daily,female,33.png,AI,REAL,0
2026-08-11 11:00:38,P138,49,,daily,female,34.png,AI,REAL,0
2026-08-11 11:00:38,P138,49,,daily,female,35.png,AI,AI,1
2026-08-11 11:00:38,P138,49,,daily,female,36.jpg,AI,REAL,0
2026-08-11 11:00:38,P138,49,,daily,female,37.mp4,REAL,REAL,1
2026-08-11 11:00:38,P138,49,,daily,female,38.mp4,REAL,AI,0
2026-08-11 11:04:55,P139,49,,daily,female,1.jpg,AI,AI,1
2026-08-11 11:04:55,P139,49,,daily,female,2.jpg,REAL,REAL,1
2026-08-11 11:04:55,P139,49,,daily,female,3.jpg,REAL,REAL,1
2026-08-11 11:04:55,P139,49,,daily,female,4.mp4,AI,AI,1
2026-08-11 11:04:55,P139,49,,daily,female,5.png,REAL,AI,0
2026-08-11 11:04:55,P139,49,,daily,female,6.png,REAL,AI,0
2026-08-11 11:04:55,P139,49,,daily,female,7.jpeg,REAL,REAL,1
2026-08-11 11:04:55,P139,49,,daily,female,8.avif,AI,REAL,0
2026-08-11 11:04:55,P139,49,,daily,female,9.png,AI,AI,1
2026-08-11 11:04:55,P139,49,,daily,female,10.webp,AI,REAL,0
2026-08-11 11:04:55,P139,49,,daily,female,11.jpg,AI,REAL,0
2026-08-11 11:04:55,P139,49,,daily,female,12.png,REAL,AI,0
2026-08-11 11:04:55,P139,49,,daily,female,13.jpg,AI,AI,1
2026-08-11 11:04:55,P139,49,,daily,female,14.mp4,REAL,REAL,1
2026-08-11 11:04:55,P139,49,,daily,female,15.png,AI,AI,1
2026-08-11 11:04:55,P139,49,,daily,female,16.mp4,REAL,REAL,1
2026-08-11 11:04:55,P139,49,,daily,female,17.mp4,AI,AI,1
2026-08-11 11:04:55,P139,49,,daily,female,18.png,AI,AI,1
2026-08-11 11:04:55,P139,49,,daily,female,19.png,REAL,REAL,1
2026-08-11 11:04:55,P139,49,,daily,female,20.png,AI,AI,1
2026-08-11 11:04:55,P139,49,,daily,female,21.webp,REAL,AI,0
2026-08-11 11:04:55,P139,49,,daily,female,22.webp,AI,REAL,0
2026-08-11 11:04:55,P139,49,,daily,female,23.jpg,REAL,REAL,1
2026-08-11 11:04:55,P139,49,,daily,female,24.mp4,REAL,AI,0
2026-08-11 11:04:55,P139,49,,daily,female,25.mov,REAL,REAL,1
2026-08-11 11:04:55,P139,49,,daily,female,26.mov,AI,AI,1
2026-08-11 11:04:55,P139,49,,daily,female,27.jpeg,REAL,AI,0
2026-08-11 11:04:55,P139,49,,daily,female,28.jpg,REAL,REAL,1
2026-08-11 11:04:55,P139,49,,daily,female,29.png,AI,REAL,0
2026-08-11 11:04:55,P139,49,,daily,female,30.jpg,REAL,REAL,1
2026-08-11 11:04:55,P139,49,,daily,female,31.jpg,REAL,AI,0
2026-08-11 11:04:55,P139,49,,daily,female,32.png,AI,AI,1
2026-08-11 11:04:55,P139,49,,daily,female,33.png,AI,REAL,0
2026-08-11 11:04:55,P139,49,,daily,female,34.png,REAL,REAL,1
2026-08-11 11:04:55,P139,49,,daily,female,35.png,AI,AI,1
2026-08-11 11:04:55,P139,49,,daily,female,36.jpg,REAL,REAL,1
2026-08-11 11:04:55,P139,49,,daily,female,37.mp4,AI,REAL,0
2026-08-11 11:04:55,P139,49,,daily,female,38.mp4,REAL,AI,0
2026-08-11 11:09:12,P140,50,,daily,prefer_not_to_say,1.jpg,AI,AI,1
2026-08-11 11:09:12,P140,50,,daily,prefer_not_to_say,2.jpg,REAL,REAL,1
2026-08-11 11:09:12,P140,50,,daily,prefer_not_to_say,3.jpg,AI,REAL,0
2026-08-11 11:09:12,P140,50,,daily,prefer_not_to_say,4.mp4,AI,AI,1
2026-08-11 11:09:12,P140,50,,daily,prefer_not_to_say,5.png,REAL,AI,0
2026-08-11 11:09:12,P140,50,,daily,prefer_not_to_say,6.png,AI,AI,1
2026-08-11 11:09:12,P140,50,,daily,prefer_not_to_say,7.jpeg,AI,REAL,0
2026-08-11 11:09:12,P140,50,,daily,prefer_not_to_say,8.avif,REAL,REAL,1
2026-08-11 11:09:12,P140,50,,daily,prefer_not_to_say,9.png,REAL,AI,0
2026-08-11 11:09:12,P140,50,,daily,prefer_not_to_say,10.webp,AI,REAL,0
2026-08-11 11:09:12,P140,50,,daily,prefer_not_to_say,11.jpg,AI,REAL,0
2026-08-11 11:09:12,P140,50,,daily,prefer_not_to_say,12.png,REAL,AI,0
2026-08-11 11:09:12,P140,50,,daily,prefer_not_to_say,13.jpg,REAL,AI,0
2026-08-11 11:09:12,P140,50,,daily,prefer_not_to_say,14.mp4,AI,REAL,0
2026-08-11 11:09:12,P140,50,,daily,prefer_not_to_say,15.png,AI,AI,1
2026-08-11 11:09:12,P140,50,,daily,prefer_not_to_say,16.mp4,REAL,REAL,1
2026-08-11 11:09:12,P140,50,,daily,prefer_not_to_say,17.mp4,AI,AI,1
2026-08-11 11:09:12,P140,50,,daily,prefer_not_to_say,18.png,REAL,AI,0
2026-08-11 11:09:12,P140,50,,daily,prefer_not_to_say,19.png,REAL,REAL,1
2026-08-11 11:09:12,P140,50,,daily,prefer_not_to_say,20.png,AI,AI,1
2026-08-11 11:09:12,P140,50,,daily,prefer_not_to_say,21.webp,REAL,AI,0
2026-08-11 11:09:12,P140,50,,daily,prefer_not_to_say,22.webp,AI,REAL,0
2026-08-11 11:09:12,P140,50,,daily,prefer_not_to_say,23.jpg,REAL,REAL,1
2026-08-11 11:09:12,P140,50,,daily,prefer_not_to_say,24.mp4,REAL,AI,0
2026-08-11 11:09:12,P140,50,,daily,prefer_not_to_say,25.mov,REAL,REAL,1
2026-08-11 11:09:12,P140,50,,daily,prefer_not_to_say,26.mov,REAL,AI,0
2026-08-11 11:09:12,P140,50,,daily,prefer_not_to_say,27.jpeg,REAL,AI,0
2026-08-11 11:09:12,P140,50,,daily,prefer_not_to_say,28.jpg,REAL,REAL,1
2026-08-11 11:09:12,P140,50,,daily,prefer_not_to_say,29.png,AI,REAL,0
2026-08-11 11:09:12,P140,50,,daily,prefer_not_to_say,30.jpg,REAL,REAL,1
2026-08-11 11:09:12,P140,50,,daily,prefer_not_to_say,31.jpg,REAL,AI,0
2026-08-11 11:09:12,P140,50,,daily,prefer_not_to_say,32.png,REAL,AI,0
2026-08-11 11:09:12,P140,50,,daily,prefer_not_to_say,33.png,REAL,REAL,1
2026-08-11 11:09:12,P140,50,,daily,prefer_not_to_say,34.png,AI,REAL,0
2026-08-11 11:09:12,P140,50,,daily,prefer_not_to_say,35.png,REAL,AI,0
2026-08-11 11:09:12,P140,50,,daily,prefer_not_to_say,36.jpg,REAL,REAL,1
2026-08-11 11:09:12,P140,50,,daily,prefer_not_to_say,37.mp4,AI,REAL,0
2026-08-11 11:09:12,P140,50,,daily,prefer_not_to_say,38.mp4,AI,AI,1
2026-08-11 11:11:03,P141,53,,frequently,male,1.jpg,REAL,AI,0
2026-08-11 11:11:03,P141,53,,frequently,male,2.jpg,AI,REAL,0
2026-08-11 11:11:03,P141,53,,frequently,male,3.jpg,AI,REAL,0
2026-08-11 11:11:03,P141,53,,frequently,male,4.mp4,REAL,AI,0
2026-08-11 11:11:03,P141,53,,frequently,male,5.png,REAL,AI,0
2026-08-11 11:11:03,P141,53,,frequently,male,6.png,REAL,AI,0
2026-08-11 11:11:03,P141,53,,frequently,male,7.jpeg,REAL,REAL,1
2026-08-11 11:11:03,P141,53,,frequently,male,8.avif,AI,REAL,0
2026-08-11 11:11:03,P141,53,,frequently,male,9.png,REAL,AI,0
2026-08-11 11:11:03,P141,53,,frequently,male,10.webp,AI,REAL,0
2026-08-11 11:11:03,P141,53,,frequently,male,11.jpg,AI,REAL,0
2026-08-11 11:11:03,P141,53,,frequently,male,12.png,REAL,AI,0
2026-08-11 11:11:03,P141,53,,frequently,male,13.jpg,REAL,AI,0
2026-08-11 11:11:03,P141,53,,frequently,male,14.mp4,AI,REAL,0
2026-08-11 11:11:03,P141,53,,frequently,male,15.png,REAL,AI,0
2026-08-11 11:11:03,P141,53,,frequently,male,16.mp4,AI,REAL,0
2026-08-11 11:11:03,P141,53,,frequently,male,17.mp4,REAL,AI,0
2026-08-11 11:11:03,P141,53,,frequently,male,18.png,REAL,AI,0
2026-08-11 11:11:03,P141,53,,frequently,male,19.png,AI,REAL,0
2026-08-11 11:11:03,P141,53,,frequently,male,20.png,AI,AI,1
2026-08-11 11:11:03,P141,53,,frequently,male,21.webp,REAL,AI,0
2026-08-11 11:11:03,P141,53,,frequently,male,22.webp,REAL,REAL,1
2026-08-11 11:11:03,P141,53,,frequently,male,23.jpg,AI,REAL,0
2026-08-11 11:11:03,P141,53,,frequently,male,24.mp4,REAL,AI,0
2026-08-11 11:11:03,P141,53,,frequently,male,25.mov,REAL,REAL,1
2026-08-11 11:11:03,P141,53,,frequently,male,26.mov,AI,AI,1
2026-08-11 11:11:03,P141,53,,frequently,male,27.jpeg,REAL,AI,0
2026-08-11 11:11:03,P141,53,,frequently,male,28.jpg,REAL,REAL,1
2026-08-11 11:11:03,P141,53,,frequently,male,29.png,AI,REAL,0
2026-08-11 11:11:03,P141,53,,frequently,male,30.jpg,REAL,REAL,1
2026-08-11 11:11:03,P141,53,,frequently,male,31.jpg,AI,AI,1
2026-08-11 11:11:03,P141,53,,frequently,male,32.png,AI,AI,1
2026-08-11 11:11:03,P141,53,,frequently,male,33.png,REAL,REAL,1
2026-08-11 11:11:03,P141,53,,frequently,male,34.png,REAL,REAL,1
2026-08-11 11:11:03,P141,53,,frequently,male,35.png,AI,AI,1
2026-08-11 11:11:03,P141,53,,frequently,male,36.jpg,REAL,REAL,1
2026-08-11 11:11:03,P141,53,,frequently,male,37.mp4,AI,REAL,0
2026-08-11 11:11:03,P141,53,,frequently,male,38.mp4,REAL,AI,0
2026-08-11 11:12:35,P142,18,,daily,female,1.jpg,REAL,AI,0
2026-08-11 11:12:35,P142,18,,daily,female,2.jpg,REAL,REAL,1
2026-08-11 11:12:35,P142,18,,daily,female,3.jpg,REAL,REAL,1
2026-08-11 11:12:35,P142,18,,daily,female,4.mp4,AI,AI,1
2026-08-11 11:12:35,P142,18,,daily,female,5.png,AI,AI,1
2026-08-11 11:12:35,P142,18,,daily,female,6.png,AI,AI,1
2026-08-11 11:12:35,P142,18,,daily,female,7.jpeg,AI,REAL,0
2026-08-11 11:12:35,P142,18,,daily,female,8.avif,AI,REAL,0
2026-08-11 11:12:35,P142,18,,daily,female,9.png,REAL,AI,0
2026-08-11 11:12:35,P142,18,,daily,female,10.webp,REAL,REAL,1
2026-08-11 11:12:35,P142,18,,daily,female,11.jpg,AI,REAL,0
2026-08-11 11:12:35,P142,18,,daily,female,12.png,AI,AI,1
2026-08-11 11:12:35,P142,18,,daily,female,13.jpg,REAL,AI,0
2026-08-11 11:12:35,P142,18,,daily,female,14.mp4,AI,REAL,0
2026-08-11 11:12:35,P142,18,,daily,female,15.png,AI,AI,1
2026-08-11 11:12:35,P142,18,,daily,female,16.mp4,REAL,REAL,1
2026-08-11 11:12:35,P142,18,,daily,female,17.mp4,AI,AI,1
2026-08-11 11:12:35,P142,18,,daily,female,18.png,AI,AI,1
2026-08-11 11:12:35,P142,18,,daily,female,19.png,AI,REAL,0
2026-08-11 11:12:35,P142,18,,daily,female,20.png,REAL,AI,0
2026-08-11 11:12:35,P142,18,,daily,female,21.webp,REAL,AI,0
2026-08-11 11:12:35,P142,18,,daily,female,22.webp,REAL,REAL,1
2026-08-11 11:12:35,P142,18,,daily,female,23.jpg,REAL,REAL,1
2026-08-11 11:12:35,P142,18,,daily,female,24.mp4,REAL,AI,0
2026-08-11 11:12:35,P142,18,,daily,female,25.mov,REAL,REAL,1
2026-08-11 11:12:35,P142,18,,daily,female,26.mov,REAL,AI,0
2026-08-11 11:12:35,P142,18,,daily,female,27.jpeg,AI,AI,1
2026-08-11 11:12:35,P142,18,,daily,female,28.jpg,AI,REAL,0
2026-08-11 11:12:35,P142,18,,daily,female,29.png,REAL,REAL,1
2026-08-11 11:12:35,P142,18,,daily,female,30.jpg,REAL,REAL,1
2026-08-11 11:12:35,P142,18,,daily,female,31.jpg,AI,AI,1
2026-08-11 11:12:35,P142,18,,daily,female,32.png,REAL,AI,0
2026-08-11 11:12:35,P142,18,,daily,female,33.png,REAL,REAL,1
2026-08-11 11:12:35,P142,18,,daily,female,34.png,REAL,REAL,1
2026-08-11 11:12:35,P142,18,,daily,female,35.png,REAL,AI,0
2026-08-11 11:12:35,P142,18,,daily,female,36.jpg,REAL,REAL,1
2026-08-11 11:12:35,P142,18,,daily,female,37.mp4,AI,REAL,0
2026-08-11 11:12:35,P142,18,,daily,female,38.mp4,AI,AI,1
2026-08-11 11:18:59,P143,49,,daily,female,1.jpg,REAL,AI,0
2026-08-11 11:18:59,P143,49,,daily,female,2.jpg,AI,REAL,0
2026-08-11 11:18:59,P143,49,,daily,female,3.jpg,AI,REAL,0
2026-08-11 11:18:59,P143,49,,daily,female,4.mp4,AI,AI,1
2026-08-11 11:18:59,P143,49,,daily,female,5.png,REAL,AI,0
2026-08-11 11:18:59,P143,49,,daily,female,6.png,REAL,AI,0
2026-08-11 11:18:59,P143,49,,daily,female,7.jpeg,AI,REAL,0
2026-08-11 11:18:59,P143,49,,daily,female,8.avif,AI,REAL,0
2026-08-11 11:18:59,P143,49,,daily,female,9.png,REAL,AI,0
2026-08-11 11:18:59,P143,49,,daily,female,10.webp,REAL,REAL,1
2026-08-11 11:18:59,P143,49,,daily,female,11.jpg,AI,REAL,0
2026-08-11 11:18:59,P143,49,,daily,female,12.png,REAL,AI,0
2026-08-11 11:18:59,P143,49,,daily,female,13.jpg,REAL,AI,0
2026-08-11 11:18:59,P143,49,,daily,female,14.mp4,REAL,REAL,1
2026-08-11 11:18:59,P143,49,,daily,female,15.png,REAL,AI,0
2026-08-11 11:18:59,P143,49,,daily,female,16.mp4,REAL,REAL,1
2026-08-11 11:18:59,P143,49,,daily,female,17.mp4,AI,AI,1
2026-08-11 11:18:59,P143,49,,daily,female,18.png,REAL,AI,0
2026-08-11 11:18:59,P143,49,,daily,female,19.png,AI,REAL,0
2026-08-11 11:18:59,P143,49,,daily,female,20.png,AI,AI,1
2026-08-11 11:18:59,P143,49,,daily,female,21.webp,REAL,AI,0
2026-08-11 11:18:59,P143,49,,daily,female,22.webp,AI,REAL,0
2026-08-11 11:18:59,P143,49,,daily,female,23.jpg,AI,REAL,0
2026-08-11 11:18:59,P143,49,,daily,female,24.mp4,AI,AI,1
2026-08-11 11:18:59,P143,49,,daily,female,25.mov,REAL,REAL,1
2026-08-11 11:18:59,P143,49,,daily,female,26.mov,AI,AI,1
2026-08-11 11:18:59,P143,49,,daily,female,27.jpeg,REAL,AI,0
2026-08-11 11:18:59,P143,49,,daily,female,28.jpg,AI,REAL,0
2026-08-11 11:18:59,P143,49,,daily,female,29.png,REAL,REAL,1
2026-08-11 11:18:59,P143,49,,daily,female,30.jpg,AI,REAL,0
2026-08-11 11:18:59,P143,49,,daily,female,31.jpg,REAL,AI,0
2026-08-11 11:18:59,P143,49,,daily,female,32.png,AI,AI,1
2026-08-11 11:18:59,P143,49,,daily,female,33.png,REAL,REAL,1
2026-08-11 11:18:59,P143,49,,daily,female,34.png,REAL,REAL,1
2026-08-11 11:18:59,P143,49,,daily,female,35.png,REAL,AI,0
2026-08-11 11:18:59,P143,49,,daily,female,36.jpg,AI,REAL,0
2026-08-11 11:18:59,P143,49,,daily,female,37.mp4,AI,REAL,0
2026-08-11 11:18:59,P143,49,,daily,female,38.mp4,REAL,AI,0
2026-08-11 11:43:27,P144,43,,daily,female,1.jpg,AI,AI,1
2026-08-11 11:43:27,P144,43,,daily,female,2.jpg,REAL,REAL,1
2026-08-11 11:43:27,P144,43,,daily,female,3.jpg,AI,REAL,0
2026-08-11 11:43:27,P144,43,,daily,female,4.mp4,REAL,AI,0
2026-08-11 11:43:27,P144,43,,daily,female,5.png,REAL,AI,0
2026-08-11 11:43:27,P144,43,,daily,female,6.png,REAL,AI,0
2026-08-11 11:43:27,P144,43,,daily,female,7.jpeg,REAL,REAL,1
2026-08-11 11:43:27,P144,43,,daily,female,8.avif,REAL,REAL,1
2026-08-11 11:43:27,P144,43,,daily,female,9.png,REAL,AI,0
2026-08-11 11:43:27,P144,43,,daily,female,10.webp,AI,REAL,0
2026-08-11 11:43:27,P144,43,,daily,female,11.jpg,AI,REAL,0
2026-08-11 11:43:27,P144,43,,daily,female,12.png,REAL,AI,0
2026-08-11 11:43:27,P144,43,,daily,female,13.jpg,REAL,AI,0
2026-08-11 11:43:27,P144,43,,daily,female,14.mp4,AI,REAL,0
2026-08-11 11:43:27,P144,43,,daily,female,15.png,AI,AI,1
2026-08-11 11:43:27,P144,43,,daily,female,16.mp4,REAL,REAL,1
2026-08-11 11:43:27,P144,43,,daily,female,17.mp4,AI,AI,1
2026-08-11 11:43:27,P144,43,,daily,female,18.png,AI,AI,1
2026-08-11 11:43:27,P144,43,,daily,female,19.png,AI,REAL,0
2026-08-11 11:43:27,P144,43,,daily,female,20.png,REAL,AI,0
2026-08-11 11:43:27,P144,43,,daily,female,21.webp,REAL,AI,0
2026-08-11 11:43:27,P144,43,,daily,female,22.webp,REAL,REAL,1
2026-08-11 11:43:27,P144,43,,daily,female,23.jpg,REAL,REAL,1
2026-08-11 11:43:27,P144,43,,daily,female,24.mp4,REAL,AI,0
2026-08-11 11:43:27,P144,43,,daily,female,25.mov,REAL,REAL,1
2026-08-11 11:43:27,P144,43,,daily,female,26.mov,REAL,AI,0
2026-08-11 11:43:27,P144,43,,daily,female,27.jpeg,REAL,AI,0
2026-08-11 11:43:27,P144,43,,daily,female,28.jpg,REAL,REAL,1
2026-08-11 11:43:27,P144,43,,daily,female,29.png,AI,REAL,0
2026-08-11 11:43:27,P144,43,,daily,female,30.jpg,AI,REAL,0
2026-08-11 11:43:27,P144,43,,daily,female,31.jpg,AI,AI,1
2026-08-11 11:43:27,P144,43,,daily,female,32.png,REAL,AI,0
2026-08-11 11:43:27,P144,43,,daily,female,33.png,REAL,REAL,1
2026-08-11 11:43:27,P144,43,,daily,female,34.png,AI,REAL,0
2026-08-11 11:43:27,P144,43,,daily,female,35.png,REAL,AI,0
2026-08-11 11:43:27,P144,43,,daily,female,36.jpg,AI,REAL,0
2026-08-11 11:43:27,P144,43,,daily,female,37.mp4,AI,REAL,0
2026-08-11 11:43:27,P144,43,,daily,female,38.mp4,REAL,AI,0
2026-08-11 11:43:58,P145,45,,daily,female,1.jpg,AI,AI,1
2026-08-11 11:43:58,P145,45,,daily,female,2.jpg,REAL,REAL,1
2026-08-11 11:43:58,P145,45,,daily,female,3.jpg,REAL,REAL,1
2026-08-11 11:43:58,P145,45,,daily,female,4.mp4,REAL,AI,0
2026-08-11 11:43:58,P145,45,,daily,female,5.png,REAL,AI,0
2026-08-11 11:43:58,P145,45,,daily,female,6.png,REAL,AI,0
2026-08-11 11:43:58,P145,45,,daily,female,7.jpeg,AI,REAL,0
2026-08-11 11:43:58,P145,45,,daily,female,8.avif,AI,REAL,0
2026-08-11 11:43:58,P145,45,,daily,female,9.png,REAL,AI,0
2026-08-11 11:43:58,P145,45,,daily,female,10.webp,REAL,REAL,1
2026-08-11 11:43:58,P145,45,,daily,female,11.jpg,AI,REAL,0
2026-08-11 11:43:58,P145,45,,daily,female,12.png,REAL,AI,0
2026-08-11 11:43:58,P145,45,,daily,female,13.jpg,REAL,AI,0
2026-08-11 11:43:58,P145,45,,daily,female,14.mp4,AI,REAL,0
2026-08-11 11:43:58,P145,45,,daily,female,15.png,REAL,AI,0
2026-08-11 11:43:58,P145,45,,daily,female,16.mp4,REAL,REAL,1
2026-08-11 11:43:58,P145,45,,daily,female,17.mp4,REAL,AI,0
2026-08-11 11:43:58,P145,45,,daily,female,18.png,REAL,AI,0
2026-08-11 11:43:58,P145,45,,daily,female,19.png,REAL,REAL,1
2026-08-11 11:43:58,P145,45,,daily,female,20.png,REAL,AI,0
2026-08-11 11:43:58,P145,45,,daily,female,21.webp,REAL,AI,0
2026-08-11 11:43:58,P145,45,,daily,female,22.webp,AI,REAL,0
2026-08-11 11:43:58,P145,45,,daily,female,23.jpg,REAL,REAL,1
2026-08-11 11:43:58,P145,45,,daily,female,24.mp4,REAL,AI,0
2026-08-11 11:43:58,P145,45,,daily,female,25.mov,REAL,REAL,1
2026-08-11 11:43:58,P145,45,,daily,female,26.mov,REAL,AI,0
2026-08-11 11:43:58,P145,45,,daily,female,27.jpeg,REAL,AI,0
2026-08-11 11:43:58,P145,45,,daily,female,28.jpg,REAL,REAL,1
2026-08-11 11:43:58,P145,45,,daily,female,29.png,REAL,REAL,1
2026-08-11 11:43:58,P145,45,,daily,female,30.jpg,REAL,REAL,1
2026-08-11 11:43:58,P145,45,,daily,female,31.jpg,AI,AI,1
2026-08-11 11:43:58,P145,45,,daily,female,32.png,AI,AI,1
2026-08-11 11:43:58,P145,45,,daily,female,33.png,REAL,REAL,1
2026-08-11 11:43:58,P145,45,,daily,female,34.png,AI,REAL,0
2026-08-11 11:43:58,P145,45,,daily,female,35.png,REAL,AI,0
2026-08-11 11:43:58,P145,45,,daily,female,36.jpg,REAL,REAL,1
2026-08-11 11:43:58,P145,45,,daily,female,37.mp4,REAL,REAL,1
2026-08-11 11:43:58,P145,45,,daily,female,38.mp4,REAL,AI,0
2026-08-11 11:44:18,P146,46,,daily,male,1.jpg,REAL,AI,0
2026-08-11 11:44:18,P146,46,,daily,male,2.jpg,REAL,REAL,1
2026-08-11 11:44:18,P146,46,,daily,male,3.jpg,REAL,REAL,1
2026-08-11 11:44:18,P146,46,,daily,male,4.mp4,AI,AI,1
2026-08-11 11:44:18,P146,46,,daily,male,5.png,REAL,AI,0
2026-08-11 11:44:18,P146,46,,daily,male,6.png,AI,AI,1
2026-08-11 11:44:18,P146,46,,daily,male,7.jpeg,AI,REAL,0
2026-08-11 11:44:18,P146,46,,daily,male,8.avif,AI,REAL,0
2026-08-11 11:44:18,P146,46,,daily,male,9.png,REAL,AI,0
2026-08-11 11:44:18,P146,46,,daily,male,10.webp,AI,REAL,0
2026-08-11 11:44:18,P146,46,,daily,male,11.jpg,AI,REAL,0
2026-08-11 11:44:18,P146,46,,daily,male,12.png,REAL,AI,0
2026-08-11 11:44:18,P146,46,,daily,male,13.jpg,AI,AI,1
2026-08-11 11:44:18,P146,46,,daily,male,14.mp4,REAL,REAL,1
2026-08-11 11:44:18,P146,46,,daily,male,15.png,AI,AI,1
2026-08-11 11:44:18,P146,46,,daily,male,16.mp4,AI,REAL,0
2026-08-11 11:44:18,P146,46,,daily,male,17.mp4,AI,AI,1
2026-08-11 11:44:18,P146,46,,daily,male,18.png,AI,AI,1
2026-08-11 11:44:18,P146,46,,daily,male,19.png,AI,REAL,0
2026-08-11 11:44:18,P146,46,,daily,male,20.png,AI,AI,1
2026-08-11 11:44:18,P146,46,,daily,male,21.webp,AI,AI,1
2026-08-11 11:44:18,P146,46,,daily,male,22.webp,AI,REAL,0
2026-08-11 11:44:18,P146,46,,daily,male,23.jpg,REAL,REAL,1
2026-08-11 11:44:18,P146,46,,daily,male,24.mp4,AI,AI,1
2026-08-11 11:44:18,P146,46,,daily,male,25.mov,AI,REAL,0
2026-08-11 11:44:18,P146,46,,daily,male,26.mov,AI,AI,1
2026-08-11 11:44:18,P146,46,,daily,male,27.jpeg,REAL,AI,0
2026-08-11 11:44:18,P146,46,,daily,male,28.jpg,REAL,REAL,1
2026-08-11 11:44:18,P146,46,,daily,male,29.png,AI,REAL,0
2026-08-11 11:44:18,P146,46,,daily,male,30.jpg,AI,REAL,0
2026-08-11 11:44:18,P146,46,,daily,male,31.jpg,AI,AI,1
2026-08-11 11:44:18,P146,46,,daily,male,32.png,REAL,AI,0
2026-08-11 11:44:18,P146,46,,daily,male,33.png,REAL,REAL,1
2026-08-11 11:44:18,P146,46,,daily,male,34.png,AI,REAL,0
2026-08-11 11:44:18,P146,46,,daily,male,35.png,AI,AI,1
2026-08-11 11:44:18,P146,46,,daily,male,36.jpg,REAL,REAL,1
2026-08-11 11:44:18,P146,46,,daily,male,37.mp4,AI,REAL,0
2026-08-11 11:44:18,P146,46,,daily,male,38.mp4,AI,AI,1
2026-08-11 11:49:25,P147,51,,daily,female,1.jpg,REAL,AI,0
2026-08-11 11:49:25,P147,51,,daily,female,2.jpg,REAL,REAL,1
2026-08-11 11:49:25,P147,51,,daily,female,3.jpg,AI,REAL,0
2026-08-11 11:49:25,P147,51,,daily,female,4.mp4,REAL,AI,0
2026-08-11 11:49:25,P147,51,,daily,female,5.png,AI,AI,1
2026-08-11 11:49:25,P147,51,,daily,female,6.png,REAL,AI,0
2026-08-11 11:49:25,P147,51,,daily,female,7.jpeg,AI,REAL,0
2026-08-11 11:49:25,P147,51,,daily,female,8.avif,AI,REAL,0
2026-08-11 11:49:25,P147,51,,daily,female,9.png,REAL,AI,0
2026-08-11 11:49:25,P147,51,,daily,female,10.webp,REAL,REAL,1
2026-08-11 11:49:25,P147,51,,daily,female,11.jpg,REAL,REAL,1
2026-08-11 11:49:25,P147,51,,daily,female,12.png,REAL,AI,0
2026-08-11 11:49:25,P147,51,,daily,female,13.jpg,REAL,AI,0
2026-08-11 11:49:25,P147,51,,daily,female,14.mp4,AI,REAL,0
2026-08-11 11:49:25,P147,51,,daily,female,15.png,AI,AI,1
2026-08-11 11:49:25,P147,51,,daily,female,16.mp4,AI,REAL,0
2026-08-11 11:49:25,P147,51,,daily,female,17.mp4,AI,AI,1
2026-08-11 11:49:25,P147,51,,daily,female,18.png,REAL,AI,0
2026-08-11 11:49:25,P147,51,,daily,female,19.png,REAL,REAL,1
2026-08-11 11:49:25,P147,51,,daily,female,20.png,AI,AI,1
2026-08-11 11:49:25,P147,51,,daily,female,21.webp,REAL,AI,0
2026-08-11 11:49:25,P147,51,,daily,female,22.webp,AI,REAL,0
2026-08-11 11:49:25,P147,51,,daily,female,23.jpg,AI,REAL,0
2026-08-11 11:49:25,P147,51,,daily,female,24.mp4,REAL,AI,0
2026-08-11 11:49:25,P147,51,,daily,female,25.mov,REAL,REAL,1
2026-08-11 11:49:25,P147,51,,daily,female,26.mov,AI,AI,1
2026-08-11 11:49:25,P147,51,,daily,female,27.jpeg,REAL,AI,0
2026-08-11 11:49:25,P147,51,,daily,female,28.jpg,REAL,REAL,1
2026-08-11 11:49:25,P147,51,,daily,female,29.png,AI,REAL,0
2026-08-11 11:49:25,P147,51,,daily,female,30.jpg,REAL,REAL,1
2026-08-11 11:49:25,P147,51,,daily,female,31.jpg,AI,AI,1
2026-08-11 11:49:25,P147,51,,daily,female,32.png,REAL,AI,0
2026-08-11 11:49:25,P147,51,,daily,female,33.png,REAL,REAL,1
2026-08-11 11:49:25,P147,51,,daily,female,34.png,REAL,REAL,1
2026-08-11 11:49:25,P147,51,,daily,female,35.png,REAL,AI,0
2026-08-11 11:49:25,P147,51,,daily,female,36.jpg,REAL,REAL,1
2026-08-11 11:49:25,P147,51,,daily,female,37.mp4,AI,REAL,0
2026-08-11 11:49:25,P147,51,,daily,female,38.mp4,AI,AI,1
2026-08-11 11:51:12,P148,14,,daily,male,1.jpg,REAL,AI,0
2026-08-11 11:51:12,P148,14,,daily,male,2.jpg,AI,REAL,0
2026-08-11 11:51:12,P148,14,,daily,male,3.jpg,AI,REAL,0
2026-08-11 11:51:12,P148,14,,daily,male,4.mp4,REAL,AI,0
2026-08-11 11:51:12,P148,14,,daily,male,5.png,AI,AI,1
2026-08-11 11:51:12,P148,14,,daily,male,6.png,AI,AI,1
2026-08-11 11:51:12,P148,14,,daily,male,7.jpeg,REAL,REAL,1
2026-08-11 11:51:12,P148,14,,daily,male,8.avif,AI,REAL,0
2026-08-11 11:51:12,P148,14,,daily,male,9.png,AI,AI,1
2026-08-11 11:51:12,P148,14,,daily,male,10.webp,AI,REAL,0
2026-08-11 11:51:12,P148,14,,daily,male,11.jpg,REAL,REAL,1
2026-08-11 11:51:12,P148,14,,daily,male,12.png,REAL,AI,0
2026-08-11 11:51:12,P148,14,,daily,male,13.jpg,AI,AI,1
2026-08-11 11:51:12,P148,14,,daily,male,14.mp4,REAL,REAL,1
2026-08-11 11:51:12,P148,14,,daily,male,15.png,AI,AI,1
2026-08-11 11:51:12,P148,14,,daily,male,16.mp4,AI,REAL,0
2026-08-11 11:51:12,P148,14,,daily,male,17.mp4,AI,AI,1
2026-08-11 11:51:12,P148,14,,daily,male,18.png,AI,AI,1
2026-08-11 11:51:12,P148,14,,daily,male,19.png,REAL,REAL,1
2026-08-11 11:51:12,P148,14,,daily,male,20.png,REAL,AI,0
2026-08-11 11:51:12,P148,14,,daily,male,21.webp,REAL,AI,0
2026-08-11 11:51:12,P148,14,,daily,male,22.webp,AI,REAL,0
2026-08-11 11:51:12,P148,14,,daily,male,23.jpg,REAL,REAL,1
2026-08-11 11:51:12,P148,14,,daily,male,24.mp4,AI,AI,1
2026-08-11 11:51:12,P148,14,,daily,male,25.mov,REAL,REAL,1
2026-08-11 11:51:12,P148,14,,daily,male,26.mov,AI,AI,1
2026-08-11 11:51:12,P148,14,,daily,male,27.jpeg,AI,AI,1
2026-08-11 11:51:12,P148,14,,daily,male,28.jpg,REAL,REAL,1
2026-08-11 11:51:12,P148,14,,daily,male,29.png,AI,REAL,0
2026-08-11 11:51:12,P148,14,,daily,male,30.jpg,REAL,REAL,1
2026-08-11 11:51:12,P148,14,,daily,male,31.jpg,AI,AI,1
2026-08-11 11:51:12,P148,14,,daily,male,32.png,REAL,AI,0
2026-08-11 11:51:12,P148,14,,daily,male,33.png,AI,REAL,0
2026-08-11 11:51:12,P148,14,,daily,male,34.png,AI,REAL,0
2026-08-11 11:51:12,P148,14,,daily,male,35.png,AI,AI,1
2026-08-11 11:51:12,P148,14,,daily,male,36.jpg,AI,REAL,0
2026-08-11 11:51:12,P148,14,,daily,male,37.mp4,AI,REAL,0
2026-08-11 11:51:12,P148,14,,daily,male,38.mp4,AI,AI,1
2026-08-11 11:53:31,P149,46,,daily,female,1.jpg,REAL,AI,0
2026-08-11 11:53:31,P149,46,,daily,female,2.jpg,AI,REAL,0
2026-08-11 11:53:31,P149,46,,daily,female,3.jpg,REAL,REAL,1
2026-08-11 11:53:31,P149,46,,daily,female,4.mp4,REAL,AI,0
2026-08-11 11:53:31,P149,46,,daily,female,5.png,REAL,AI,0
2026-08-11 11:53:31,P149,46,,daily,female,6.png,AI,AI,1
2026-08-11 11:53:31,P149,46,,daily,female,7.jpeg,AI,REAL,0
2026-08-11 11:53:31,P149,46,,daily,female,8.avif,AI,REAL,0
2026-08-11 11:53:31,P149,46,,daily,female,9.png,REAL,AI,0
2026-08-11 11:53:31,P149,46,,daily,female,10.webp,AI,REAL,0
2026-08-11 11:53:31,P149,46,,daily,female,11.jpg,AI,REAL,0
2026-08-11 11:53:31,P149,46,,daily,female,12.png,REAL,AI,0
2026-08-11 11:53:31,P149,46,,daily,female,13.jpg,REAL,AI,0
2026-08-11 11:53:31,P149,46,,daily,female,14.mp4,REAL,REAL,1
2026-08-11 11:53:31,P149,46,,daily,female,15.png,REAL,AI,0
2026-08-11 11:53:31,P149,46,,daily,female,16.mp4,REAL,REAL,1
2026-08-11 11:53:31,P149,46,,daily,female,17.mp4,AI,AI,1
2026-08-11 11:53:31,P149,46,,daily,female,18.png,AI,AI,1
2026-08-11 11:53:31,P149,46,,daily,female,19.png,AI,REAL,0
2026-08-11 11:53:31,P149,46,,daily,female,20.png,AI,AI,1
2026-08-11 11:53:31,P149,46,,daily,female,21.webp,REAL,AI,0
2026-08-11 11:53:31,P149,46,,daily,female,22.webp,REAL,REAL,1
2026-08-11 11:53:31,P149,46,,daily,female,23.jpg,REAL,REAL,1
2026-08-11 11:53:31,P149,46,,daily,female,24.mp4,AI,AI,1
2026-08-11 11:53:31,P149,46,,daily,female,25.mov,AI,REAL,0
2026-08-11 11:53:31,P149,46,,daily,female,26.mov,REAL,AI,0
2026-08-11 11:53:31,P149,46,,daily,female,27.jpeg,REAL,AI,0
2026-08-11 11:53:31,P149,46,,daily,female,28.jpg,REAL,REAL,1
2026-08-11 11:53:31,P149,46,,daily,female,29.png,REAL,REAL,1
2026-08-11 11:53:31,P149,46,,daily,female,30.jpg,AI,REAL,0
2026-08-11 11:53:31,P149,46,,daily,female,31.jpg,AI,AI,1
2026-08-11 11:53:31,P149,46,,daily,female,32.png,REAL,AI,0
2026-08-11 11:53:31,P149,46,,daily,female,33.png,REAL,REAL,1
2026-08-11 11:53:31,P149,46,,daily,female,34.png,REAL,REAL,1
2026-08-11 11:53:31,P149,46,,daily,female,35.png,REAL,AI,0
2026-08-11 11:53:31,P149,46,,daily,female,36.jpg,REAL,REAL,1
2026-08-11 11:53:31,P149,46,,daily,female,37.mp4,AI,REAL,0
2026-08-11 11:53:31,P149,46,,daily,female,38.mp4,REAL,AI,0
2026-08-11 11:56:36,P150,43,,frequently,male,1.jpg,REAL,AI,0
2026-08-11 11:56:36,P150,43,,frequently,male,2.jpg,REAL,REAL,1
2026-08-11 11:56:36,P150,43,,frequently,male,3.jpg,REAL,REAL,1
2026-08-11 11:56:36,P150,43,,frequently,male,4.mp4,AI,AI,1
2026-08-11 11:56:36,P150,43,,frequently,male,5.png,REAL,AI,0
2026-08-11 11:56:36,P150,43,,frequently,male,6.png,REAL,AI,0
2026-08-11 11:56:36,P150,43,,frequently,male,7.jpeg,REAL,REAL,1
2026-08-11 11:56:36,P150,43,,frequently,male,8.avif,REAL,REAL,1
2026-08-11 11:56:36,P150,43,,frequently,male,9.png,REAL,AI,0
2026-08-11 11:56:36,P150,43,,frequently,male,10.webp,REAL,REAL,1
2026-08-11 11:56:36,P150,43,,frequently,male,11.jpg,REAL,REAL,1
2026-08-11 11:56:36,P150,43,,frequently,male,12.png,REAL,AI,0
2026-08-11 11:56:36,P150,43,,frequently,male,13.jpg,REAL,AI,0
2026-08-11 11:56:36,P150,43,,frequently,male,14.mp4,REAL,REAL,1
2026-08-11 11:56:36,P150,43,,frequently,male,15.png,REAL,AI,0
2026-08-11 11:56:36,P150,43,,frequently,male,16.mp4,REAL,REAL,1
2026-08-11 11:56:36,P150,43,,frequently,male,17.mp4,REAL,AI,0
2026-08-11 11:56:36,P150,43,,frequently,male,18.png,REAL,AI,0
2026-08-11 11:56:36,P150,43,,frequently,male,19.png,REAL,REAL,1
2026-08-11 11:56:36,P150,43,,frequently,male,20.png,REAL,AI,0
2026-08-11 11:56:36,P150,43,,frequently,male,21.webp,REAL,AI,0
2026-08-11 11:56:36,P150,43,,frequently,male,22.webp,REAL,REAL,1
2026-08-11 11:56:36,P150,43,,frequently,male,23.jpg,REAL,REAL,1
2026-08-11 11:56:36,P150,43,,frequently,male,24.mp4,REAL,AI,0
2026-08-11 11:56:36,P150,43,,frequently,male,25.mov,REAL,REAL,1
2026-08-11 11:56:36,P150,43,,frequently,male,26.mov,REAL,AI,0
2026-08-11 11:56:36,P150,43,,frequently,male,27.jpeg,REAL,AI,0
2026-08-11 11:56:36,P150,43,,frequently,male,28.jpg,REAL,REAL,1
2026-08-11 11:56:36,P150,43,,frequently,male,29.png,REAL,REAL,1
2026-08-11 11:56:36,P150,43,,frequently,male,30.jpg,REAL,REAL,1
2026-08-11 11:56:36,P150,43,,frequently,male,31.jpg,REAL,AI,0
2026-08-11 11:56:36,P150,43,,frequently,male,32.png,REAL,AI,0
2026-08-11 11:56:36,P150,43,,frequently,male,33.png,REAL,REAL,1
2026-08-11 11:56:36,P150,43,,frequently,male,34.png,REAL,REAL,1
2026-08-11 11:56:36,P150,43,,frequently,male,35.png,REAL,AI,0
2026-08-11 11:56:36,P150,43,,frequently,male,36.jpg,REAL,REAL,1
2026-08-11 11:56:36,P150,43,,frequently,male,37.mp4,REAL,REAL,1
2026-08-11 11:56:36,P150,43,,frequently,male,38.mp4,REAL,AI,0
2026-08-11 11:58:30,P151,18,,daily,male,1.jpg,AI,AI,1
2026-08-11 11:58:30,P151,18,,daily,male,2.jpg,REAL,REAL,1
2026-08-11 11:58:30,P151,18,,daily,male,3.jpg,REAL,REAL,1
2026-08-11 11:58:30,P151,18,,daily,male,4.mp4,REAL,AI,0
2026-08-11 11:58:30,P151,18,,daily,male,5.png,AI,AI,1
2026-08-11 11:58:30,P151,18,,daily,male,6.png,AI,AI,1
2026-08-11 11:58:30,P151,18,,daily,male,7.jpeg,AI,REAL,0
2026-08-11 11:58:30,P151,18,,daily,male,8.avif,REAL,REAL,1
2026-08-11 11:58:30,P151,18,,daily,male,9.png,REAL,AI,0
2026-08-11 11:58:30,P151,18,,daily,male,10.webp,AI,REAL,0
2026-08-11 11:58:30,P151,18,,daily,male,11.jpg,REAL,REAL,1
2026-08-11 11:58:30,P151,18,,daily,male,12.png,REAL,AI,0
2026-08-11 11:58:30,P151,18,,daily,male,13.jpg,REAL,AI,0
2026-08-11 11:58:30,P151,18,,daily,male,14.mp4,AI,REAL,0
2026-08-11 11:58:30,P151,18,,daily,male,15.png,AI,AI,1
2026-08-11 11:58:30,P151,18,,daily,male,16.mp4,REAL,REAL,1
2026-08-11 11:58:30,P151,18,,daily,male,17.mp4,AI,AI,1
2026-08-11 11:58:30,P151,18,,daily,male,18.png,AI,AI,1
2026-08-11 11:58:30,P151,18,,daily,male,19.png,AI,REAL,0
2026-08-11 11:58:30,P151,18,,daily,male,20.png,REAL,AI,0
2026-08-11 11:58:30,P151,18,,daily,male,21.webp,REAL,AI,0
2026-08-11 11:58:30,P151,18,,daily,male,22.webp,AI,REAL,0
2026-08-11 11:58:30,P151,18,,daily,male,23.jpg,REAL,REAL,1
2026-08-11 11:58:30,P151,18,,daily,male,24.mp4,AI,AI,1
2026-08-11 11:58:30,P151,18,,daily,male,25.mov,AI,REAL,0
2026-08-11 11:58:30,P151,18,,daily,male,26.mov,AI,AI,1
2026-08-11 11:58:30,P151,18,,daily,male,27.jpeg,REAL,AI,0
2026-08-11 11:58:30,P151,18,,daily,male,28.jpg,REAL,REAL,1
2026-08-11 11:58:30,P151,18,,daily,male,29.png,REAL,REAL,1
2026-08-11 11:58:30,P151,18,,daily,male,30.jpg,REAL,REAL,1
2026-08-11 11:58:30,P151,18,,daily,male,31.jpg,REAL,AI,0
2026-08-11 11:58:30,P151,18,,daily,male,32.png,REAL,AI,0
2026-08-11 11:58:30,P151,18,,daily,male,33.png,AI,REAL,0
2026-08-11 11:58:30,P151,18,,daily,male,34.png,AI,REAL,0
2026-08-11 11:58:30,P151,18,,daily,male,35.png,REAL,AI,0
2026-08-11 11:58:30,P151,18,,daily,male,36.jpg,AI,REAL,0
2026-08-11 11:58:30,P151,18,,daily,male,37.mp4,AI,REAL,0
2026-08-11 11:58:30,P151,18,,daily,male,38.mp4,AI,AI,1
2026-08-11 11:58:52,P152,48,,frequently,female,1.jpg,AI,AI,1
2026-08-11 11:58:52,P152,48,,frequently,female,2.jpg,REAL,REAL,1
2026-08-11 11:58:52,P152,48,,frequently,female,3.jpg,AI,REAL,0
2026-08-11 11:58:52,P152,48,,frequently,female,4.mp4,AI,AI,1
2026-08-11 11:58:52,P152,48,,frequently,female,5.png,REAL,AI,0
2026-08-11 11:58:52,P152,48,,frequently,female,6.png,REAL,AI,0
2026-08-11 11:58:52,P152,48,,frequently,female,7.jpeg,AI,REAL,0
2026-08-11 11:58:52,P152,48,,frequently,female,8.avif,AI,REAL,0
2026-08-11 11:58:52,P152,48,,frequently,female,9.png,REAL,AI,0
2026-08-11 11:58:52,P152,48,,frequently,female,10.webp,REAL,REAL,1
2026-08-11 11:58:52,P152,48,,frequently,female,11.jpg,REAL,REAL,1
2026-08-11 11:58:52,P152,48,,frequently,female,12.png,REAL,AI,0
2026-08-11 11:58:52,P152,48,,frequently,female,13.jpg,REAL,AI,0
2026-08-11 11:58:52,P152,48,,frequently,female,14.mp4,AI,REAL,0
2026-08-11 11:58:52,P152,48,,frequently,female,15.png,AI,AI,1
2026-08-11 11:58:52,P152,48,,frequently,female,16.mp4,REAL,REAL,1
2026-08-11 11:58:52,P152,48,,frequently,female,17.mp4,REAL,AI,0
2026-08-11 11:58:52,P152,48,,frequently,female,18.png,AI,AI,1
2026-08-11 11:58:52,P152,48,,frequently,female,19.png,AI,REAL,0
2026-08-11 11:58:52,P152,48,,frequently,female,20.png,AI,AI,1
2026-08-11 11:58:52,P152,48,,frequently,female,21.webp,AI,AI,1
2026-08-11 11:58:52,P152,48,,frequently,female,22.webp,REAL,REAL,1
2026-08-11 11:58:52,P152,48,,frequently,female,23.jpg,REAL,REAL,1
2026-08-11 11:58:52,P152,48,,frequently,female,24.mp4,REAL,AI,0
2026-08-11 11:58:52,P152,48,,frequently,female,25.mov,REAL,REAL,1
2026-08-11 11:58:52,P152,48,,frequently,female,26.mov,AI,AI,1
2026-08-11 11:58:52,P152,48,,frequently,female,27.jpeg,REAL,AI,0
2026-08-11 11:58:52,P152,48,,frequently,female,28.jpg,AI,REAL,0
2026-08-11 11:58:52,P152,48,,frequently,female,29.png,REAL,REAL,1
2026-08-11 11:58:52,P152,48,,frequently,female,30.jpg,AI,REAL,0
2026-08-11 11:58:52,P152,48,,frequently,female,31.jpg,AI,AI,1
2026-08-11 11:58:52,P152,48,,frequently,female,32.png,AI,AI,1
2026-08-11 11:58:52,P152,48,,frequently,female,33.png,REAL,REAL,1
2026-08-11 11:58:52,P152,48,,frequently,female,34.png,REAL,REAL,1
2026-08-11 11:58:52,P152,48,,frequently,female,35.png,REAL,AI,0
2026-08-11 11:58:52,P152,48,,frequently,female,36.jpg,AI,REAL,0
2026-08-11 11:58:52,P152,48,,frequently,female,37.mp4,AI,REAL,0
2026-08-11 11:58:52,P152,48,,frequently,female,38.mp4,AI,AI,1
2026-08-11 11:59:01,P153,79,,never,female,1.jpg,AI,AI,1
2026-08-11 11:59:01,P153,79,,never,female,2.jpg,REAL,REAL,1
2026-08-11 11:59:01,P153,79,,never,female,3.jpg,REAL,REAL,1
2026-08-11 11:59:01,P153,79,,never,female,4.mp4,AI,AI,1
2026-08-11 11:59:01,P153,79,,never,female,5.png,AI,AI,1
2026-08-11 11:59:01,P153,79,,never,female,6.png,REAL,AI,0
2026-08-11 11:59:01,P153,79,,never,female,7.jpeg,AI,REAL,0
2026-08-11 11:59:01,P153,79,,never,female,8.avif,AI,REAL,0
2026-08-11 11:59:01,P153,79,,never,female,9.png,REAL,AI,0
2026-08-11 11:59:01,P153,79,,never,female,10.webp,AI,REAL,0
2026-08-11 11:59:01,P153,79,,never,female,11.jpg,REAL,REAL,1
2026-08-11 11:59:01,P153,79,,never,female,12.png,REAL,AI,0
2026-08-11 11:59:01,P153,79,,never,female,13.jpg,REAL,AI,0
2026-08-11 11:59:01,P153,79,,never,female,14.mp4,AI,REAL,0
2026-08-11 11:59:01,P153,79,,never,female,15.png,REAL,AI,0
2026-08-11 11:59:01,P153,79,,never,female,16.mp4,REAL,REAL,1
2026-08-11 11:59:01,P153,79,,never,female,17.mp4,AI,AI,1
2026-08-11 11:59:01,P153,79,,never,female,18.png,REAL,AI,0
2026-08-11 11:59:01,P153,79,,never,female,19.png,REAL,REAL,1
2026-08-11 11:59:01,P153,79,,never,female,20.png,REAL,AI,0
2026-08-11 11:59:01,P153,79,,never,female,21.webp,AI,AI,1
2026-08-11 11:59:01,P153,79,,never,female,22.webp,REAL,REAL,1
2026-08-11 11:59:01,P153,79,,never,female,23.jpg,REAL,REAL,1
2026-08-11 11:59:01,P153,79,,never,female,24.mp4,AI,AI,1
2026-08-11 11:59:01,P153,79,,never,female,25.mov,REAL,REAL,1
2026-08-11 11:59:01,P153,79,,never,female,26.mov,REAL,AI,0
2026-08-11 11:59:01,P153,79,,never,female,27.jpeg,REAL,AI,0
2026-08-11 11:59:01,P153,79,,never,female,28.jpg,REAL,REAL,1
2026-08-11 11:59:01,P153,79,,never,female,29.png,AI,REAL,0
2026-08-11 11:59:01,P153,79,,never,female,30.jpg,REAL,REAL,1
2026-08-11 11:59:01,P153,79,,never,female,31.jpg,REAL,AI,0
2026-08-11 11:59:01,P153,79,,never,female,32.png,REAL,AI,0
2026-08-11 11:59:01,P153,79,,never,female,33.png,REAL,REAL,1
2026-08-11 11:59:01,P153,79,,never,female,34.png,REAL,REAL,1
2026-08-11 11:59:01,P153,79,,never,female,35.png,REAL,AI,0
2026-08-11 11:59:01,P153,79,,never,female,36.jpg,AI,REAL,0
2026-08-11 11:59:01,P153,79,,never,female,37.mp4,REAL,REAL,1
2026-08-11 11:59:01,P153,79,,never,female,38.mp4,REAL,AI,0
2026-08-11 12:07:05,P154,10,,occasionally,male,1.jpg,AI,AI,1
2026-08-11 12:07:05,P154,10,,occasionally,male,2.jpg,AI,REAL,0
2026-08-11 12:07:05,P154,10,,occasionally,male,3.jpg,AI,REAL,0
2026-08-11 12:07:05,P154,10,,occasionally,male,4.mp4,AI,AI,1
2026-08-11 12:07:05,P154,10,,occasionally,male,5.png,REAL,AI,0
2026-08-11 12:07:05,P154,10,,occasionally,male,6.png,REAL,AI,0
2026-08-11 12:07:05,P154,10,,occasionally,male,7.jpeg,AI,REAL,0
2026-08-11 12:07:05,P154,10,,occasionally,male,8.avif,REAL,REAL,1
2026-08-11 12:07:05,P154,10,,occasionally,male,9.png,REAL,AI,0
2026-08-11 12:07:05,P154,10,,occasionally,male,10.webp,REAL,REAL,1
2026-08-11 12:07:05,P154,10,,occasionally,male,11.jpg,AI,REAL,0
2026-08-11 12:07:05,P154,10,,occasionally,male,12.png,REAL,AI,0
2026-08-11 12:07:05,P154,10,,occasionally,male,13.jpg,REAL,AI,0
2026-08-11 12:07:05,P154,10,,occasionally,male,14.mp4,AI,REAL,0
2026-08-11 12:07:05,P154,10,,occasionally,male,15.png,REAL,AI,0
2026-08-11 12:07:05,P154,10,,occasionally,male,16.mp4,REAL,REAL,1
2026-08-11 12:07:05,P154,10,,occasionally,male,17.mp4,REAL,AI,0
2026-08-11 12:07:05,P154,10,,occasionally,male,18.png,REAL,AI,0
2026-08-11 12:07:05,P154,10,,occasionally,male,19.png,AI,REAL,0
2026-08-11 12:07:05,P154,10,,occasionally,male,20.png,REAL,AI,0
2026-08-11 12:07:05,P154,10,,occasionally,male,21.webp,AI,AI,1
2026-08-11 12:07:05,P154,10,,occasionally,male,22.webp,AI,REAL,0
2026-08-11 12:07:05,P154,10,,occasionally,male,23.jpg,REAL,REAL,1
2026-08-11 12:07:05,P154,10,,occasionally,male,24.mp4,AI,AI,1
2026-08-11 12:07:05,P154,10,,occasionally,male,25.mov,REAL,REAL,1
2026-08-11 12:07:05,P154,10,,occasionally,male,26.mov,REAL,AI,0
2026-08-11 12:07:05,P154,10,,occasionally,male,27.jpeg,REAL,AI,0
2026-08-11 12:07:05,P154,10,,occasionally,male,28.jpg,AI,REAL,0
2026-08-11 12:07:05,P154,10,,occasionally,male,29.png,REAL,REAL,1
2026-08-11 12:07:05,P154,10,,occasionally,male,30.jpg,REAL,REAL,1
2026-08-11 12:07:05,P154,10,,occasionally,male,31.jpg,AI,AI,1
2026-08-11 12:07:05,P154,10,,occasionally,male,32.png,AI,AI,1
2026-08-11 12:07:05,P154,10,,occasionally,male,33.png,REAL,REAL,1
2026-08-11 12:07:05,P154,10,,occasionally,male,34.png,REAL,REAL,1
2026-08-11 12:07:05,P154,10,,occasionally,male,35.png,AI,AI,1
2026-08-11 12:07:05,P154,10,,occasionally,male,36.jpg,AI,REAL,0
2026-08-11 12:07:05,P154,10,,occasionally,male,37.mp4,REAL,REAL,1
2026-08-11 12:07:05,P154,10,,occasionally,male,38.mp4,AI,AI,1
2026-08-11 12:12:23,P155,12,,occasionally,female,1.jpg,AI,AI,1
2026-08-11 12:12:23,P155,12,,occasionally,female,2.jpg,AI,REAL,0
2026-08-11 12:12:23,P155,12,,occasionally,female,3.jpg,AI,REAL,0
2026-08-11 12:12:23,P155,12,,occasionally,female,4.mp4,AI,AI,1
2026-08-11 12:12:23,P155,12,,occasionally,female,5.png,AI,AI,1
2026-08-11 12:12:23,P155,12,,occasionally,female,6.png,AI,AI,1
2026-08-11 12:12:23,P155,12,,occasionally,female,7.jpeg,AI,REAL,0
2026-08-11 12:12:23,P155,12,,occasionally,female,8.avif,AI,REAL,0
2026-08-11 12:12:23,P155,12,,occasionally,female,9.png,AI,AI,1
2026-08-11 12:12:23,P155,12,,occasionally,female,10.webp,AI,REAL,0
2026-08-11 12:12:23,P155,12,,occasionally,female,11.jpg,AI,REAL,0
2026-08-11 12:12:23,P155,12,,occasionally,female,12.png,REAL,AI,0
2026-08-11 12:12:23,P155,12,,occasionally,female,13.jpg,REAL,AI,0
2026-08-11 12:12:23,P155,12,,occasionally,female,14.mp4,AI,REAL,0
2026-08-11 12:12:23,P155,12,,occasionally,female,15.png,REAL,AI,0
2026-08-11 12:12:23,P155,12,,occasionally,female,16.mp4,AI,REAL,0
2026-08-11 12:12:23,P155,12,,occasionally,female,17.mp4,AI,AI,1
2026-08-11 12:12:23,P155,12,,occasionally,female,18.png,REAL,AI,0
2026-08-11 12:12:23,P155,12,,occasionally,female,19.png,AI,REAL,0
2026-08-11 12:12:23,P155,12,,occasionally,female,20.png,REAL,AI,0
2026-08-11 12:12:23,P155,12,,occasionally,female,21.webp,REAL,AI,0
2026-08-11 12:12:23,P155,12,,occasionally,female,22.webp,REAL,REAL,1
2026-08-11 12:12:23,P155,12,,occasionally,female,23.jpg,REAL,REAL,1
2026-08-11 12:12:23,P155,12,,occasionally,female,24.mp4,AI,AI,1
2026-08-11 12:12:23,P155,12,,occasionally,female,25.mov,REAL,REAL,1
2026-08-11 12:12:23,P155,12,,occasionally,female,26.mov,AI,AI,1
2026-08-11 12:12:23,P155,12,,occasionally,female,27.jpeg,REAL,AI,0
2026-08-11 12:12:23,P155,12,,occasionally,female,28.jpg,REAL,REAL,1
2026-08-11 12:12:23,P155,12,,occasionally,female,29.png,REAL,REAL,1
2026-08-11 12:12:23,P155,12,,occasionally,female,30.jpg,REAL,REAL,1
2026-08-11 12:12:23,P155,12,,occasionally,female,31.jpg,AI,AI,1
2026-08-11 12:12:23,P155,12,,occasionally,female,32.png,REAL,AI,0
2026-08-11 12:12:23,P155,12,,occasionally,female,33.png,REAL,REAL,1
2026-08-11 12:12:23,P155,12,,occasionally,female,34.png,REAL,REAL,1
2026-08-11 12:12:23,P155,12,,occasionally,female,35.png,AI,AI,1
2026-08-11 12:12:23,P155,12,,occasionally,female,36.jpg,AI,REAL,0
2026-08-11 12:12:23,P155,12,,occasionally,female,37.mp4,AI,REAL,0
2026-08-11 12:12:23,P155,12,,occasionally,female,38.mp4,AI,AI,1
2026-08-11 12:19:14,P156,37,,daily,male,1.jpg,AI,AI,1
2026-08-11 12:19:14,P156,37,,daily,male,2.jpg,AI,REAL,0
2026-08-11 12:19:14,P156,37,,daily,male,3.jpg,REAL,REAL,1
2026-08-11 12:19:14,P156,37,,daily,male,4.mp4,REAL,AI,0
2026-08-11 12:19:14,P156,37,,daily,male,5.png,REAL,AI,0
2026-08-11 12:19:14,P156,37,,daily,male,6.png,REAL,AI,0
2026-08-11 12:19:14,P156,37,,daily,male,7.jpeg,AI,REAL,0
2026-08-11 12:19:14,P156,37,,daily,male,8.avif,REAL,REAL,1
2026-08-11 12:19:14,P156,37,,daily,male,9.png,REAL,AI,0
2026-08-11 12:19:14,P156,37,,daily,male,10.webp,AI,REAL,0
2026-08-11 12:19:14,P156,37,,daily,male,11.jpg,REAL,REAL,1
2026-08-11 12:19:14,P156,37,,daily,male,12.png,REAL,AI,0
2026-08-11 12:19:14,P156,37,,daily,male,13.jpg,REAL,AI,0
2026-08-11 12:19:14,P156,37,,daily,male,14.mp4,REAL,REAL,1
2026-08-11 12:19:14,P156,37,,daily,male,15.png,REAL,AI,0
2026-08-11 12:19:14,P156,37,,daily,male,16.mp4,REAL,REAL,1
2026-08-11 12:19:14,P156,37,,daily,male,17.mp4,REAL,AI,0
2026-08-11 12:19:14,P156,37,,daily,male,18.png,AI,AI,1
2026-08-11 12:19:14,P156,37,,daily,male,19.png,AI,REAL,0
2026-08-11 12:19:14,P156,37,,daily,male,20.png,REAL,AI,0
2026-08-11 12:19:14,P156,37,,daily,male,21.webp,REAL,AI,0
2026-08-11 12:19:14,P156,37,,daily,male,22.webp,REAL,REAL,1
2026-08-11 12:19:14,P156,37,,daily,male,23.jpg,REAL,REAL,1
2026-08-11 12:19:14,P156,37,,daily,male,24.mp4,AI,AI,1
2026-08-11 12:19:14,P156,37,,daily,male,25.mov,REAL,REAL,1
2026-08-11 12:19:14,P156,37,,daily,male,26.mov,REAL,AI,0
2026-08-11 12:19:14,P156,37,,daily,male,27.jpeg,REAL,AI,0
2026-08-11 12:19:14,P156,37,,daily,male,28.jpg,REAL,REAL,1
2026-08-11 12:19:14,P156,37,,daily,male,29.png,AI,REAL,0
2026-08-11 12:19:14,P156,37,,daily,male,30.jpg,REAL,REAL,1
2026-08-11 12:19:14,P156,37,,daily,male,31.jpg,REAL,AI,0
2026-08-11 12:19:14,P156,37,,daily,male,32.png,REAL,AI,0
2026-08-11 12:19:14,P156,37,,daily,male,33.png,REAL,REAL,1
2026-08-11 12:19:14,P156,37,,daily,male,34.png,REAL,REAL,1
2026-08-11 12:19:14,P156,37,,daily,male,35.png,REAL,AI,0
2026-08-11 12:19:14,P156,37,,daily,male,36.jpg,REAL,REAL,1
2026-08-11 12:19:14,P156,37,,daily,male,37.mp4,AI,REAL,0
2026-08-11 12:19:14,P156,37,,daily,male,38.mp4,AI,AI,1
2026-08-11 12:33:41,P157,28,,daily,male,1.jpg,REAL,AI,0
2026-08-11 12:33:41,P157,28,,daily,male,2.jpg,AI,REAL,0
2026-08-11 12:33:41,P157,28,,daily,male,3.jpg,REAL,REAL,1
2026-08-11 12:33:41,P157,28,,daily,male,4.mp4,AI,AI,1
2026-08-11 12:33:41,P157,28,,daily,male,5.png,REAL,AI,0
2026-08-11 12:33:41,P157,28,,daily,male,6.png,REAL,AI,0
2026-08-11 12:33:41,P157,28,,daily,male,7.jpeg,AI,REAL,0
2026-08-11 12:33:41,P157,28,,daily,male,8.avif,AI,REAL,0
2026-08-11 12:33:41,P157,28,,daily,male,9.png,REAL,AI,0
2026-08-11 12:33:41,P157,28,,daily,male,10.webp,AI,REAL,0
2026-08-11 12:33:41,P157,28,,daily,male,11.jpg,AI,REAL,0
2026-08-11 12:33:41,P157,28,,daily,male,12.png,REAL,AI,0
2026-08-11 12:33:41,P157,28,,daily,male,13.jpg,REAL,AI,0
2026-08-11 12:33:41,P157,28,,daily,male,14.mp4,AI,REAL,0
2026-08-11 12:33:41,P157,28,,daily,male,15.png,AI,AI,1
2026-08-11 12:33:41,P157,28,,daily,male,16.mp4,REAL,REAL,1
2026-08-11 12:33:41,P157,28,,daily,male,17.mp4,AI,AI,1
2026-08-11 12:33:41,P157,28,,daily,male,18.png,AI,AI,1
2026-08-11 12:33:41,P157,28,,daily,male,19.png,AI,REAL,0
2026-08-11 12:33:41,P157,28,,daily,male,20.png,REAL,AI,0
2026-08-11 12:33:41,P157,28,,daily,male,21.webp,REAL,AI,0
2026-08-11 12:33:41,P157,28,,daily,male,22.webp,REAL,REAL,1
2026-08-11 12:33:41,P157,28,,daily,male,23.jpg,REAL,REAL,1
2026-08-11 12:33:41,P157,28,,daily,male,24.mp4,REAL,AI,0
2026-08-11 12:33:41,P157,28,,daily,male,25.mov,REAL,REAL,1
2026-08-11 12:33:41,P157,28,,daily,male,26.mov,AI,AI,1
2026-08-11 12:33:41,P157,28,,daily,male,27.jpeg,REAL,AI,0
2026-08-11 12:33:41,P157,28,,daily,male,28.jpg,AI,REAL,0
2026-08-11 12:33:41,P157,28,,daily,male,29.png,REAL,REAL,1
2026-08-11 12:33:41,P157,28,,daily,male,30.jpg,REAL,REAL,1
2026-08-11 12:33:41,P157,28,,daily,male,31.jpg,AI,AI,1
2026-08-11 12:33:41,P157,28,,daily,male,32.png,REAL,AI,0
2026-08-11 12:33:41,P157,28,,daily,male,33.png,REAL,REAL,1
2026-08-11 12:33:41,P157,28,,daily,male,34.png,REAL,REAL,1
2026-08-11 12:33:41,P157,28,,daily,male,35.png,REAL,AI,0
2026-08-11 12:33:41,P157,28,,daily,male,36.jpg,REAL,REAL,1
2026-08-11 12:33:41,P157,28,,daily,male,37.mp4,AI,REAL,0
2026-08-11 12:33:41,P157,28,,daily,male,38.mp4,REAL,AI,0
2026-08-11 12:35:36,P158,52,,daily,male,1.jpg,REAL,AI,0
2026-08-11 12:35:36,P158,52,,daily,male,2.jpg,REAL,REAL,1
2026-08-11 12:35:36,P158,52,,daily,male,3.jpg,AI,REAL,0
2026-08-11 12:35:36,P158,52,,daily,male,4.mp4,REAL,AI,0
2026-08-11 12:35:36,P158,52,,daily,male,5.png,REAL,AI,0
2026-08-11 12:35:36,P158,52,,daily,male,6.png,REAL,AI,0
2026-08-11 12:35:36,P158,52,,daily,male,7.jpeg,REAL,REAL,1
2026-08-11 12:35:36,P158,52,,daily,male,8.avif,REAL,REAL,1
2026-08-11 12:35:36,P158,52,,daily,male,9.png,AI,AI,1
2026-08-11 12:35:36,P158,52,,daily,male,10.webp,REAL,REAL,1
2026-08-11 12:35:36,P158,52,,daily,male,11.jpg,REAL,REAL,1
2026-08-11 12:35:36,P158,52,,daily,male,12.png,REAL,AI,0
2026-08-11 12:35:36,P158,52,,daily,male,13.jpg,REAL,AI,0
2026-08-11 12:35:36,P158,52,,daily,male,14.mp4,AI,REAL,0
2026-08-11 12:35:36,P158,52,,daily,male,15.png,REAL,AI,0
2026-08-11 12:35:36,P158,52,,daily,male,16.mp4,REAL,REAL,1
2026-08-11 12:35:36,P158,52,,daily,male,17.mp4,AI,AI,1
2026-08-11 12:35:36,P158,52,,daily,male,18.png,REAL,AI,0
2026-08-11 12:35:36,P158,52,,daily,male,19.png,AI,REAL,0
2026-08-11 12:35:36,P158,52,,daily,male,20.png,REAL,AI,0
2026-08-11 12:35:36,P158,52,,daily,male,21.webp,AI,AI,1
2026-08-11 12:35:36,P158,52,,daily,male,22.webp,AI,REAL,0
2026-08-11 12:35:36,P158,52,,daily,male,23.jpg,REAL,REAL,1
2026-08-11 12:35:36,P158,52,,daily,male,24.mp4,REAL,AI,0
2026-08-11 12:35:36,P158,52,,daily,male,25.mov,REAL,REAL,1
2026-08-11 12:35:36,P158,52,,daily,male,26.mov,REAL,AI,0
2026-08-11 12:35:36,P158,52,,daily,male,27.jpeg,REAL,AI,0
2026-08-11 12:35:36,P158,52,,daily,male,28.jpg,REAL,REAL,1
2026-08-11 12:35:36,P158,52,,daily,male,29.png,REAL,REAL,1
2026-08-11 12:35:36,P158,52,,daily,male,30.jpg,REAL,REAL,1
2026-08-11 12:35:36,P158,52,,daily,male,31.jpg,AI,AI,1
2026-08-11 12:35:36,P158,52,,daily,male,32.png,REAL,AI,0
2026-08-11 12:35:36,P158,52,,daily,male,33.png,REAL,REAL,1
2026-08-11 12:35:36,P158,52,,daily,male,34.png,REAL,REAL,1
2026-08-11 12:35:36,P158,52,,daily,male,35.png,REAL,AI,0
2026-08-11 12:35:36,P158,52,,daily,male,36.jpg,REAL,REAL,1
2026-08-11 12:35:36,P158,52,,daily,male,37.mp4,AI,REAL,0
2026-08-11 12:35:36,P158,52,,daily,male,38.mp4,REAL,AI,0
2026-08-11 12:38:03,P159,14,,daily,female,1.jpg,AI,AI,1
2026-08-11 12:38:03,P159,14,,daily,female,2.jpg,REAL,REAL,1
2026-08-11 12:38:03,P159,14,,daily,female,3.jpg,REAL,REAL,1
2026-08-11 12:38:03,P159,14,,daily,female,4.mp4,REAL,AI,0
2026-08-11 12:38:03,P159,14,,daily,female,5.png,REAL,AI,0
2026-08-11 12:38:03,P159,14,,daily,female,6.png,REAL,AI,0
2026-08-11 12:38:03,P159,14,,daily,female,7.jpeg,REAL,REAL,1
2026-08-11 12:38:03,P159,14,,daily,female,8.avif,REAL,REAL,1
2026-08-11 12:38:03,P159,14,,daily,female,9.png,REAL,AI,0
2026-08-11 12:38:03,P159,14,,daily,female,10.webp,REAL,REAL,1
2026-08-11 12:38:03,P159,14,,daily,female,11.jpg,REAL,REAL,1
2026-08-11 12:38:03,P159,14,,daily,female,12.png,AI,AI,1
2026-08-11 12:38:03,P159,14,,daily,female,13.jpg,AI,AI,1
2026-08-11 12:38:03,P159,14,,daily,female,14.mp4,AI,REAL,0
2026-08-11 12:38:03,P159,14,,daily,female,15.png,AI,AI,1
2026-08-11 12:38:03,P159,14,,daily,female,16.mp4,AI,REAL,0
2026-08-11 12:38:03,P159,14,,daily,female,17.mp4,AI,AI,1
2026-08-11 12:38:03,P159,14,,daily,female,18.png,AI,AI,1
2026-08-11 12:38:03,P159,14,,daily,female,19.png,REAL,REAL,1
2026-08-11 12:38:03,P159,14,,daily,female,20.png,REAL,AI,0
2026-08-11 12:38:03,P159,14,,daily,female,21.webp,REAL,AI,0
2026-08-11 12:38:03,P159,14,,daily,female,22.webp,AI,REAL,0
2026-08-11 12:38:03,P159,14,,daily,female,23.jpg,REAL,REAL,1
2026-08-11 12:38:03,P159,14,,daily,female,24.mp4,AI,AI,1
2026-08-11 12:38:03,P159,14,,daily,female,25.mov,AI,REAL,0
2026-08-11 12:38:03,P159,14,,daily,female,26.mov,AI,AI,1
2026-08-11 12:38:03,P159,14,,daily,female,27.jpeg,REAL,AI,0
2026-08-11 12:38:03,P159,14,,daily,female,28.jpg,REAL,REAL,1
2026-08-11 12:38:03,P159,14,,daily,female,29.png,REAL,REAL,1
2026-08-11 12:38:03,P159,14,,daily,female,30.jpg,REAL,REAL,1
2026-08-11 12:38:03,P159,14,,daily,female,31.jpg,AI,AI,1
2026-08-11 12:38:03,P159,14,,daily,female,32.png,AI,AI,1
2026-08-11 12:38:03,P159,14,,daily,female,33.png,AI,REAL,0
2026-08-11 12:38:03,P159,14,,daily,female,34.png,REAL,REAL,1
2026-08-11 12:38:03,P159,14,,daily,female,35.png,AI,AI,1
2026-08-11 12:38:03,P159,14,,daily,female,36.jpg,REAL,REAL,1
2026-08-11 12:38:03,P159,14,,daily,female,37.mp4,AI,REAL,0
2026-08-11 12:38:03,P159,14,,daily,female,38.mp4,AI,AI,1
2026-08-11 12:53:28,P160,37,,daily,female,1.jpg,REAL,AI,0
2026-08-11 12:53:28,P160,37,,daily,female,2.jpg,REAL,REAL,1
2026-08-11 12:53:28,P160,37,,daily,female,3.jpg,AI,REAL,0
2026-08-11 12:53:28,P160,37,,daily,female,4.mp4,AI,AI,1
2026-08-11 12:53:28,P160,37,,daily,female,5.png,AI,AI,1
2026-08-11 12:53:28,P160,37,,daily,female,6.png,REAL,AI,0
2026-08-11 12:53:28,P160,37,,daily,female,7.jpeg,AI,REAL,0
2026-08-11 12:53:28,P160,37,,daily,female,8.avif,AI,REAL,0
2026-08-11 12:53:28,P160,37,,daily,female,9.png,REAL,AI,0
2026-08-11 12:53:28,P160,37,,daily,female,10.webp,AI,REAL,0
2026-08-11 12:53:28,P160,37,,daily,female,11.jpg,AI,REAL,0
2026-08-11 12:53:28,P160,37,,daily,female,12.png,REAL,AI,0
2026-08-11 12:53:28,P160,37,,daily,female,13.jpg,REAL,AI,0
2026-08-11 12:53:28,P160,37,,daily,female,14.mp4,AI,REAL,0
2026-08-11 12:53:28,P160,37,,daily,female,15.png,AI,AI,1
2026-08-11 12:53:28,P160,37,,daily,female,16.mp4,REAL,REAL,1
2026-08-11 12:53:28,P160,37,,daily,female,17.mp4,AI,AI,1
2026-08-11 12:53:28,P160,37,,daily,female,18.png,AI,AI,1
2026-08-11 12:53:28,P160,37,,daily,female,19.png,AI,REAL,0
2026-08-11 12:53:28,P160,37,,daily,female,20.png,REAL,AI,0
2026-08-11 12:53:28,P160,37,,daily,female,21.webp,REAL,AI,0
2026-08-11 12:53:28,P160,37,,daily,female,22.webp,AI,REAL,0
2026-08-11 12:53:28,P160,37,,daily,female,23.jpg,REAL,REAL,1
2026-08-11 12:53:28,P160,37,,daily,female,24.mp4,AI,AI,1
2026-08-11 12:53:28,P160,37,,daily,female,25.mov,REAL,REAL,1
2026-08-11 12:53:28,P160,37,,daily,female,26.mov,AI,AI,1
2026-08-11 12:53:28,P160,37,,daily,female,27.jpeg,AI,AI,1
2026-08-11 12:53:28,P160,37,,daily,female,28.jpg,REAL,REAL,1
2026-08-11 12:53:28,P160,37,,daily,female,29.png,REAL,REAL,1
2026-08-11 12:53:28,P160,37,,daily,female,30.jpg,AI,REAL,0
2026-08-11 12:53:28,P160,37,,daily,female,31.jpg,AI,AI,1
2026-08-11 12:53:28,P160,37,,daily,female,32.png,REAL,AI,0
2026-08-11 12:53:28,P160,37,,daily,female,33.png,AI,REAL,0
2026-08-11 12:53:28,P160,37,,daily,female,34.png,AI,REAL,0
2026-08-11 12:53:28,P160,37,,daily,female,35.png,AI,AI,1
2026-08-11 12:53:28,P160,37,,daily,female,36.jpg,AI,REAL,0
2026-08-11 12:53:28,P160,37,,daily,female,37.mp4,AI,REAL,0
2026-08-11 12:53:28,P160,37,,daily,female,38.mp4,REAL,AI,0
2026-08-11 12:54:24,P161,56,,frequently,male,1.jpg,REAL,AI,0
2026-08-11 12:54:24,P161,56,,frequently,male,2.jpg,REAL,REAL,1
2026-08-11 12:54:24,P161,56,,frequently,male,3.jpg,AI,REAL,0
2026-08-11 12:54:24,P161,56,,frequently,male,4.mp4,REAL,AI,0
2026-08-11 12:54:24,P161,56,,frequently,male,5.png,REAL,AI,0
2026-08-11 12:54:24,P161,56,,frequently,male,6.png,AI,AI,1
2026-08-11 12:54:24,P161,56,,frequently,male,7.jpeg,AI,REAL,0
2026-08-11 12:54:24,P161,56,,frequently,male,8.avif,REAL,REAL,1
2026-08-11 12:54:24,P161,56,,frequently,male,9.png,AI,AI,1
2026-08-11 12:54:24,P161,56,,frequently,male,10.webp,REAL,REAL,1
2026-08-11 12:54:24,P161,56,,frequently,male,11.jpg,AI,REAL,0
2026-08-11 12:54:24,P161,56,,frequently,male,12.png,AI,AI,1
2026-08-11 12:54:24,P161,56,,frequently,male,13.jpg,AI,AI,1
2026-08-11 12:54:24,P161,56,,frequently,male,14.mp4,AI,REAL,0
2026-08-11 12:54:24,P161,56,,frequently,male,15.png,AI,AI,1
2026-08-11 12:54:24,P161,56,,frequently,male,16.mp4,REAL,REAL,1
2026-08-11 12:54:24,P161,56,,frequently,male,17.mp4,REAL,AI,0
2026-08-11 12:54:24,P161,56,,frequently,male,18.png,AI,AI,1
2026-08-11 12:54:24,P161,56,,frequently,male,19.png,AI,REAL,0
2026-08-11 12:54:24,P161,56,,frequently,male,20.png,REAL,AI,0
2026-08-11 12:54:24,P161,56,,frequently,male,21.webp,REAL,AI,0
2026-08-11 12:54:24,P161,56,,frequently,male,22.webp,REAL,REAL,1
2026-08-11 12:54:24,P161,56,,frequently,male,23.jpg,REAL,REAL,1
2026-08-11 12:54:24,P161,56,,frequently,male,24.mp4,REAL,AI,0
2026-08-11 12:54:24,P161,56,,frequently,male,25.mov,REAL,REAL,1
2026-08-11 12:54:24,P161,56,,frequently,male,26.mov,REAL,AI,0
2026-08-11 12:54:24,P161,56,,frequently,male,27.jpeg,REAL,AI,0
2026-08-11 12:54:24,P161,56,,frequently,male,28.jpg,REAL,REAL,1
2026-08-11 12:54:24,P161,56,,frequently,male,29.png,REAL,REAL,1
2026-08-11 12:54:24,P161,56,,frequently,male,30.jpg,REAL,REAL,1
2026-08-11 12:54:24,P161,56,,frequently,male,31.jpg,REAL,AI,0
2026-08-11 12:54:24,P161,56,,frequently,male,32.png,REAL,AI,0
2026-08-11 12:54:24,P161,56,,frequently,male,33.png,REAL,REAL,1
2026-08-11 12:54:24,P161,56,,frequently,male,34.png,REAL,REAL,1
2026-08-11 12:54:24,P161,56,,frequently,male,35.png,REAL,AI,0
2026-08-11 12:54:24,P161,56,,frequently,male,36.jpg,REAL,REAL,1
2026-08-11 12:54:24,P161,56,,frequently,male,37.mp4,AI,REAL,0
2026-08-11 12:54:24,P161,56,,frequently,male,38.mp4,AI,AI,1
2026-08-11 13:01:39,P162,47,,occasionally,male,1.jpg,REAL,AI,0
2026-08-11 13:01:39,P162,47,,occasionally,male,2.jpg,REAL,REAL,1
2026-08-11 13:01:39,P162,47,,occasionally,male,3.jpg,AI,REAL,0
2026-08-11 13:01:39,P162,47,,occasionally,male,4.mp4,REAL,AI,0
2026-08-11 13:01:39,P162,47,,occasionally,male,5.png,REAL,AI,0
2026-08-11 13:01:39,P162,47,,occasionally,male,6.png,REAL,AI,0
2026-08-11 13:01:39,P162,47,,occasionally,male,7.jpeg,AI,REAL,0
2026-08-11 13:01:39,P162,47,,occasionally,male,8.avif,AI,REAL,0
2026-08-11 13:01:39,P162,47,,occasionally,male,9.png,REAL,AI,0
2026-08-11 13:01:39,P162,47,,occasionally,male,10.webp,REAL,REAL,1
2026-08-11 13:01:39,P162,47,,occasionally,male,11.jpg,AI,REAL,0
2026-08-11 13:01:39,P162,47,,occasionally,male,12.png,REAL,AI,0
2026-08-11 13:01:39,P162,47,,occasionally,male,13.jpg,REAL,AI,0
2026-08-11 13:01:39,P162,47,,occasionally,male,14.mp4,AI,REAL,0
2026-08-11 13:01:39,P162,47,,occasionally,male,15.png,AI,AI,1
2026-08-11 13:01:39,P162,47,,occasionally,male,16.mp4,REAL,REAL,1
2026-08-11 13:01:39,P162,47,,occasionally,male,17.mp4,REAL,AI,0
2026-08-11 13:01:39,P162,47,,occasionally,male,18.png,AI,AI,1
2026-08-11 13:01:39,P162,47,,occasionally,male,19.png,AI,REAL,0
2026-08-11 13:01:39,P162,47,,occasionally,male,20.png,REAL,AI,0
2026-08-11 13:01:39,P162,47,,occasionally,male,21.webp,REAL,AI,0
2026-08-11 13:01:39,P162,47,,occasionally,male,22.webp,AI,REAL,0
2026-08-11 13:01:39,P162,47,,occasionally,male,23.jpg,REAL,REAL,1
2026-08-11 13:01:39,P162,47,,occasionally,male,24.mp4,REAL,AI,0
2026-08-11 13:01:39,P162,47,,occasionally,male,25.mov,AI,REAL,0
2026-08-11 13:01:39,P162,47,,occasionally,male,26.mov,AI,AI,1
2026-08-11 13:01:39,P162,47,,occasionally,male,27.jpeg,REAL,AI,0
2026-08-11 13:01:39,P162,47,,occasionally,male,28.jpg,AI,REAL,0
2026-08-11 13:01:39,P162,47,,occasionally,male,29.png,AI,REAL,0
2026-08-11 13:01:39,P162,47,,occasionally,male,30.jpg,REAL,REAL,1
2026-08-11 13:01:39,P162,47,,occasionally,male,31.jpg,AI,AI,1
2026-08-11 13:01:39,P162,47,,occasionally,male,32.png,REAL,AI,0
2026-08-11 13:01:39,P162,47,,occasionally,male,33.png,AI,REAL,0
2026-08-11 13:01:39,P162,47,,occasionally,male,34.png,REAL,REAL,1
2026-08-11 13:01:39,P162,47,,occasionally,male,35.png,REAL,AI,0
2026-08-11 13:01:39,P162,47,,occasionally,male,36.jpg,AI,REAL,0
2026-08-11 13:01:39,P162,47,,occasionally,male,37.mp4,AI,REAL,0
2026-08-11 13:01:39,P162,47,,occasionally,male,38.mp4,AI,AI,1
2026-08-11 13:01:47,P163,37,,occasionally,male,1.jpg,AI,AI,1
2026-08-11 13:01:47,P163,37,,occasionally,male,2.jpg,REAL,REAL,1
2026-08-11 13:01:47,P163,37,,occasionally,male,3.jpg,AI,REAL,0
2026-08-11 13:01:47,P163,37,,occasionally,male,4.mp4,REAL,AI,0
2026-08-11 13:01:47,P163,37,,occasionally,male,5.png,REAL,AI,0
2026-08-11 13:01:47,P163,37,,occasionally,male,6.png,REAL,AI,0
2026-08-11 13:01:47,P163,37,,occasionally,male,7.jpeg,REAL,REAL,1
2026-08-11 13:01:47,P163,37,,occasionally,male,8.avif,REAL,REAL,1
2026-08-11 13:01:47,P163,37,,occasionally,male,9.png,REAL,AI,0
2026-08-11 13:01:47,P163,37,,occasionally,male,10.webp,REAL,REAL,1
2026-08-11 13:01:47,P163,37,,occasionally,male,11.jpg,REAL,REAL,1
2026-08-11 13:01:47,P163,37,,occasionally,male,12.png,REAL,AI,0
2026-08-11 13:01:47,P163,37,,occasionally,male,13.jpg,REAL,AI,0
2026-08-11 13:01:47,P163,37,,occasionally,male,14.mp4,REAL,REAL,1
2026-08-11 13:01:47,P163,37,,occasionally,male,15.png,REAL,AI,0
2026-08-11 13:01:47,P163,37,,occasionally,male,16.mp4,REAL,REAL,1
2026-08-11 13:01:47,P163,37,,occasionally,male,17.mp4,AI,AI,1
2026-08-11 13:01:47,P163,37,,occasionally,male,18.png,AI,AI,1
2026-08-11 13:01:47,P163,37,,occasionally,male,19.png,REAL,REAL,1
2026-08-11 13:01:47,P163,37,,occasionally,male,20.png,REAL,AI,0
2026-08-11 13:01:47,P163,37,,occasionally,male,21.webp,REAL,AI,0
2026-08-11 13:01:47,P163,37,,occasionally,male,22.webp,REAL,REAL,1
2026-08-11 13:01:47,P163,37,,occasionally,male,23.jpg,REAL,REAL,1
2026-08-11 13:01:47,P163,37,,occasionally,male,24.mp4,AI,AI,1
2026-08-11 13:01:47,P163,37,,occasionally,male,25.mov,REAL,REAL,1
2026-08-11 13:01:47,P163,37,,occasionally,male,26.mov,REAL,AI,0
2026-08-11 13:01:47,P163,37,,occasionally,male,27.jpeg,REAL,AI,0
2026-08-11 13:01:47,P163,37,,occasionally,male,28.jpg,REAL,REAL,1
2026-08-11 13:01:47,P163,37,,occasionally,male,29.png,REAL,REAL,1
2026-08-11 13:01:47,P163,37,,occasionally,male,30.jpg,REAL,REAL,1
2026-08-11 13:01:47,P163,37,,occasionally,male,31.jpg,REAL,AI,0
2026-08-11 13:01:47,P163,37,,occasionally,male,32.png,REAL,AI,0
2026-08-11 13:01:47,P163,37,,occasionally,male,33.png,REAL,REAL,1
2026-08-11 13:01:47,P163,37,,occasionally,male,34.png,REAL,REAL,1
2026-08-11 13:01:47,P163,37,,occasionally,male,35.png,REAL,AI,0
2026-08-11 13:01:47,P163,37,,occasionally,male,36.jpg,REAL,REAL,1
2026-08-11 13:01:47,P163,37,,occasionally,male,37.mp4,AI,REAL,0
2026-08-11 13:01:47,P163,37,,occasionally,male,38.mp4,AI,AI,1
2026-08-11 13:02:51,P164,36,,occasionally,female,1.jpg,REAL,AI,0
2026-08-11 13:02:51,P164,36,,occasionally,female,2.jpg,REAL,REAL,1
2026-08-11 13:02:51,P164,36,,occasionally,female,3.jpg,REAL,REAL,1
2026-08-11 13:02:51,P164,36,,occasionally,female,4.mp4,AI,AI,1
2026-08-11 13:02:51,P164,36,,occasionally,female,5.png,REAL,AI,0
2026-08-11 13:02:51,P164,36,,occasionally,female,6.png,REAL,AI,0
2026-08-11 13:02:51,P164,36,,occasionally,female,7.jpeg,AI,REAL,0
2026-08-11 13:02:51,P164,36,,occasionally,female,8.avif,AI,REAL,0
2026-08-11 13:02:51,P164,36,,occasionally,female,9.png,AI,AI,1
2026-08-11 13:02:51,P164,36,,occasionally,female,10.webp,REAL,REAL,1
2026-08-11 13:02:51,P164,36,,occasionally,female,11.jpg,AI,REAL,0
2026-08-11 13:02:51,P164,36,,occasionally,female,12.png,REAL,AI,0
2026-08-11 13:02:51,P164,36,,occasionally,female,13.jpg,REAL,AI,0
2026-08-11 13:02:51,P164,36,,occasionally,female,14.mp4,AI,REAL,0
2026-08-11 13:02:51,P164,36,,occasionally,female,15.png,AI,AI,1
2026-08-11 13:02:51,P164,36,,occasionally,female,16.mp4,REAL,REAL,1
2026-08-11 13:02:51,P164,36,,occasionally,female,17.mp4,AI,AI,1
2026-08-11 13:02:51,P164,36,,occasionally,female,18.png,AI,AI,1
2026-08-11 13:02:51,P164,36,,occasionally,female,19.png,REAL,REAL,1
2026-08-11 13:02:51,P164,36,,occasionally,female,20.png,AI,AI,1
2026-08-11 13:02:51,P164,36,,occasionally,female,21.webp,AI,AI,1
2026-08-11 13:02:51,P164,36,,occasionally,female,22.webp,REAL,REAL,1
2026-08-11 13:02:51,P164,36,,occasionally,female,23.jpg,REAL,REAL,1
2026-08-11 13:02:51,P164,36,,occasionally,female,24.mp4,AI,AI,1
2026-08-11 13:02:51,P164,36,,occasionally,female,25.mov,REAL,REAL,1
2026-08-11 13:02:51,P164,36,,occasionally,female,26.mov,AI,AI,1
2026-08-11 13:02:51,P164,36,,occasionally,female,27.jpeg,REAL,AI,0
2026-08-11 13:02:51,P164,36,,occasionally,female,28.jpg,REAL,REAL,1
2026-08-11 13:02:51,P164,36,,occasionally,female,29.png,AI,REAL,0
2026-08-11 13:02:51,P164,36,,occasionally,female,30.jpg,REAL,REAL,1
2026-08-11 13:02:51,P164,36,,occasionally,female,31.jpg,AI,AI,1
2026-08-11 13:02:51,P164,36,,occasionally,female,32.png,REAL,AI,0
2026-08-11 13:02:51,P164,36,,occasionally,female,33.png,REAL,REAL,1
2026-08-11 13:02:51,P164,36,,occasionally,female,34.png,REAL,REAL,1
2026-08-11 13:02:51,P164,36,,occasionally,female,35.png,REAL,AI,0
2026-08-11 13:02:51,P164,36,,occasionally,female,36.jpg,REAL,REAL,1
2026-08-11 13:02:51,P164,36,,occasionally,female,37.mp4,AI,REAL,0
2026-08-11 13:02:51,P164,36,,occasionally,female,38.mp4,AI,AI,1
2026-08-11 13:04:51,P165,35,,frequently,male,1.jpg,REAL,AI,0
2026-08-11 13:04:51,P165,35,,frequently,male,2.jpg,AI,REAL,0
2026-08-11 13:04:51,P165,35,,frequently,male,3.jpg,AI,REAL,0
2026-08-11 13:04:51,P165,35,,frequently,male,4.mp4,REAL,AI,0
2026-08-11 13:04:51,P165,35,,frequently,male,5.png,REAL,AI,0
2026-08-11 13:04:51,P165,35,,frequently,male,6.png,REAL,AI,0
2026-08-11 13:04:51,P165,35,,frequently,male,7.jpeg,AI,REAL,0
2026-08-11 13:04:51,P165,35,,frequently,male,8.avif,REAL,REAL,1
2026-08-11 13:04:51,P165,35,,frequently,male,9.png,REAL,AI,0
2026-08-11 13:04:51,P165,35,,frequently,male,10.webp,AI,REAL,0
2026-08-11 13:04:51,P165,35,,frequently,male,11.jpg,REAL,REAL,1
2026-08-11 13:04:51,P165,35,,frequently,male,12.png,REAL,AI,0
2026-08-11 13:04:51,P165,35,,frequently,male,13.jpg,REAL,AI,0
2026-08-11 13:04:51,P165,35,,frequently,male,14.mp4,REAL,REAL,1
2026-08-11 13:04:51,P165,35,,frequently,male,15.png,AI,AI,1
2026-08-11 13:04:51,P165,35,,frequently,male,16.mp4,REAL,REAL,1
2026-08-11 13:04:51,P165,35,,frequently,male,17.mp4,REAL,AI,0
2026-08-11 13:04:51,P165,35,,frequently,male,18.png,REAL,AI,0
2026-08-11 13:04:51,P165,35,,frequently,male,19.png,REAL,REAL,1
2026-08-11 13:04:51,P165,35,,frequently,male,20.png,REAL,AI,0
2026-08-11 13:04:51,P165,35,,frequently,male,21.webp,REAL,AI,0
2026-08-11 13:04:51,P165,35,,frequently,male,22.webp,AI,REAL,0
2026-08-11 13:04:51,P165,35,,frequently,male,23.jpg,REAL,REAL,1
2026-08-11 13:04:51,P165,35,,frequently,male,24.mp4,AI,AI,1
2026-08-11 13:04:51,P165,35,,frequently,male,25.mov,REAL,REAL,1
2026-08-11 13:04:51,P165,35,,frequently,male,26.mov,AI,AI,1
2026-08-11 13:04:51,P165,35,,frequently,male,27.jpeg,REAL,AI,0
2026-08-11 13:04:51,P165,35,,frequently,male,28.jpg,REAL,REAL,1
2026-08-11 13:04:51,P165,35,,frequently,male,29.png,AI,REAL,0
2026-08-11 13:04:51,P165,35,,frequently,male,30.jpg,REAL,REAL,1
2026-08-11 13:04:51,P165,35,,frequently,male,31.jpg,REAL,AI,0
2026-08-11 13:04:51,P165,35,,frequently,male,32.png,AI,AI,1
2026-08-11 13:04:51,P165,35,,frequently,male,33.png,REAL,REAL,1
2026-08-11 13:04:51,P165,35,,frequently,male,34.png,REAL,REAL,1
2026-08-11 13:04:51,P165,35,,frequently,male,35.png,REAL,AI,0
2026-08-11 13:04:51,P165,35,,frequently,male,36.jpg,REAL,REAL,1
2026-08-11 13:04:51,P165,35,,frequently,male,37.mp4,AI,REAL,0
2026-08-11 13:04:51,P165,35,,frequently,male,38.mp4,REAL,AI,0
2026-08-11 13:05:45,P166,53,,daily,prefer_not_to_say,1.jpg,AI,AI,1
2026-08-11 13:05:45,P166,53,,daily,prefer_not_to_say,2.jpg,AI,REAL,0
2026-08-11 13:05:45,P166,53,,daily,prefer_not_to_say,3.jpg,REAL,REAL,1
2026-08-11 13:05:45,P166,53,,daily,prefer_not_to_say,4.mp4,REAL,AI,0
2026-08-11 13:05:45,P166,53,,daily,prefer_not_to_say,5.png,AI,AI,1
2026-08-11 13:05:45,P166,53,,daily,prefer_not_to_say,6.png,AI,AI,1
2026-08-11 13:05:45,P166,53,,daily,prefer_not_to_say,7.jpeg,REAL,REAL,1
2026-08-11 13:05:45,P166,53,,daily,prefer_not_to_say,8.avif,REAL,REAL,1
2026-08-11 13:05:45,P166,53,,daily,prefer_not_to_say,9.png,REAL,AI,0
2026-08-11 13:05:45,P166,53,,daily,prefer_not_to_say,10.webp,AI,REAL,0
2026-08-11 13:05:45,P166,53,,daily,prefer_not_to_say,11.jpg,AI,REAL,0
2026-08-11 13:05:45,P166,53,,daily,prefer_not_to_say,12.png,REAL,AI,0
2026-08-11 13:05:45,P166,53,,daily,prefer_not_to_say,13.jpg,AI,AI,1
2026-08-11 13:05:45,P166,53,,daily,prefer_not_to_say,14.mp4,AI,REAL,0
2026-08-11 13:05:45,P166,53,,daily,prefer_not_to_say,15.png,AI,AI,1
2026-08-11 13:05:45,P166,53,,daily,prefer_not_to_say,16.mp4,AI,REAL,0
2026-08-11 13:05:45,P166,53,,daily,prefer_not_to_say,17.mp4,AI,AI,1
2026-08-11 13:05:45,P166,53,,daily,prefer_not_to_say,18.png,REAL,AI,0
2026-08-11 13:05:45,P166,53,,daily,prefer_not_to_say,19.png,REAL,REAL,1
2026-08-11 13:05:45,P166,53,,daily,prefer_not_to_say,20.png,AI,AI,1
2026-08-11 13:05:45,P166,53,,daily,prefer_not_to_say,21.webp,REAL,AI,0
2026-08-11 13:05:45,P166,53,,daily,prefer_not_to_say,22.webp,AI,REAL,0
2026-08-11 13:05:45,P166,53,,daily,prefer_not_to_say,23.jpg,REAL,REAL,1
2026-08-11 13:05:45,P166,53,,daily,prefer_not_to_say,24.mp4,REAL,AI,0
2026-08-11 13:05:45,P166,53,,daily,prefer_not_to_say,25.mov,AI,REAL,0
2026-08-11 13:05:45,P166,53,,daily,prefer_not_to_say,26.mov,REAL,AI,0
2026-08-11 13:05:45,P166,53,,daily,prefer_not_to_say,27.jpeg,AI,AI,1
2026-08-11 13:05:45,P166,53,,daily,prefer_not_to_say,28.jpg,AI,REAL,0
2026-08-11 13:05:45,P166,53,,daily,prefer_not_to_say,29.png,REAL,REAL,1
2026-08-11 13:05:45,P166,53,,daily,prefer_not_to_say,30.jpg,REAL,REAL,1
2026-08-11 13:05:45,P166,53,,daily,prefer_not_to_say,31.jpg,REAL,AI,0
2026-08-11 13:05:45,P166,53,,daily,prefer_not_to_say,32.png,AI,AI,1
2026-08-11 13:05:45,P166,53,,daily,prefer_not_to_say,33.png,AI,REAL,0
2026-08-11 13:05:45,P166,53,,daily,prefer_not_to_say,34.png,AI,REAL,0
2026-08-11 13:05:45,P166,53,,daily,prefer_not_to_say,35.png,AI,AI,1
2026-08-11 13:05:45,P166,53,,daily,prefer_not_to_say,36.jpg,REAL,REAL,1
2026-08-11 13:05:45,P166,53,,daily,prefer_not_to_say,37.mp4,AI,REAL,0
2026-08-11 13:05:45,P166,53,,daily,prefer_not_to_say,38.mp4,AI,AI,1
2026-08-11 13:08:04,P167,17,,frequently,male,1.jpg,REAL,AI,0
2026-08-11 13:08:04,P167,17,,frequently,male,2.jpg,AI,REAL,0
2026-08-11 13:08:04,P167,17,,frequently,male,3.jpg,REAL,REAL,1
2026-08-11 13:08:04,P167,17,,frequently,male,4.mp4,AI,AI,1
2026-08-11 13:08:04,P167,17,,frequently,male,5.png,REAL,AI,0
2026-08-11 13:08:04,P167,17,,frequently,male,6.png,AI,AI,1
2026-08-11 13:08:04,P167,17,,frequently,male,7.jpeg,AI,REAL,0
2026-08-11 13:08:04,P167,17,,frequently,male,8.avif,AI,REAL,0
2026-08-11 13:08:04,P167,17,,frequently,male,9.png,AI,AI,1
2026-08-11 13:08:04,P167,17,,frequently,male,10.webp,AI,REAL,0
2026-08-11 13:08:04,P167,17,,frequently,male,11.jpg,REAL,REAL,1
2026-08-11 13:08:04,P167,17,,frequently,male,12.png,REAL,AI,0
2026-08-11 13:08:04,P167,17,,frequently,male,13.jpg,REAL,AI,0
2026-08-11 13:08:04,P167,17,,frequently,male,14.mp4,AI,REAL,0
2026-08-11 13:08:04,P167,17,,frequently,male,15.png,AI,AI,1
2026-08-11 13:08:04,P167,17,,frequently,male,16.mp4,AI,REAL,0
2026-08-11 13:08:04,P167,17,,frequently,male,17.mp4,AI,AI,1
2026-08-11 13:08:04,P167,17,,frequently,male,18.png,AI,AI,1
2026-08-11 13:08:04,P167,17,,frequently,male,19.png,REAL,REAL,1
2026-08-11 13:08:04,P167,17,,frequently,male,20.png,REAL,AI,0
2026-08-11 13:08:04,P167,17,,frequently,male,21.webp,REAL,AI,0
2026-08-11 13:08:04,P167,17,,frequently,male,22.webp,AI,REAL,0
2026-08-11 13:08:04,P167,17,,frequently,male,23.jpg,REAL,REAL,1
2026-08-11 13:08:04,P167,17,,frequently,male,24.mp4,REAL,AI,0
2026-08-11 13:08:04,P167,17,,frequently,male,25.mov,REAL,REAL,1
2026-08-11 13:08:04,P167,17,,frequently,male,26.mov,REAL,AI,0
2026-08-11 13:08:04,P167,17,,frequently,male,27.jpeg,REAL,AI,0
2026-08-11 13:08:04,P167,17,,frequently,male,28.jpg,REAL,REAL,1
2026-08-11 13:08:04,P167,17,,frequently,male,29.png,REAL,REAL,1
2026-08-11 13:08:04,P167,17,,frequently,male,30.jpg,REAL,REAL,1
2026-08-11 13:08:04,P167,17,,frequently,male,31.jpg,REAL,AI,0
2026-08-11 13:08:04,P167,17,,frequently,male,32.png,REAL,AI,0
2026-08-11 13:08:04,P167,17,,frequently,male,33.png,REAL,REAL,1
2026-08-11 13:08:04,P167,17,,frequently,male,34.png,AI,REAL,0
2026-08-11 13:08:04,P167,17,,frequently,male,35.png,AI,AI,1
2026-08-11 13:08:04,P167,17,,frequently,male,36.jpg,REAL,REAL,1
2026-08-11 13:08:04,P167,17,,frequently,male,37.mp4,REAL,REAL,1
2026-08-11 13:08:04,P167,17,,frequently,male,38.mp4,AI,AI,1
2026-08-11 13:18:02,P168,36,,occasionally,male,1.jpg,REAL,AI,0
2026-08-11 13:18:02,P168,36,,occasionally,male,2.jpg,REAL,REAL,1
2026-08-11 13:18:02,P168,36,,occasionally,male,3.jpg,REAL,REAL,1
2026-08-11 13:18:02,P168,36,,occasionally,male,4.mp4,REAL,AI,0
2026-08-11 13:18:02,P168,36,,occasionally,male,5.png,REAL,AI,0
2026-08-11 13:18:02,P168,36,,occasionally,male,6.png,REAL,AI,0
2026-08-11 13:18:02,P168,36,,occasionally,male,7.jpeg,REAL,REAL,1
2026-08-11 13:18:02,P168,36,,occasionally,male,8.avif,REAL,REAL,1
2026-08-11 13:18:02,P168,36,,occasionally,male,9.png,REAL,AI,0
2026-08-11 13:18:02,P168,36,,occasionally,male,10.webp,AI,REAL,0
2026-08-11 13:18:02,P168,36,,occasionally,male,11.jpg,REAL,REAL,1
2026-08-11 13:18:02,P168,36,,occasionally,male,12.png,REAL,AI,0
2026-08-11 13:18:02,P168,36,,occasionally,male,13.jpg,REAL,AI,0
2026-08-11 13:18:02,P168,36,,occasionally,male,14.mp4,AI,REAL,0
2026-08-11 13:18:02,P168,36,,occasionally,male,15.png,REAL,AI,0
2026-08-11 13:18:02,P168,36,,occasionally,male,16.mp4,REAL,REAL,1
2026-08-11 13:18:02,P168,36,,occasionally,male,17.mp4,AI,AI,1
2026-08-11 13:18:02,P168,36,,occasionally,male,18.png,REAL,AI,0
2026-08-11 13:18:02,P168,36,,occasionally,male,19.png,REAL,REAL,1
2026-08-11 13:18:02,P168,36,,occasionally,male,20.png,REAL,AI,0
2026-08-11 13:18:02,P168,36,,occasionally,male,21.webp,REAL,AI,0
2026-08-11 13:18:02,P168,36,,occasionally,male,22.webp,REAL,REAL,1
2026-08-11 13:18:02,P168,36,,occasionally,male,23.jpg,REAL,REAL,1
2026-08-11 13:18:02,P168,36,,occasionally,male,24.mp4,AI,AI,1
2026-08-11 13:18:02,P168,36,,occasionally,male,25.mov,REAL,REAL,1
2026-08-11 13:18:02,P168,36,,occasionally,male,26.mov,AI,AI,1
2026-08-11 13:18:02,P168,36,,occasionally,male,27.jpeg,REAL,AI,0
2026-08-11 13:18:02,P168,36,,occasionally,male,28.jpg,REAL,REAL,1
2026-08-11 13:18:02,P168,36,,occasionally,male,29.png,AI,REAL,0
2026-08-11 13:18:02,P168,36,,occasionally,male,30.jpg,REAL,REAL,1
2026-08-11 13:18:02,P168,36,,occasionally,male,31.jpg,AI,AI,1
2026-08-11 13:18:02,P168,36,,occasionally,male,32.png,AI,AI,1
2026-08-11 13:18:02,P168,36,,occasionally,male,33.png,REAL,REAL,1
2026-08-11 13:18:02,P168,36,,occasionally,male,34.png,REAL,REAL,1
2026-08-11 13:18:02,P168,36,,occasionally,male,35.png,REAL,AI,0
2026-08-11 13:18:02,P168,36,,occasionally,male,36.jpg,REAL,REAL,1
2026-08-11 13:18:02,P168,36,,occasionally,male,37.mp4,AI,REAL,0
2026-08-11 13:18:02,P168,36,,occasionally,male,38.mp4,REAL,AI,0
2026-08-11 13:47:33,P169,41,,daily,male,1.jpg,REAL,AI,0
2026-08-11 13:47:33,P169,41,,daily,male,2.jpg,REAL,REAL,1
2026-08-11 13:47:33,P169,41,,daily,male,3.jpg,AI,REAL,0
2026-08-11 13:47:33,P169,41,,daily,male,4.mp4,AI,AI,1
2026-08-11 13:47:33,P169,41,,daily,male,5.png,REAL,AI,0
2026-08-11 13:47:33,P169,41,,daily,male,6.png,AI,AI,1
2026-08-11 13:47:33,P169,41,,daily,male,7.jpeg,AI,REAL,0
2026-08-11 13:47:33,P169,41,,daily,male,8.avif,REAL,REAL,1
2026-08-11 13:47:33,P169,41,,daily,male,9.png,AI,AI,1
2026-08-11 13:47:33,P169,41,,daily,male,10.webp,REAL,REAL,1
2026-08-11 13:47:33,P169,41,,daily,male,11.jpg,AI,REAL,0
2026-08-11 13:47:33,P169,41,,daily,male,12.png,REAL,AI,0
2026-08-11 13:47:33,P169,41,,daily,male,13.jpg,AI,AI,1
2026-08-11 13:47:33,P169,41,,daily,male,14.mp4,AI,REAL,0
2026-08-11 13:47:33,P169,41,,daily,male,15.png,AI,AI,1
2026-08-11 13:47:33,P169,41,,daily,male,16.mp4,REAL,REAL,1
2026-08-11 13:47:33,P169,41,,daily,male,17.mp4,REAL,AI,0
2026-08-11 13:47:33,P169,41,,daily,male,18.png,REAL,AI,0
2026-08-11 13:47:33,P169,41,,daily,male,19.png,REAL,REAL,1
2026-08-11 13:47:33,P169,41,,daily,male,20.png,AI,AI,1
2026-08-11 13:47:33,P169,41,,daily,male,21.webp,REAL,AI,0
2026-08-11 13:47:33,P169,41,,daily,male,22.webp,REAL,REAL,1
2026-08-11 13:47:33,P169,41,,daily,male,23.jpg,REAL,REAL,1
2026-08-11 13:47:33,P169,41,,daily,male,24.mp4,AI,AI,1
2026-08-11 13:47:33,P169,41,,daily,male,25.mov,REAL,REAL,1
2026-08-11 13:47:33,P169,41,,daily,male,26.mov,AI,AI,1
2026-08-11 13:47:33,P169,41,,daily,male,27.jpeg,REAL,AI,0
2026-08-11 13:47:33,P169,41,,daily,male,28.jpg,AI,REAL,0
2026-08-11 13:47:33,P169,41,,daily,male,29.png,AI,REAL,0
2026-08-11 13:47:33,P169,41,,daily,male,30.jpg,REAL,REAL,1
2026-08-11 13:47:33,P169,41,,daily,male,31.jpg,AI,AI,1
2026-08-11 13:47:33,P169,41,,daily,male,32.png,REAL,AI,0
2026-08-11 13:47:33,P169,41,,daily,male,33.png,REAL,REAL,1
2026-08-11 13:47:33,P169,41,,daily,male,34.png,REAL,REAL,1
2026-08-11 13:47:33,P169,41,,daily,male,35.png,AI,AI,1
2026-08-11 13:47:33,P169,41,,daily,male,36.jpg,REAL,REAL,1
2026-08-11 13:47:33,P169,41,,daily,male,37.mp4,AI,REAL,0
2026-08-11 13:47:33,P169,41,,daily,male,38.mp4,REAL,AI,0
2026-08-11 13:48:11,P170,50,,occasionally,male,1.jpg,AI,AI,1
2026-08-11 13:48:11,P170,50,,occasionally,male,2.jpg,REAL,REAL,1
2026-08-11 13:48:11,P170,50,,occasionally,male,3.jpg,REAL,REAL,1
2026-08-11 13:48:11,P170,50,,occasionally,male,4.mp4,AI,AI,1
2026-08-11 13:48:11,P170,50,,occasionally,male,5.png,AI,AI,1
2026-08-11 13:48:11,P170,50,,occasionally,male,6.png,AI,AI,1
2026-08-11 13:48:11,P170,50,,occasionally,male,7.jpeg,AI,REAL,0
2026-08-11 13:48:11,P170,50,,occasionally,male,8.avif,REAL,REAL,1
2026-08-11 13:48:11,P170,50,,occasionally,male,9.png,REAL,AI,0
2026-08-11 13:48:11,P170,50,,occasionally,male,10.webp,AI,REAL,0
2026-08-11 13:48:11,P170,50,,occasionally,male,11.jpg,AI,REAL,0
2026-08-11 13:48:11,P170,50,,occasionally,male,12.png,REAL,AI,0
2026-08-11 13:48:11,P170,50,,occasionally,male,13.jpg,REAL,AI,0
2026-08-11 13:48:11,P170,50,,occasionally,male,14.mp4,REAL,REAL,1
2026-08-11 13:48:11,P170,50,,occasionally,male,15.png,AI,AI,1
2026-08-11 13:48:11,P170,50,,occasionally,male,16.mp4,REAL,REAL,1
2026-08-11 13:48:11,P170,50,,occasionally,male,17.mp4,REAL,AI,0
2026-08-11 13:48:11,P170,50,,occasionally,male,18.png,AI,AI,1
2026-08-11 13:48:11,P170,50,,occasionally,male,19.png,AI,REAL,0
2026-08-11 13:48:11,P170,50,,occasionally,male,20.png,AI,AI,1
2026-08-11 13:48:11,P170,50,,occasionally,male,21.webp,AI,AI,1
2026-08-11 13:48:11,P170,50,,occasionally,male,22.webp,REAL,REAL,1
2026-08-11 13:48:11,P170,50,,occasionally,male,23.jpg,AI,REAL,0
2026-08-11 13:48:11,P170,50,,occasionally,male,24.mp4,REAL,AI,0
2026-08-11 13:48:11,P170,50,,occasionally,male,25.mov,AI,REAL,0
2026-08-11 13:48:11,P170,50,,occasionally,male,26.mov,AI,AI,1
2026-08-11 13:48:11,P170,50,,occasionally,male,27.jpeg,REAL,AI,0
2026-08-11 13:48:11,P170,50,,occasionally,male,28.jpg,REAL,REAL,1
2026-08-11 13:48:11,P170,50,,occasionally,male,29.png,AI,REAL,0
2026-08-11 13:48:11,P170,50,,occasionally,male,30.jpg,AI,REAL,0
2026-08-11 13:48:11,P170,50,,occasionally,male,31.jpg,AI,AI,1
2026-08-11 13:48:11,P170,50,,occasionally,male,32.png,REAL,AI,0
2026-08-11 13:48:11,P170,50,,occasionally,male,33.png,REAL,REAL,1
2026-08-11 13:48:11,P170,50,,occasionally,male,34.png,AI,REAL,0
2026-08-11 13:48:11,P170,50,,occasionally,male,35.png,REAL,AI,0
2026-08-11 13:48:11,P170,50,,occasionally,male,36.jpg,AI,REAL,0
2026-08-11 13:48:11,P170,50,,occasionally,male,37.mp4,REAL,REAL,1
2026-08-11 13:48:11,P170,50,,occasionally,male,38.mp4,REAL,AI,0
2026-08-11 13:54:40,P171,35,,frequently,male,1.jpg,REAL,AI,0
2026-08-11 13:54:40,P171,35,,frequently,male,2.jpg,AI,REAL,0
2026-08-11 13:54:40,P171,35,,frequently,male,3.jpg,REAL,REAL,1
2026-08-11 13:54:40,P171,35,,frequently,male,4.mp4,REAL,AI,0
2026-08-11 13:54:40,P171,35,,frequently,male,5.png,REAL,AI,0
2026-08-11 13:54:40,P171,35,,frequently,male,6.png,REAL,AI,0
2026-08-11 13:54:40,P171,35,,frequently,male,7.jpeg,AI,REAL,0
2026-08-11 13:54:40,P171,35,,frequently,male,8.avif,REAL,REAL,1
2026-08-11 13:54:40,P171,35,,frequently,male,9.png,REAL,AI,0
2026-08-11 13:54:40,P171,35,,frequently,male,10.webp,AI,REAL,0
2026-08-11 13:54:40,P171,35,,frequently,male,11.jpg,AI,REAL,0
2026-08-11 13:54:40,P171,35,,frequently,male,12.png,REAL,AI,0
2026-08-11 13:54:40,P171,35,,frequently,male,13.jpg,REAL,AI,0
2026-08-11 13:54:40,P171,35,,frequently,male,14.mp4,AI,REAL,0
2026-08-11 13:54:40,P171,35,,frequently,male,15.png,REAL,AI,0
2026-08-11 13:54:40,P171,35,,frequently,male,16.mp4,REAL,REAL,1
2026-08-11 13:54:40,P171,35,,frequently,male,17.mp4,REAL,AI,0
2026-08-11 13:54:40,P171,35,,frequently,male,18.png,REAL,AI,0
2026-08-11 13:54:40,P171,35,,frequently,male,19.png,AI,REAL,0
2026-08-11 13:54:40,P171,35,,frequently,male,20.png,REAL,AI,0
2026-08-11 13:54:40,P171,35,,frequently,male,21.webp,REAL,AI,0
2026-08-11 13:54:40,P171,35,,frequently,male,22.webp,REAL,REAL,1
2026-08-11 13:54:40,P171,35,,frequently,male,23.jpg,REAL,REAL,1
2026-08-11 13:54:40,P171,35,,frequently,male,24.mp4,REAL,AI,0
2026-08-11 13:54:40,P171,35,,frequently,male,25.mov,AI,REAL,0
2026-08-11 13:54:40,P171,35,,frequently,male,26.mov,REAL,AI,0
2026-08-11 13:54:40,P171,35,,frequently,male,27.jpeg,REAL,AI,0
2026-08-11 13:54:40,P171,35,,frequently,male,28.jpg,REAL,REAL,1
2026-08-11 13:54:40,P171,35,,frequently,male,29.png,AI,REAL,0
2026-08-11 13:54:40,P171,35,,frequently,male,30.jpg,AI,REAL,0
2026-08-11 13:54:40,P171,35,,frequently,male,31.jpg,AI,AI,1
2026-08-11 13:54:40,P171,35,,frequently,male,32.png,REAL,AI,0
2026-08-11 13:54:40,P171,35,,frequently,male,33.png,REAL,REAL,1
2026-08-11 13:54:40,P171,35,,frequently,male,34.png,REAL,REAL,1
2026-08-11 13:54:40,P171,35,,frequently,male,35.png,REAL,AI,0
2026-08-11 13:54:40,P171,35,,frequently,male,36.jpg,REAL,REAL,1
2026-08-11 13:54:40,P171,35,,frequently,male,37.mp4,AI,REAL,0
2026-08-11 13:54:40,P171,35,,frequently,male,38.mp4,AI,AI,1
2026-08-11 13:56:18,P172,52,,occasionally,female,1.jpg,AI,AI,1
2026-08-11 13:56:18,P172,52,,occasionally,female,2.jpg,REAL,REAL,1
2026-08-11 13:56:18,P172,52,,occasionally,female,3.jpg,REAL,REAL,1
2026-08-11 13:56:18,P172,52,,occasionally,female,4.mp4,AI,AI,1
2026-08-11 13:56:18,P172,52,,occasionally,female,5.png,REAL,AI,0
2026-08-11 13:56:18,P172,52,,occasionally,female,6.png,REAL,AI,0
2026-08-11 13:56:18,P172,52,,occasionally,female,7.jpeg,AI,REAL,0
2026-08-11 13:56:18,P172,52,,occasionally,female,8.avif,REAL,REAL,1
2026-08-11 13:56:18,P172,52,,occasionally,female,9.png,REAL,AI,0
2026-08-11 13:56:18,P172,52,,occasionally,female,10.webp,REAL,REAL,1
2026-08-11 13:56:18,P172,52,,occasionally,female,11.jpg,AI,REAL,0
2026-08-11 13:56:18,P172,52,,occasionally,female,12.png,REAL,AI,0
2026-08-11 13:56:18,P172,52,,occasionally,female,13.jpg,REAL,AI,0
2026-08-11 13:56:18,P172,52,,occasionally,female,14.mp4,AI,REAL,0
2026-08-11 13:56:18,P172,52,,occasionally,female,15.png,REAL,AI,0
2026-08-11 13:56:18,P172,52,,occasionally,female,16.mp4,AI,REAL,0
2026-08-11 13:56:18,P172,52,,occasionally,female,17.mp4,AI,AI,1
2026-08-11 13:56:18,P172,52,,occasionally,female,18.png,REAL,AI,0
2026-08-11 13:56:18,P172,52,,occasionally,female,19.png,REAL,REAL,1
2026-08-11 13:56:18,P172,52,,occasionally,female,20.png,REAL,AI,0
2026-08-11 13:56:18,P172,52,,occasionally,female,21.webp,REAL,AI,0
2026-08-11 13:56:18,P172,52,,occasionally,female,22.webp,REAL,REAL,1
2026-08-11 13:56:18,P172,52,,occasionally,female,23.jpg,REAL,REAL,1
2026-08-11 13:56:18,P172,52,,occasionally,female,24.mp4,REAL,AI,0
2026-08-11 13:56:18,P172,52,,occasionally,female,25.mov,REAL,REAL,1
2026-08-11 13:56:18,P172,52,,occasionally,female,26.mov,REAL,AI,0
2026-08-11 13:56:18,P172,52,,occasionally,female,27.jpeg,REAL,AI,0
2026-08-11 13:56:18,P172,52,,occasionally,female,28.jpg,REAL,REAL,1
2026-08-11 13:56:18,P172,52,,occasionally,female,29.png,REAL,REAL,1
2026-08-11 13:56:18,P172,52,,occasionally,female,30.jpg,REAL,REAL,1
2026-08-11 13:56:18,P172,52,,occasionally,female,31.jpg,AI,AI,1
2026-08-11 13:56:18,P172,52,,occasionally,female,32.png,REAL,AI,0
2026-08-11 13:56:18,P172,52,,occasionally,female,33.png,REAL,REAL,1
2026-08-11 13:56:18,P172,52,,occasionally,female,34.png,REAL,REAL,1
2026-08-11 13:56:18,P172,52,,occasionally,female,35.png,REAL,AI,0
2026-08-11 13:56:18,P172,52,,occasionally,female,36.jpg,REAL,REAL,1
2026-08-11 13:56:18,P172,52,,occasionally,female,37.mp4,AI,REAL,0
2026-08-11 13:56:18,P172,52,,occasionally,female,38.mp4,REAL,AI,0
2026-08-11 14:02:58,P173,50,,daily,male,1.jpg,AI,AI,1
2026-08-11 14:02:58,P173,50,,daily,male,2.jpg,AI,REAL,0
2026-08-11 14:02:58,P173,50,,daily,male,3.jpg,REAL,REAL,1
2026-08-11 14:02:58,P173,50,,daily,male,4.mp4,REAL,AI,0
2026-08-11 14:02:58,P173,50,,daily,male,5.png,AI,AI,1
2026-08-11 14:02:58,P173,50,,daily,male,6.png,REAL,AI,0
2026-08-11 14:02:58,P173,50,,daily,male,7.jpeg,AI,REAL,0
2026-08-11 14:02:58,P173,50,,daily,male,8.avif,REAL,REAL,1
2026-08-11 14:02:58,P173,50,,daily,male,9.png,AI,AI,1
2026-08-11 14:02:58,P173,50,,daily,male,10.webp,REAL,REAL,1
2026-08-11 14:02:58,P173,50,,daily,male,11.jpg,REAL,REAL,1
2026-08-11 14:02:58,P173,50,,daily,male,12.png,REAL,AI,0
2026-08-11 14:02:58,P173,50,,daily,male,13.jpg,REAL,AI,0
2026-08-11 14:02:58,P173,50,,daily,male,14.mp4,AI,REAL,0
2026-08-11 14:02:58,P173,50,,daily,male,15.png,REAL,AI,0
2026-08-11 14:02:58,P173,50,,daily,male,16.mp4,REAL,REAL,1
2026-08-11 14:02:58,P173,50,,daily,male,17.mp4,AI,AI,1
2026-08-11 14:02:58,P173,50,,daily,male,18.png,REAL,AI,0
2026-08-11 14:02:58,P173,50,,daily,male,19.png,AI,REAL,0
2026-08-11 14:02:58,P173,50,,daily,male,20.png,REAL,AI,0
2026-08-11 14:02:58,P173,50,,daily,male,21.webp,AI,AI,1
2026-08-11 14:02:58,P173,50,,daily,male,22.webp,AI,REAL,0
2026-08-11 14:02:58,P173,50,,daily,male,23.jpg,REAL,REAL,1
2026-08-11 14:02:58,P173,50,,daily,male,24.mp4,REAL,AI,0
2026-08-11 14:02:58,P173,50,,daily,male,25.mov,AI,REAL,0
2026-08-11 14:02:58,P173,50,,daily,male,26.mov,REAL,AI,0
2026-08-11 14:02:58,P173,50,,daily,male,27.jpeg,REAL,AI,0
2026-08-11 14:02:58,P173,50,,daily,male,28.jpg,AI,REAL,0
2026-08-11 14:02:58,P173,50,,daily,male,29.png,REAL,REAL,1
2026-08-11 14:02:58,P173,50,,daily,male,30.jpg,AI,REAL,0
2026-08-11 14:02:58,P173,50,,daily,male,31.jpg,REAL,AI,0
2026-08-11 14:02:58,P173,50,,daily,male,32.png,REAL,AI,0
2026-08-11 14:02:58,P173,50,,daily,male,33.png,AI,REAL,0
2026-08-11 14:02:58,P173,50,,daily,male,34.png,REAL,REAL,1
2026-08-11 14:02:58,P173,50,,daily,male,35.png,AI,AI,1
2026-08-11 14:02:58,P173,50,,daily,male,36.jpg,REAL,REAL,1
2026-08-11 14:02:58,P173,50,,daily,male,37.mp4,AI,REAL,0
2026-08-11 14:02:58,P173,50,,daily,male,38.mp4,REAL,AI,0
2026-08-11 14:41:45,P174,51,,occasionally,male,1.jpg,REAL,AI,0
2026-08-11 14:41:45,P174,51,,occasionally,male,2.jpg,REAL,REAL,1
2026-08-11 14:41:45,P174,51,,occasionally,male,3.jpg,REAL,REAL,1
2026-08-11 14:41:45,P174,51,,occasionally,male,4.mp4,AI,AI,1
2026-08-11 14:41:45,P174,51,,occasionally,male,5.png,REAL,AI,0
2026-08-11 14:41:45,P174,51,,occasionally,male,6.png,REAL,AI,0
2026-08-11 14:41:45,P174,51,,occasionally,male,7.jpeg,AI,REAL,0
2026-08-11 14:41:45,P174,51,,occasionally,male,8.avif,REAL,REAL,1
2026-08-11 14:41:45,P174,51,,occasionally,male,9.png,REAL,AI,0
2026-08-11 14:41:45,P174,51,,occasionally,male,10.webp,REAL,REAL,1
2026-08-11 14:41:45,P174,51,,occasionally,male,11.jpg,REAL,REAL,1
2026-08-11 14:41:45,P174,51,,occasionally,male,12.png,REAL,AI,0
2026-08-11 14:41:45,P174,51,,occasionally,male,13.jpg,REAL,AI,0
2026-08-11 14:41:45,P174,51,,occasionally,male,14.mp4,REAL,REAL,1
2026-08-11 14:41:45,P174,51,,occasionally,male,15.png,AI,AI,1
2026-08-11 14:41:45,P174,51,,occasionally,male,16.mp4,REAL,REAL,1
2026-08-11 14:41:45,P174,51,,occasionally,male,17.mp4,REAL,AI,0
2026-08-11 14:41:45,P174,51,,occasionally,male,18.png,AI,AI,1
2026-08-11 14:41:45,P174,51,,occasionally,male,19.png,AI,REAL,0
2026-08-11 14:41:45,P174,51,,occasionally,male,20.png,REAL,AI,0
2026-08-11 14:41:45,P174,51,,occasionally,male,21.webp,REAL,AI,0
2026-08-11 14:41:45,P174,51,,occasionally,male,22.webp,REAL,REAL,1
2026-08-11 14:41:45,P174,51,,occasionally,male,23.jpg,REAL,REAL,1
2026-08-11 14:41:45,P174,51,,occasionally,male,24.mp4,REAL,AI,0
2026-08-11 14:41:45,P174,51,,occasionally,male,25.mov,REAL,REAL,1
2026-08-11 14:41:45,P174,51,,occasionally,male,26.mov,REAL,AI,0
2026-08-11 14:41:45,P174,51,,occasionally,male,27.jpeg,REAL,AI,0
2026-08-11 14:41:45,P174,51,,occasionally,male,28.jpg,REAL,REAL,1
2026-08-11 14:41:45,P174,51,,occasionally,male,29.png,AI,REAL,0
2026-08-11 14:41:45,P174,51,,occasionally,male,30.jpg,AI,REAL,0
2026-08-11 14:41:45,P174,51,,occasionally,male,31.jpg,AI,AI,1
2026-08-11 14:41:45,P174,51,,occasionally,male,32.png,REAL,AI,0
2026-08-11 14:41:45,P174,51,,occasionally,male,33.png,REAL,REAL,1
2026-08-11 14:41:45,P174,51,,occasionally,male,34.png,REAL,REAL,1
2026-08-11 14:41:45,P174,51,,occasionally,male,35.png,REAL,AI,0
2026-08-11 14:41:45,P174,51,,occasionally,male,36.jpg,AI,REAL,0
2026-08-11 14:41:45,P174,51,,occasionally,male,37.mp4,REAL,REAL,1
2026-08-11 14:41:45,P174,51,,occasionally,male,38.mp4,REAL,AI,0
2026-08-11 14:45:43,P175,54,,frequently,male,1.jpg,AI,AI,1
2026-08-11 14:45:43,P175,54,,frequently,male,2.jpg,REAL,REAL,1
2026-08-11 14:45:43,P175,54,,frequently,male,3.jpg,REAL,REAL,1
2026-08-11 14:45:43,P175,54,,frequently,male,4.mp4,AI,AI,1
2026-08-11 14:45:43,P175,54,,frequently,male,5.png,REAL,AI,0
2026-08-11 14:45:43,P175,54,,frequently,male,6.png,AI,AI,1
2026-08-11 14:45:43,P175,54,,frequently,male,7.jpeg,REAL,REAL,1
2026-08-11 14:45:43,P175,54,,frequently,male,8.avif,AI,REAL,0
2026-08-11 14:45:43,P175,54,,frequently,male,9.png,REAL,AI,0
2026-08-11 14:45:43,P175,54,,frequently,male,10.webp,AI,REAL,0
2026-08-11 14:45:43,P175,54,,frequently,male,11.jpg,AI,REAL,0
2026-08-11 14:45:43,P175,54,,frequently,male,12.png,REAL,AI,0
2026-08-11 14:45:43,P175,54,,frequently,male,13.jpg,REAL,AI,0
2026-08-11 14:45:43,P175,54,,frequently,male,14.mp4,AI,REAL,0
2026-08-11 14:45:43,P175,54,,frequently,male,15.png,AI,AI,1
2026-08-11 14:45:43,P175,54,,frequently,male,16.mp4,AI,REAL,0
2026-08-11 14:45:43,P175,54,,frequently,male,17.mp4,AI,AI,1
2026-08-11 14:45:43,P175,54,,frequently,male,18.png,REAL,AI,0
2026-08-11 14:45:43,P175,54,,frequently,male,19.png,AI,REAL,0
2026-08-11 14:45:43,P175,54,,frequently,male,20.png,REAL,AI,0
2026-08-11 14:45:43,P175,54,,frequently,male,21.webp,REAL,AI,0
2026-08-11 14:45:43,P175,54,,frequently,male,22.webp,AI,REAL,0
2026-08-11 14:45:43,P175,54,,frequently,male,23.jpg,REAL,REAL,1
2026-08-11 14:45:43,P175,54,,frequently,male,24.mp4,AI,AI,1
2026-08-11 14:45:43,P175,54,,frequently,male,25.mov,REAL,REAL,1
2026-08-11 14:45:43,P175,54,,frequently,male,26.mov,REAL,AI,0
2026-08-11 14:45:43,P175,54,,frequently,male,27.jpeg,REAL,AI,0
2026-08-11 14:45:43,P175,54,,frequently,male,28.jpg,AI,REAL,0
2026-08-11 14:45:43,P175,54,,frequently,male,29.png,REAL,REAL,1
2026-08-11 14:45:43,P175,54,,frequently,male,30.jpg,REAL,REAL,1
2026-08-11 14:45:43,P175,54,,frequently,male,31.jpg,REAL,AI,0
2026-08-11 14:45:43,P175,54,,frequently,male,32.png,REAL,AI,0
2026-08-11 14:45:43,P175,54,,frequently,male,33.png,AI,REAL,0
2026-08-11 14:45:43,P175,54,,frequently,male,34.png,AI,REAL,0
2026-08-11 14:45:43,P175,54,,frequently,male,35.png,REAL,AI,0
2026-08-11 14:45:43,P175,54,,frequently,male,36.jpg,AI,REAL,0
2026-08-11 14:45:43,P175,54,,frequently,male,37.mp4,AI,REAL,0
2026-08-11 14:45:43,P175,54,,frequently,male,38.mp4,AI,AI,1
2026-08-11 14:50:57,P176,43,,daily,female,1.jpg,REAL,AI,0
2026-08-11 14:50:57,P176,43,,daily,female,2.jpg,REAL,REAL,1
2026-08-11 14:50:57,P176,43,,daily,female,3.jpg,REAL,REAL,1
2026-08-11 14:50:57,P176,43,,daily,female,4.mp4,AI,AI,1
2026-08-11 14:50:57,P176,43,,daily,female,5.png,REAL,AI,0
2026-08-11 14:50:57,P176,43,,daily,female,6.png,AI,AI,1
2026-08-11 14:50:57,P176,43,,daily,female,7.jpeg,AI,REAL,0
2026-08-11 14:50:57,P176,43,,daily,female,8.avif,REAL,REAL,1
2026-08-11 14:50:57,P176,43,,daily,female,9.png,REAL,AI,0
2026-08-11 14:50:57,P176,43,,daily,female,10.webp,AI,REAL,0
2026-08-11 14:50:57,P176,43,,daily,female,11.jpg,REAL,REAL,1
2026-08-11 14:50:57,P176,43,,daily,female,12.png,REAL,AI,0
2026-08-11 14:50:57,P176,43,,daily,female,13.jpg,AI,AI,1
2026-08-11 14:50:57,P176,43,,daily,female,14.mp4,AI,REAL,0
2026-08-11 14:50:57,P176,43,,daily,female,15.png,AI,AI,1
2026-08-11 14:50:57,P176,43,,daily,female,16.mp4,AI,REAL,0
2026-08-11 14:50:57,P176,43,,daily,female,17.mp4,AI,AI,1
2026-08-11 14:50:57,P176,43,,daily,female,18.png,AI,AI,1
2026-08-11 14:50:57,P176,43,,daily,female,19.png,REAL,REAL,1
2026-08-11 14:50:57,P176,43,,daily,female,20.png,REAL,AI,0
2026-08-11 14:50:57,P176,43,,daily,female,21.webp,REAL,AI,0
2026-08-11 14:50:57,P176,43,,daily,female,22.webp,REAL,REAL,1
2026-08-11 14:50:57,P176,43,,daily,female,23.jpg,REAL,REAL,1
2026-08-11 14:50:57,P176,43,,daily,female,24.mp4,REAL,AI,0
2026-08-11 14:50:57,P176,43,,daily,female,25.mov,REAL,REAL,1
2026-08-11 14:50:57,P176,43,,daily,female,26.mov,AI,AI,1
2026-08-11 14:50:57,P176,43,,daily,female,27.jpeg,REAL,AI,0
2026-08-11 14:50:57,P176,43,,daily,female,28.jpg,REAL,REAL,1
2026-08-11 14:50:57,P176,43,,daily,female,29.png,AI,REAL,0
2026-08-11 14:50:57,P176,43,,daily,female,30.jpg,AI,REAL,0
2026-08-11 14:50:57,P176,43,,daily,female,31.jpg,AI,AI,1
2026-08-11 14:50:57,P176,43,,daily,female,32.png,REAL,AI,0
2026-08-11 14:50:57,P176,43,,daily,female,33.png,AI,REAL,0
2026-08-11 14:50:57,P176,43,,daily,female,34.png,REAL,REAL,1
2026-08-11 14:50:57,P176,43,,daily,female,35.png,AI,AI,1
2026-08-11 14:50:57,P176,43,,daily,female,36.jpg,REAL,REAL,1
2026-08-11 14:50:57,P176,43,,daily,female,37.mp4,AI,REAL,0
2026-08-11 14:50:57,P176,43,,daily,female,38.mp4,REAL,AI,0
2026-08-11 15:07:55,P177,11,,frequently,prefer_not_to_say,1.jpg,REAL,AI,0
2026-08-11 15:07:55,P177,11,,frequently,prefer_not_to_say,2.jpg,AI,REAL,0
2026-08-11 15:07:55,P177,11,,frequently,prefer_not_to_say,3.jpg,REAL,REAL,1
2026-08-11 15:07:55,P177,11,,frequently,prefer_not_to_say,4.mp4,REAL,AI,0
2026-08-11 15:07:55,P177,11,,frequently,prefer_not_to_say,5.png,REAL,AI,0
2026-08-11 15:07:55,P177,11,,frequently,prefer_not_to_say,6.png,REAL,AI,0
2026-08-11 15:07:55,P177,11,,frequently,prefer_not_to_say,7.jpeg,AI,REAL,0
2026-08-11 15:07:55,P177,11,,frequently,prefer_not_to_say,8.avif,REAL,REAL,1
2026-08-11 15:07:55,P177,11,,frequently,prefer_not_to_say,9.png,REAL,AI,0
2026-08-11 15:07:55,P177,11,,frequently,prefer_not_to_say,10.webp,REAL,REAL,1
2026-08-11 15:07:55,P177,11,,frequently,prefer_not_to_say,11.jpg,AI,REAL,0
2026-08-11 15:07:55,P177,11,,frequently,prefer_not_to_say,12.png,AI,AI,1
2026-08-11 15:07:55,P177,11,,frequently,prefer_not_to_say,13.jpg,REAL,AI,0
2026-08-11 15:07:55,P177,11,,frequently,prefer_not_to_say,14.mp4,REAL,REAL,1
2026-08-11 15:07:55,P177,11,,frequently,prefer_not_to_say,15.png,AI,AI,1
2026-08-11 15:07:55,P177,11,,frequently,prefer_not_to_say,16.mp4,REAL,REAL,1
2026-08-11 15:07:55,P177,11,,frequently,prefer_not_to_say,17.mp4,AI,AI,1
2026-08-11 15:07:55,P177,11,,frequently,prefer_not_to_say,18.png,REAL,AI,0
2026-08-11 15:07:55,P177,11,,frequently,prefer_not_to_say,19.png,AI,REAL,0
2026-08-11 15:07:55,P177,11,,frequently,prefer_not_to_say,20.png,REAL,AI,0
2026-08-11 15:07:55,P177,11,,frequently,prefer_not_to_say,21.webp,REAL,AI,0
2026-08-11 15:07:55,P177,11,,frequently,prefer_not_to_say,22.webp,REAL,REAL,1
2026-08-11 15:07:55,P177,11,,frequently,prefer_not_to_say,23.jpg,REAL,REAL,1
2026-08-11 15:07:55,P177,11,,frequently,prefer_not_to_say,24.mp4,REAL,AI,0
2026-08-11 15:07:55,P177,11,,frequently,prefer_not_to_say,25.mov,AI,REAL,0
2026-08-11 15:07:55,P177,11,,frequently,prefer_not_to_say,26.mov,AI,AI,1
2026-08-11 15:07:55,P177,11,,frequently,prefer_not_to_say,27.jpeg,REAL,AI,0
2026-08-11 15:07:55,P177,11,,frequently,prefer_not_to_say,28.jpg,REAL,REAL,1
2026-08-11 15:07:55,P177,11,,frequently,prefer_not_to_say,29.png,AI,REAL,0
2026-08-11 15:07:55,P177,11,,frequently,prefer_not_to_say,30.jpg,REAL,REAL,1
2026-08-11 15:07:55,P177,11,,frequently,prefer_not_to_say,31.jpg,REAL,AI,0
2026-08-11 15:07:55,P177,11,,frequently,prefer_not_to_say,32.png,REAL,AI,0
2026-08-11 15:07:55,P177,11,,frequently,prefer_not_to_say,33.png,REAL,REAL,1
2026-08-11 15:07:55,P177,11,,frequently,prefer_not_to_say,34.png,REAL,REAL,1
2026-08-11 15:07:55,P177,11,,frequently,prefer_not_to_say,35.png,REAL,AI,0
2026-08-11 15:07:55,P177,11,,frequently,prefer_not_to_say,36.jpg,REAL,REAL,1
2026-08-11 15:07:55,P177,11,,frequently,prefer_not_to_say,37.mp4,AI,REAL,0
2026-08-11 15:07:55,P177,11,,frequently,prefer_not_to_say,38.mp4,REAL,AI,0
2026-08-11 15:08:32,P178,50,,daily,female,1.jpg,REAL,AI,0
2026-08-11 15:08:32,P178,50,,daily,female,2.jpg,REAL,REAL,1
2026-08-11 15:08:32,P178,50,,daily,female,3.jpg,REAL,REAL,1
2026-08-11 15:08:32,P178,50,,daily,female,4.mp4,AI,AI,1
2026-08-11 15:08:32,P178,50,,daily,female,5.png,REAL,AI,0
2026-08-11 15:08:32,P178,50,,daily,female,6.png,REAL,AI,0
2026-08-11 15:08:32,P178,50,,daily,female,7.jpeg,AI,REAL,0
2026-08-11 15:08:32,P178,50,,daily,female,8.avif,AI,REAL,0
2026-08-11 15:08:32,P178,50,,daily,female,9.png,REAL,AI,0
2026-08-11 15:08:32,P178,50,,daily,female,10.webp,REAL,REAL,1
2026-08-11 15:08:32,P178,50,,daily,female,11.jpg,AI,REAL,0
2026-08-11 15:08:32,P178,50,,daily,female,12.png,REAL,AI,0
2026-08-11 15:08:32,P178,50,,daily,female,13.jpg,REAL,AI,0
2026-08-11 15:08:32,P178,50,,daily,female,14.mp4,AI,REAL,0
2026-08-11 15:08:32,P178,50,,daily,female,15.png,AI,AI,1
2026-08-11 15:08:32,P178,50,,daily,female,16.mp4,REAL,REAL,1
2026-08-11 15:08:32,P178,50,,daily,female,17.mp4,REAL,AI,0
2026-08-11 15:08:32,P178,50,,daily,female,18.png,AI,AI,1
2026-08-11 15:08:32,P178,50,,daily,female,19.png,AI,REAL,0
2026-08-11 15:08:32,P178,50,,daily,female,20.png,REAL,AI,0
2026-08-11 15:08:32,P178,50,,daily,female,21.webp,REAL,AI,0
2026-08-11 15:08:32,P178,50,,daily,female,22.webp,REAL,REAL,1
2026-08-11 15:08:32,P178,50,,daily,female,23.jpg,REAL,REAL,1
2026-08-11 15:08:32,P178,50,,daily,female,24.mp4,REAL,AI,0
2026-08-11 15:08:32,P178,50,,daily,female,25.mov,REAL,REAL,1
2026-08-11 15:08:32,P178,50,,daily,female,26.mov,REAL,AI,0
2026-08-11 15:08:32,P178,50,,daily,female,27.jpeg,REAL,AI,0
2026-08-11 15:08:32,P178,50,,daily,female,28.jpg,REAL,REAL,1
2026-08-11 15:08:32,P178,50,,daily,female,29.png,AI,REAL,0
2026-08-11 15:08:32,P178,50,,daily,female,30.jpg,AI,REAL,0
2026-08-11 15:08:32,P178,50,,daily,female,31.jpg,AI,AI,1
2026-08-11 15:08:32,P178,50,,daily,female,32.png,AI,AI,1
2026-08-11 15:08:32,P178,50,,daily,female,33.png,REAL,REAL,1
2026-08-11 15:08:32,P178,50,,daily,female,34.png,REAL,REAL,1
2026-08-11 15:08:32,P178,50,,daily,female,35.png,AI,AI,1
2026-08-11 15:08:32,P178,50,,daily,female,36.jpg,REAL,REAL,1
2026-08-11 15:08:32,P178,50,,daily,female,37.mp4,AI,REAL,0
2026-08-11 15:08:32,P178,50,,daily,female,38.mp4,REAL,AI,0
2026-08-11 15:09:58,P179,16,,daily,female,1.jpg,AI,AI,1
2026-08-11 15:09:58,P179,16,,daily,female,2.jpg,REAL,REAL,1
2026-08-11 15:09:58,P179,16,,daily,female,3.jpg,REAL,REAL,1
2026-08-11 15:09:58,P179,16,,daily,female,4.mp4,AI,AI,1
2026-08-11 15:09:58,P179,16,,daily,female,5.png,AI,AI,1
2026-08-11 15:09:58,P179,16,,daily,female,6.png,REAL,AI,0
2026-08-11 15:09:58,P179,16,,daily,female,7.jpeg,AI,REAL,0
2026-08-11 15:09:58,P179,16,,daily,female,8.avif,REAL,REAL,1
2026-08-11 15:09:58,P179,16,,daily,female,9.png,AI,AI,1
2026-08-11 15:09:58,P179,16,,daily,female,10.webp,AI,REAL,0
2026-08-11 15:09:58,P179,16,,daily,female,11.jpg,REAL,REAL,1
2026-08-11 15:09:58,P179,16,,daily,female,12.png,REAL,AI,0
2026-08-11 15:09:58,P179,16,,daily,female,13.jpg,REAL,AI,0
2026-08-11 15:09:58,P179,16,,daily,female,14.mp4,AI,REAL,0
2026-08-11 15:09:58,P179,16,,daily,female,15.png,AI,AI,1
2026-08-11 15:09:58,P179,16,,daily,female,16.mp4,AI,REAL,0
2026-08-11 15:09:58,P179,16,,daily,female,17.mp4,AI,AI,1
2026-08-11 15:09:58,P179,16,,daily,female,18.png,REAL,AI,0
2026-08-11 15:09:58,P179,16,,daily,female,19.png,REAL,REAL,1
2026-08-11 15:09:58,P179,16,,daily,female,20.png,REAL,AI,0
2026-08-11 15:09:58,P179,16,,daily,female,21.webp,AI,AI,1
2026-08-11 15:09:58,P179,16,,daily,female,22.webp,AI,REAL,0
2026-08-11 15:09:58,P179,16,,daily,female,23.jpg,REAL,REAL,1
2026-08-11 15:09:58,P179,16,,daily,female,24.mp4,AI,AI,1
2026-08-11 15:09:58,P179,16,,daily,female,25.mov,REAL,REAL,1
2026-08-11 15:09:58,P179,16,,daily,female,26.mov,AI,AI,1
2026-08-11 15:09:58,P179,16,,daily,female,27.jpeg,AI,AI,1
2026-08-11 15:09:58,P179,16,,daily,female,28.jpg,AI,REAL,0
2026-08-11 15:09:58,P179,16,,daily,female,29.png,REAL,REAL,1
2026-08-11 15:09:58,P179,16,,daily,female,30.jpg,REAL,REAL,1
2026-08-11 15:09:58,P179,16,,daily,female,31.jpg,AI,AI,1
2026-08-11 15:09:58,P179,16,,daily,female,32.png,AI,AI,1
2026-08-11 15:09:58,P179,16,,daily,female,33.png,REAL,REAL,1
2026-08-11 15:09:58,P179,16,,daily,female,34.png,AI,REAL,0
2026-08-11 15:09:58,P179,16,,daily,female,35.png,REAL,AI,0
2026-08-11 15:09:58,P179,16,,daily,female,36.jpg,REAL,REAL,1
2026-08-11 15:09:58,P179,16,,daily,female,37.mp4,AI,REAL,0
2026-08-11 15:09:58,P179,16,,daily,female,38.mp4,AI,AI,1
2026-08-11 15:11:34,P180,15,,daily,female,1.jpg,AI,AI,1
2026-08-11 15:11:34,P180,15,,daily,female,2.jpg,REAL,REAL,1
2026-08-11 15:11:34,P180,15,,daily,female,3.jpg,REAL,REAL,1
2026-08-11 15:11:34,P180,15,,daily,female,4.mp4,AI,AI,1
2026-08-11 15:11:34,P180,15,,daily,female,5.png,REAL,AI,0
2026-08-11 15:11:34,P180,15,,daily,female,6.png,REAL,AI,0
2026-08-11 15:11:34,P180,15,,daily,female,7.jpeg,REAL,REAL,1
2026-08-11 15:11:34,P180,15,,daily,female,8.avif,AI,REAL,0
2026-08-11 15:11:34,P180,15,,daily,female,9.png,REAL,AI,0
2026-08-11 15:11:34,P180,15,,daily,female,10.webp,REAL,REAL,1
2026-08-11 15:11:34,P180,15,,daily,female,11.jpg,REAL,REAL,1
2026-08-11 15:11:34,P180,15,,daily,female,12.png,REAL,AI,0
2026-08-11 15:11:34,P180,15,,daily,female,13.jpg,REAL,AI,0
2026-08-11 15:11:34,P180,15,,daily,female,14.mp4,REAL,REAL,1
2026-08-11 15:11:34,P180,15,,daily,female,15.png,REAL,AI,0
2026-08-11 15:11:34,P180,15,,daily,female,16.mp4,REAL,REAL,1
2026-08-11 15:11:34,P180,15,,daily,female,17.mp4,REAL,AI,0
2026-08-11 15:11:34,P180,15,,daily,female,18.png,REAL,AI,0
2026-08-11 15:11:34,P180,15,,daily,female,19.png,REAL,REAL,1
2026-08-11 15:11:34,P180,15,,daily,female,20.png,REAL,AI,0
2026-08-11 15:11:34,P180,15,,daily,female,21.webp,REAL,AI,0
2026-08-11 15:11:34,P180,15,,daily,female,22.webp,REAL,REAL,1
2026-08-11 15:11:34,P180,15,,daily,female,23.jpg,REAL,REAL,1
2026-08-11 15:11:34,P180,15,,daily,female,24.mp4,AI,AI,1
2026-08-11 15:11:34,P180,15,,daily,female,25.mov,REAL,REAL,1
2026-08-11 15:11:34,P180,15,,daily,female,26.mov,AI,AI,1
2026-08-11 15:11:34,P180,15,,daily,female,27.jpeg,REAL,AI,0
2026-08-11 15:11:34,P180,15,,daily,female,28.jpg,REAL,REAL,1
2026-08-11 15:11:34,P180,15,,daily,female,29.png,AI,REAL,0
2026-08-11 15:11:34,P180,15,,daily,female,30.jpg,REAL,REAL,1
2026-08-11 15:11:34,P180,15,,daily,female,31.jpg,AI,AI,1
2026-08-11 15:11:34,P180,15,,daily,female,32.png,REAL,AI,0
2026-08-11 15:11:34,P180,15,,daily,female,33.png,REAL,REAL,1
2026-08-11 15:11:34,P180,15,,daily,female,34.png,REAL,REAL,1
2026-08-11 15:11:34,P180,15,,daily,female,35.png,REAL,AI,0
2026-08-11 15:11:34,P180,15,,daily,female,36.jpg,REAL,REAL,1
2026-08-11 15:11:34,P180,15,,daily,female,37.mp4,REAL,REAL,1
2026-08-11 15:11:34,P180,15,,daily,female,38.mp4,REAL,AI,0
2026-08-11 15:19:35,P181,70,,never,female,1.jpg,AI,AI,1
2026-08-11 15:19:35,P181,70,,never,female,2.jpg,AI,REAL,0
2026-08-11 15:19:35,P181,70,,never,female,3.jpg,REAL,REAL,1
2026-08-11 15:19:35,P181,70,,never,female,4.mp4,AI,AI,1
2026-08-11 15:19:35,P181,70,,never,female,5.png,REAL,AI,0
2026-08-11 15:19:35,P181,70,,never,female,6.png,AI,AI,1
2026-08-11 15:19:35,P181,70,,never,female,7.jpeg,AI,REAL,0
2026-08-11 15:19:35,P181,70,,never,female,8.avif,REAL,REAL,1
2026-08-11 15:19:35,P181,70,,never,female,9.png,REAL,AI,0
2026-08-11 15:19:35,P181,70,,never,female,10.webp,REAL,REAL,1
2026-08-11 15:19:35,P181,70,,never,female,11.jpg,AI,REAL,0
2026-08-11 15:19:35,P181,70,,never,female,12.png,AI,AI,1
2026-08-11 15:19:35,P181,70,,never,female,13.jpg,AI,AI,1
2026-08-11 15:19:35,P181,70,,never,female,14.mp4,AI,REAL,0
2026-08-11 15:19:35,P181,70,,never,female,15.png,AI,AI,1
2026-08-11 15:19:35,P181,70,,never,female,16.mp4,AI,REAL,0
2026-08-11 15:19:35,P181,70,,never,female,17.mp4,REAL,AI,0
2026-08-11 15:19:35,P181,70,,never,female,18.png,REAL,AI,0
2026-08-11 15:19:35,P181,70,,never,female,19.png,REAL,REAL,1
2026-08-11 15:19:35,P181,70,,never,female,20.png,REAL,AI,0
2026-08-11 15:19:35,P181,70,,never,female,21.webp,REAL,AI,0
2026-08-11 15:19:35,P181,70,,never,female,22.webp,AI,REAL,0
2026-08-11 15:19:35,P181,70,,never,female,23.jpg,AI,REAL,0
2026-08-11 15:19:35,P181,70,,never,female,24.mp4,AI,AI,1
2026-08-11 15:19:35,P181,70,,never,female,25.mov,AI,REAL,0
2026-08-11 15:19:35,P181,70,,never,female,26.mov,REAL,AI,0
2026-08-11 15:19:35,P181,70,,never,female,27.jpeg,AI,AI,1
2026-08-11 15:19:35,P181,70,,never,female,28.jpg,REAL,REAL,1
2026-08-11 15:19:35,P181,70,,never,female,29.png,REAL,REAL,1
2026-08-11 15:19:35,P181,70,,never,female,30.jpg,AI,REAL,0
2026-08-11 15:19:35,P181,70,,never,female,31.jpg,AI,AI,1
2026-08-11 15:19:35,P181,70,,never,female,32.png,AI,AI,1
2026-08-11 15:19:35,P181,70,,never,female,33.png,REAL,REAL,1
2026-08-11 15:19:35,P181,70,,never,female,34.png,AI,REAL,0
2026-08-11 15:19:35,P181,70,,never,female,35.png,AI,AI,1
2026-08-11 15:19:35,P181,70,,never,female,36.jpg,REAL,REAL,1
2026-08-11 15:19:35,P181,70,,never,female,37.mp4,AI,REAL,0
2026-08-11 15:19:35,P181,70,,never,female,38.mp4,AI,AI,1
2026-08-11 15:21:00,P182,78,,frequently,female,1.jpg,REAL,AI,0
2026-08-11 15:21:00,P182,78,,frequently,female,2.jpg,REAL,REAL,1
2026-08-11 15:21:00,P182,78,,frequently,female,3.jpg,REAL,REAL,1
2026-08-11 15:21:00,P182,78,,frequently,female,4.mp4,AI,AI,1
2026-08-11 15:21:00,P182,78,,frequently,female,5.png,REAL,AI,0
2026-08-11 15:21:00,P182,78,,frequently,female,6.png,AI,AI,1
2026-08-11 15:21:00,P182,78,,frequently,female,7.jpeg,AI,REAL,0
2026-08-11 15:21:00,P182,78,,frequently,female,8.avif,REAL,REAL,1
2026-08-11 15:21:00,P182,78,,frequently,female,9.png,AI,AI,1
2026-08-11 15:21:00,P182,78,,frequently,female,10.webp,REAL,REAL,1
2026-08-11 15:21:00,P182,78,,frequently,female,11.jpg,AI,REAL,0
2026-08-11 15:21:00,P182,78,,frequently,female,12.png,AI,AI,1
2026-08-11 15:21:00,P182,78,,frequently,female,13.jpg,AI,AI,1
2026-08-11 15:21:00,P182,78,,frequently,female,14.mp4,AI,REAL,0
2026-08-11 15:21:00,P182,78,,frequently,female,15.png,AI,AI,1
2026-08-11 15:21:00,P182,78,,frequently,female,16.mp4,REAL,REAL,1
2026-08-11 15:21:00,P182,78,,frequently,female,17.mp4,AI,AI,1
2026-08-11 15:21:00,P182,78,,frequently,female,18.png,REAL,AI,0
2026-08-11 15:21:00,P182,78,,frequently,female,19.png,AI,REAL,0
2026-08-11 15:21:00,P182,78,,frequently,female,20.png,AI,AI,1
2026-08-11 15:21:00,P182,78,,frequently,female,21.webp,REAL,AI,0
2026-08-11 15:21:00,P182,78,,frequently,female,22.webp,AI,REAL,0
2026-08-11 15:21:00,P182,78,,frequently,female,23.jpg,REAL,REAL,1
2026-08-11 15:21:00,P182,78,,frequently,female,24.mp4,REAL,AI,0
2026-08-11 15:21:00,P182,78,,frequently,female,25.mov,REAL,REAL,1
2026-08-11 15:21:00,P182,78,,frequently,female,26.mov,AI,AI,1
2026-08-11 15:21:00,P182,78,,frequently,female,27.jpeg,REAL,AI,0
2026-08-11 15:21:00,P182,78,,frequently,female,28.jpg,REAL,REAL,1
2026-08-11 15:21:00,P182,78,,frequently,female,29.png,AI,REAL,0
2026-08-11 15:21:00,P182,78,,frequently,female,30.jpg,AI,REAL,0
2026-08-11 15:21:00,P182,78,,frequently,female,31.jpg,AI,AI,1
2026-08-11 15:21:00,P182,78,,frequently,female,32.png,REAL,AI,0
2026-08-11 15:21:00,P182,78,,frequently,female,33.png,REAL,REAL,1
2026-08-11 15:21:00,P182,78,,frequently,female,34.png,REAL,REAL,1
2026-08-11 15:21:00,P182,78,,frequently,female,35.png,REAL,AI,0
2026-08-11 15:21:00,P182,78,,frequently,female,36.jpg,REAL,REAL,1
2026-08-11 15:21:00,P182,78,,frequently,female,37.mp4,AI,REAL,0
2026-08-11 15:21:00,P182,78,,frequently,female,38.mp4,REAL,AI,0
2026-08-11 15:23:18,P183,43,,frequently,female,1.jpg,AI,AI,1
2026-08-11 15:23:18,P183,43,,frequently,female,2.jpg,REAL,REAL,1
2026-08-11 15:23:18,P183,43,,frequently,female,3.jpg,AI,REAL,0
2026-08-11 15:23:18,P183,43,,frequently,female,4.mp4,AI,AI,1
2026-08-11 15:23:18,P183,43,,frequently,female,5.png,REAL,AI,0
2026-08-11 15:23:18,P183,43,,frequently,female,6.png,AI,AI,1
2026-08-11 15:23:18,P183,43,,frequently,female,7.jpeg,AI,REAL,0
2026-08-11 15:23:18,P183,43,,frequently,female,8.avif,AI,REAL,0
2026-08-11 15:23:18,P183,43,,frequently,female,9.png,REAL,AI,0
2026-08-11 15:23:18,P183,43,,frequently,female,10.webp,AI,REAL,0
2026-08-11 15:23:18,P183,43,,frequently,female,11.jpg,AI,REAL,0
2026-08-11 15:23:18,P183,43,,frequently,female,12.png,AI,AI,1
2026-08-11 15:23:18,P183,43,,frequently,female,13.jpg,REAL,AI,0
2026-08-11 15:23:18,P183,43,,frequently,female,14.mp4,AI,REAL,0
2026-08-11 15:23:18,P183,43,,frequently,female,15.png,AI,AI,1
2026-08-11 15:23:18,P183,43,,frequently,female,16.mp4,REAL,REAL,1
2026-08-11 15:23:18,P183,43,,frequently,female,17.mp4,AI,AI,1
2026-08-11 15:23:18,P183,43,,frequently,female,18.png,AI,AI,1
2026-08-11 15:23:18,P183,43,,frequently,female,19.png,AI,REAL,0
2026-08-11 15:23:18,P183,43,,frequently,female,20.png,REAL,AI,0
2026-08-11 15:23:18,P183,43,,frequently,female,21.webp,AI,AI,1
2026-08-11 15:23:18,P183,43,,frequently,female,22.webp,REAL,REAL,1
2026-08-11 15:23:18,P183,43,,frequently,female,23.jpg,AI,REAL,0
2026-08-11 15:23:18,P183,43,,frequently,female,24.mp4,AI,AI,1
2026-08-11 15:23:18,P183,43,,frequently,female,25.mov,AI,REAL,0
2026-08-11 15:23:18,P183,43,,frequently,female,26.mov,REAL,AI,0
2026-08-11 15:23:18,P183,43,,frequently,female,27.jpeg,REAL,AI,0
2026-08-11 15:23:18,P183,43,,frequently,female,28.jpg,REAL,REAL,1
2026-08-11 15:23:18,P183,43,,frequently,female,29.png,REAL,REAL,1
2026-08-11 15:23:18,P183,43,,frequently,female,30.jpg,REAL,REAL,1
2026-08-11 15:23:18,P183,43,,frequently,female,31.jpg,AI,AI,1
2026-08-11 15:23:18,P183,43,,frequently,female,32.png,AI,AI,1
2026-08-11 15:23:18,P183,43,,frequently,female,33.png,REAL,REAL,1
2026-08-11 15:23:18,P183,43,,frequently,female,34.png,REAL,REAL,1
2026-08-11 15:23:18,P183,43,,frequently,female,35.png,AI,AI,1
2026-08-11 15:23:18,P183,43,,frequently,female,36.jpg,AI,REAL,0
2026-08-11 15:23:18,P183,43,,frequently,female,37.mp4,AI,REAL,0
2026-08-11 15:23:18,P183,43,,frequently,female,38.mp4,AI,AI,1
2026-08-11 15:26:55,P184,49,,frequently,female,1.jpg,AI,AI,1
2026-08-11 15:26:55,P184,49,,frequently,female,2.jpg,AI,REAL,0
2026-08-11 15:26:55,P184,49,,frequently,female,3.jpg,AI,REAL,0
2026-08-11 15:26:55,P184,49,,frequently,female,4.mp4,REAL,AI,0
2026-08-11 15:26:55,P184,49,,frequently,female,5.png,REAL,AI,0
2026-08-11 15:26:55,P184,49,,frequently,female,6.png,REAL,AI,0
2026-08-11 15:26:55,P184,49,,frequently,female,7.jpeg,AI,REAL,0
2026-08-11 15:26:55,P184,49,,frequently,female,8.avif,REAL,REAL,1
2026-08-11 15:26:55,P184,49,,frequently,female,9.png,REAL,AI,0
2026-08-11 15:26:55,P184,49,,frequently,female,10.webp,REAL,REAL,1
2026-08-11 15:26:55,P184,49,,frequently,female,11.jpg,AI,REAL,0
2026-08-11 15:26:55,P184,49,,frequently,female,12.png,REAL,AI,0
2026-08-11 15:26:55,P184,49,,frequently,female,13.jpg,REAL,AI,0
2026-08-11 15:26:55,P184,49,,frequently,female,14.mp4,AI,REAL,0
2026-08-11 15:26:55,P184,49,,frequently,female,15.png,AI,AI,1
2026-08-11 15:26:55,P184,49,,frequently,female,16.mp4,REAL,REAL,1
2026-08-11 15:26:55,P184,49,,frequently,female,17.mp4,REAL,AI,0
2026-08-11 15:26:55,P184,49,,frequently,female,18.png,AI,AI,1
2026-08-11 15:26:55,P184,49,,frequently,female,19.png,AI,REAL,0
2026-08-11 15:26:55,P184,49,,frequently,female,20.png,REAL,AI,0
2026-08-11 15:26:55,P184,49,,frequently,female,21.webp,REAL,AI,0
2026-08-11 15:26:55,P184,49,,frequently,female,22.webp,AI,REAL,0
2026-08-11 15:26:55,P184,49,,frequently,female,23.jpg,REAL,REAL,1
2026-08-11 15:26:55,P184,49,,frequently,female,24.mp4,AI,AI,1
2026-08-11 15:26:55,P184,49,,frequently,female,25.mov,REAL,REAL,1
2026-08-11 15:26:55,P184,49,,frequently,female,26.mov,AI,AI,1
2026-08-11 15:26:55,P184,49,,frequently,female,27.jpeg,REAL,AI,0
2026-08-11 15:26:55,P184,49,,frequently,female,28.jpg,REAL,REAL,1
2026-08-11 15:26:55,P184,49,,frequently,female,29.png,REAL,REAL,1
2026-08-11 15:26:55,P184,49,,frequently,female,30.jpg,REAL,REAL,1
2026-08-11 15:26:55,P184,49,,frequently,female,31.jpg,AI,AI,1
2026-08-11 15:26:55,P184,49,,frequently,female,32.png,REAL,AI,0
2026-08-11 15:26:55,P184,49,,frequently,female,33.png,REAL,REAL,1
2026-08-11 15:26:55,P184,49,,frequently,female,34.png,REAL,REAL,1
2026-08-11 15:26:55,P184,49,,frequently,female,35.png,REAL,AI,0
2026-08-11 15:26:55,P184,49,,frequently,female,36.jpg,REAL,REAL,1
2026-08-11 15:26:55,P184,49,,frequently,female,37.mp4,REAL,REAL,1
2026-08-11 15:26:55,P184,49,,frequently,female,38.mp4,REAL,AI,0
2026-08-11 15:27:13,P185,48,,daily,female,1.jpg,REAL,AI,0
2026-08-11 15:27:13,P185,48,,daily,female,2.jpg,REAL,REAL,1
2026-08-11 15:27:13,P185,48,,daily,female,3.jpg,REAL,REAL,1
2026-08-11 15:27:13,P185,48,,daily,female,4.mp4,AI,AI,1
2026-08-11 15:27:13,P185,48,,daily,female,5.png,REAL,AI,0
2026-08-11 15:27:13,P185,48,,daily,female,6.png,REAL,AI,0
2026-08-11 15:27:13,P185,48,,daily,female,7.jpeg,AI,REAL,0
2026-08-11 15:27:13,P185,48,,daily,female,8.avif,REAL,REAL,1
2026-08-11 15:27:13,P185,48,,daily,female,9.png,REAL,AI,0
2026-08-11 15:27:13,P185,48,,daily,female,10.webp,REAL,REAL,1
2026-08-11 15:27:13,P185,48,,daily,female,11.jpg,REAL,REAL,1
2026-08-11 15:27:13,P185,48,,daily,female,12.png,REAL,AI,0
2026-08-11 15:27:13,P185,48,,daily,female,13.jpg,REAL,AI,0
2026-08-11 15:27:13,P185,48,,daily,female,14.mp4,AI,REAL,0
2026-08-11 15:27:13,P185,48,,daily,female,15.png,AI,AI,1
2026-08-11 15:27:13,P185,48,,daily,female,16.mp4,AI,REAL,0
2026-08-11 15:27:13,P185,48,,daily,female,17.mp4,AI,AI,1
2026-08-11 15:27:13,P185,48,,daily,female,18.png,REAL,AI,0
2026-08-11 15:27:13,P185,48,,daily,female,19.png,AI,REAL,0
2026-08-11 15:27:13,P185,48,,daily,female,20.png,REAL,AI,0
2026-08-11 15:27:13,P185,48,,daily,female,21.webp,REAL,AI,0
2026-08-11 15:27:13,P185,48,,daily,female,22.webp,AI,REAL,0
2026-08-11 15:27:13,P185,48,,daily,female,23.jpg,REAL,REAL,1
2026-08-11 15:27:13,P185,48,,daily,female,24.mp4,AI,AI,1
2026-08-11 15:27:13,P185,48,,daily,female,25.mov,REAL,REAL,1
2026-08-11 15:27:13,P185,48,,daily,female,26.mov,REAL,AI,0
2026-08-11 15:27:13,P185,48,,daily,female,27.jpeg,REAL,AI,0
2026-08-11 15:27:13,P185,48,,daily,female,28.jpg,REAL,REAL,1
2026-08-11 15:27:13,P185,48,,daily,female,29.png,REAL,REAL,1
2026-08-11 15:27:13,P185,48,,daily,female,30.jpg,REAL,REAL,1
2026-08-11 15:27:13,P185,48,,daily,female,31.jpg,AI,AI,1
2026-08-11 15:27:13,P185,48,,daily,female,32.png,REAL,AI,0
2026-08-11 15:27:13,P185,48,,daily,female,33.png,REAL,REAL,1
2026-08-11 15:27:13,P185,48,,daily,female,34.png,REAL,REAL,1
2026-08-11 15:27:13,P185,48,,daily,female,35.png,REAL,AI,0
2026-08-11 15:27:13,P185,48,,daily,female,36.jpg,REAL,REAL,1
2026-08-11 15:27:13,P185,48,,daily,female,37.mp4,AI,REAL,0
2026-08-11 15:27:13,P185,48,,daily,female,38.mp4,REAL,AI,0
2026-08-11 15:28:29,P186,73,,frequently,male,1.jpg,REAL,AI,0
2026-08-11 15:28:29,P186,73,,frequently,male,2.jpg,AI,REAL,0
2026-08-11 15:28:29,P186,73,,frequently,male,3.jpg,AI,REAL,0
2026-08-11 15:28:29,P186,73,,frequently,male,4.mp4,REAL,AI,0
2026-08-11 15:28:29,P186,73,,frequently,male,5.png,AI,AI,1
2026-08-11 15:28:29,P186,73,,frequently,male,6.png,REAL,AI,0
2026-08-11 15:28:29,P186,73,,frequently,male,7.jpeg,AI,REAL,0
2026-08-11 15:28:29,P186,73,,frequently,male,8.avif,REAL,REAL,1
2026-08-11 15:28:29,P186,73,,frequently,male,9.png,AI,AI,1
2026-08-11 15:28:29,P186,73,,frequently,male,10.webp,REAL,REAL,1
2026-08-11 15:28:29,P186,73,,frequently,male,11.jpg,AI,REAL,0
2026-08-11 15:28:29,P186,73,,frequently,male,12.png,AI,AI,1
2026-08-11 15:28:29,P186,73,,frequently,male,13.jpg,REAL,AI,0
2026-08-11 15:28:29,P186,73,,frequently,male,14.mp4,REAL,REAL,1
2026-08-11 15:28:29,P186,73,,frequently,male,15.png,AI,AI,1
2026-08-11 15:28:29,P186,73,,frequently,male,16.mp4,REAL,REAL,1
2026-08-11 15:28:29,P186,73,,frequently,male,17.mp4,AI,AI,1
2026-08-11 15:28:29,P186,73,,frequently,male,18.png,AI,AI,1
2026-08-11 15:28:29,P186,73,,frequently,male,19.png,AI,REAL,0
2026-08-11 15:28:29,P186,73,,frequently,male,20.png,AI,AI,1
2026-08-11 15:28:29,P186,73,,frequently,male,21.webp,REAL,AI,0
2026-08-11 15:28:29,P186,73,,frequently,male,22.webp,AI,REAL,0
2026-08-11 15:28:29,P186,73,,frequently,male,23.jpg,AI,REAL,0
2026-08-11 15:28:29,P186,73,,frequently,male,24.mp4,REAL,AI,0
2026-08-11 15:28:29,P186,73,,frequently,male,25.mov,REAL,REAL,1
2026-08-11 15:28:29,P186,73,,frequently,male,26.mov,AI,AI,1
2026-08-11 15:28:29,P186,73,,frequently,male,27.jpeg,REAL,AI,0
2026-08-11 15:28:29,P186,73,,frequently,male,28.jpg,REAL,REAL,1
2026-08-11 15:28:29,P186,73,,frequently,male,29.png,AI,REAL,0
2026-08-11 15:28:29,P186,73,,frequently,male,30.jpg,AI,REAL,0
2026-08-11 15:28:29,P186,73,,frequently,male,31.jpg,AI,AI,1
2026-08-11 15:28:29,P186,73,,frequently,male,32.png,REAL,AI,0
2026-08-11 15:28:29,P186,73,,frequently,male,33.png,AI,REAL,0
2026-08-11 15:28:29,P186,73,,frequently,male,34.png,REAL,REAL,1
2026-08-11 15:28:29,P186,73,,frequently,male,35.png,REAL,AI,0
2026-08-11 15:28:29,P186,73,,frequently,male,36.jpg,AI,REAL,0
2026-08-11 15:28:29,P186,73,,frequently,male,37.mp4,AI,REAL,0
2026-08-11 15:28:29,P186,73,,frequently,male,38.mp4,REAL,AI,0
2026-08-11 15:31:37,P187,13,,daily,male,1.jpg,REAL,AI,0
2026-08-11 15:31:37,P187,13,,daily,male,2.jpg,REAL,REAL,1
2026-08-11 15:31:37,P187,13,,daily,male,3.jpg,AI,REAL,0
2026-08-11 15:31:37,P187,13,,daily,male,4.mp4,AI,AI,1
2026-08-11 15:31:37,P187,13,,daily,male,5.png,AI,AI,1
2026-08-11 15:31:37,P187,13,,daily,male,6.png,AI,AI,1
2026-08-11 15:31:37,P187,13,,daily,male,7.jpeg,AI,REAL,0
2026-08-11 15:31:37,P187,13,,daily,male,8.avif,AI,REAL,0
2026-08-11 15:31:37,P187,13,,daily,male,9.png,REAL,AI,0
2026-08-11 15:31:37,P187,13,,daily,male,10.webp,REAL,REAL,1
2026-08-11 15:31:37,P187,13,,daily,male,11.jpg,REAL,REAL,1
2026-08-11 15:31:37,P187,13,,daily,male,12.png,REAL,AI,0
2026-08-11 15:31:37,P187,13,,daily,male,13.jpg,REAL,AI,0
2026-08-11 15:31:37,P187,13,,daily,male,14.mp4,AI,REAL,0
2026-08-11 15:31:37,P187,13,,daily,male,15.png,AI,AI,1
2026-08-11 15:31:37,P187,13,,daily,male,16.mp4,AI,REAL,0
2026-08-11 15:31:37,P187,13,,daily,male,17.mp4,AI,AI,1
2026-08-11 15:31:37,P187,13,,daily,male,18.png,AI,AI,1
2026-08-11 15:31:37,P187,13,,daily,male,19.png,AI,REAL,0
2026-08-11 15:31:37,P187,13,,daily,male,20.png,REAL,AI,0
2026-08-11 15:31:37,P187,13,,daily,male,21.webp,REAL,AI,0
2026-08-11 15:31:37,P187,13,,daily,male,22.webp,REAL,REAL,1
2026-08-11 15:31:37,P187,13,,daily,male,23.jpg,REAL,REAL,1
2026-08-11 15:31:37,P187,13,,daily,male,24.mp4,AI,AI,1
2026-08-11 15:31:37,P187,13,,daily,male,25.mov,REAL,REAL,1
2026-08-11 15:31:37,P187,13,,daily,male,26.mov,AI,AI,1
2026-08-11 15:31:37,P187,13,,daily,male,27.jpeg,REAL,AI,0
2026-08-11 15:31:37,P187,13,,daily,male,28.jpg,REAL,REAL,1
2026-08-11 15:31:37,P187,13,,daily,male,29.png,REAL,REAL,1
2026-08-11 15:31:37,P187,13,,daily,male,30.jpg,AI,REAL,0
2026-08-11 15:31:37,P187,13,,daily,male,31.jpg,AI,AI,1
2026-08-11 15:31:37,P187,13,,daily,male,32.png,REAL,AI,0
2026-08-11 15:31:37,P187,13,,daily,male,33.png,AI,REAL,0
2026-08-11 15:31:37,P187,13,,daily,male,34.png,AI,REAL,0
2026-08-11 15:31:37,P187,13,,daily,male,35.png,REAL,AI,0
2026-08-11 15:31:37,P187,13,,daily,male,36.jpg,REAL,REAL,1
2026-08-11 15:31:37,P187,13,,daily,male,37.mp4,AI,REAL,0
2026-08-11 15:31:37,P187,13,,daily,male,38.mp4,AI,AI,1
2026-08-11 15:31:42,P188,65,,never,prefer_not_to_say,1.jpg,REAL,AI,0
2026-08-11 15:31:42,P188,65,,never,prefer_not_to_say,2.jpg,AI,REAL,0
2026-08-11 15:31:42,P188,65,,never,prefer_not_to_say,3.jpg,REAL,REAL,1
2026-08-11 15:31:42,P188,65,,never,prefer_not_to_say,4.mp4,REAL,AI,0
2026-08-11 15:31:42,P188,65,,never,prefer_not_to_say,5.png,REAL,AI,0
2026-08-11 15:31:42,P188,65,,never,prefer_not_to_say,6.png,REAL,AI,0
2026-08-11 15:31:42,P188,65,,never,prefer_not_to_say,7.jpeg,AI,REAL,0
2026-08-11 15:31:42,P188,65,,never,prefer_not_to_say,8.avif,AI,REAL,0
2026-08-11 15:31:42,P188,65,,never,prefer_not_to_say,9.png,AI,AI,1
2026-08-11 15:31:42,P188,65,,never,prefer_not_to_say,10.webp,REAL,REAL,1
2026-08-11 15:31:42,P188,65,,never,prefer_not_to_say,11.jpg,AI,REAL,0
2026-08-11 15:31:42,P188,65,,never,prefer_not_to_say,12.png,AI,AI,1
2026-08-11 15:31:42,P188,65,,never,prefer_not_to_say,13.jpg,REAL,AI,0
2026-08-11 15:31:42,P188,65,,never,prefer_not_to_say,14.mp4,REAL,REAL,1
2026-08-11 15:31:42,P188,65,,never,prefer_not_to_say,15.png,AI,AI,1
2026-08-11 15:31:42,P188,65,,never,prefer_not_to_say,16.mp4,REAL,REAL,1
2026-08-11 15:31:42,P188,65,,never,prefer_not_to_say,17.mp4,AI,AI,1
2026-08-11 15:31:42,P188,65,,never,prefer_not_to_say,18.png,REAL,AI,0
2026-08-11 15:31:42,P188,65,,never,prefer_not_to_say,19.png,AI,REAL,0
2026-08-11 15:31:42,P188,65,,never,prefer_not_to_say,20.png,AI,AI,1
2026-08-11 15:31:42,P188,65,,never,prefer_not_to_say,21.webp,REAL,AI,0
2026-08-11 15:31:42,P188,65,,never,prefer_not_to_say,22.webp,AI,REAL,0
2026-08-11 15:31:42,P188,65,,never,prefer_not_to_say,23.jpg,AI,REAL,0
2026-08-11 15:31:42,P188,65,,never,prefer_not_to_say,24.mp4,REAL,AI,0
2026-08-11 15:31:42,P188,65,,never,prefer_not_to_say,25.mov,REAL,REAL,1
2026-08-11 15:31:42,P188,65,,never,prefer_not_to_say,26.mov,AI,AI,1
2026-08-11 15:31:42,P188,65,,never,prefer_not_to_say,27.jpeg,REAL,AI,0
2026-08-11 15:31:42,P188,65,,never,prefer_not_to_say,28.jpg,REAL,REAL,1
2026-08-11 15:31:42,P188,65,,never,prefer_not_to_say,29.png,AI,REAL,0
2026-08-11 15:31:42,P188,65,,never,prefer_not_to_say,30.jpg,REAL,REAL,1
2026-08-11 15:31:42,P188,65,,never,prefer_not_to_say,31.jpg,AI,AI,1
2026-08-11 15:31:42,P188,65,,never,prefer_not_to_say,32.png,REAL,AI,0
2026-08-11 15:31:42,P188,65,,never,prefer_not_to_say,33.png,REAL,REAL,1
2026-08-11 15:31:42,P188,65,,never,prefer_not_to_say,34.png,REAL,REAL,1
2026-08-11 15:31:42,P188,65,,never,prefer_not_to_say,35.png,REAL,AI,0
2026-08-11 15:31:42,P188,65,,never,prefer_not_to_say,36.jpg,AI,REAL,0
2026-08-11 15:31:42,P188,65,,never,prefer_not_to_say,37.mp4,AI,REAL,0
2026-08-11 15:31:42,P188,65,,never,prefer_not_to_say,38.mp4,AI,AI,1
2026-08-11 15:33:10,P189,15,,frequently,male,1.jpg,AI,AI,1
2026-08-11 15:33:10,P189,15,,frequently,male,2.jpg,REAL,REAL,1
2026-08-11 15:33:10,P189,15,,frequently,male,3.jpg,REAL,REAL,1
2026-08-11 15:33:10,P189,15,,frequently,male,4.mp4,AI,AI,1
2026-08-11 15:33:10,P189,15,,frequently,male,5.png,AI,AI,1
2026-08-11 15:33:10,P189,15,,frequently,male,6.png,REAL,AI,0
2026-08-11 15:33:10,P189,15,,frequently,male,7.jpeg,REAL,REAL,1
2026-08-11 15:33:10,P189,15,,frequently,male,8.avif,AI,REAL,0
2026-08-11 15:33:10,P189,15,,frequently,male,9.png,REAL,AI,0
2026-08-11 15:33:10,P189,15,,frequently,male,10.webp,AI,REAL,0
2026-08-11 15:33:10,P189,15,,frequently,male,11.jpg,REAL,REAL,1
2026-08-11 15:33:10,P189,15,,frequently,male,12.png,REAL,AI,0
2026-08-11 15:33:10,P189,15,,frequently,male,13.jpg,REAL,AI,0
2026-08-11 15:33:10,P189,15,,frequently,male,14.mp4,AI,REAL,0
2026-08-11 15:33:10,P189,15,,frequently,male,15.png,AI,AI,1
2026-08-11 15:33:10,P189,15,,frequently,male,16.mp4,AI,REAL,0
2026-08-11 15:33:10,P189,15,,frequently,male,17.mp4,REAL,AI,0
2026-08-11 15:33:10,P189,15,,frequently,male,18.png,AI,AI,1
2026-08-11 15:33:10,P189,15,,frequently,male,19.png,REAL,REAL,1
2026-08-11 15:33:10,P189,15,,frequently,male,20.png,AI,AI,1
2026-08-11 15:33:10,P189,15,,frequently,male,21.webp,AI,AI,1
2026-08-11 15:33:10,P189,15,,frequently,male,22.webp,REAL,REAL,1
2026-08-11 15:33:10,P189,15,,frequently,male,23.jpg,REAL,REAL,1
2026-08-11 15:33:10,P189,15,,frequently,male,24.mp4,AI,AI,1
2026-08-11 15:33:10,P189,15,,frequently,male,25.mov,REAL,REAL,1
2026-08-11 15:33:10,P189,15,,frequently,male,26.mov,REAL,AI,0
2026-08-11 15:33:10,P189,15,,frequently,male,27.jpeg,REAL,AI,0
2026-08-11 15:33:10,P189,15,,frequently,male,28.jpg,REAL,REAL,1
2026-08-11 15:33:10,P189,15,,frequently,male,29.png,AI,REAL,0
2026-08-11 15:33:10,P189,15,,frequently,male,30.jpg,REAL,REAL,1
2026-08-11 15:33:10,P189,15,,frequently,male,31.jpg,AI,AI,1
2026-08-11 15:33:10,P189,15,,frequently,male,32.png,REAL,AI,0
2026-08-11 15:33:10,P189,15,,frequently,male,33.png,REAL,REAL,1
2026-08-11 15:33:10,P189,15,,frequently,male,34.png,REAL,REAL,1
2026-08-11 15:33:10,P189,15,,frequently,male,35.png,AI,AI,1
2026-08-11 15:33:10,P189,15,,frequently,male,36.jpg,REAL,REAL,1
2026-08-11 15:33:10,P189,15,,frequently,male,37.mp4,AI,REAL,0
2026-08-11 15:33:10,P189,15,,frequently,male,38.mp4,REAL,AI,0
2026-08-11 15:42:13,P190,47,,occasionally,female,1.jpg,AI,AI,1
2026-08-11 15:42:13,P190,47,,occasionally,female,2.jpg,AI,REAL,0
2026-08-11 15:42:13,P190,47,,occasionally,female,3.jpg,REAL,REAL,1
2026-08-11 15:42:13,P190,47,,occasionally,female,4.mp4,REAL,AI,0
2026-08-11 15:42:13,P190,47,,occasionally,female,5.png,AI,AI,1
2026-08-11 15:42:13,P190,47,,occasionally,female,6.png,REAL,AI,0
2026-08-11 15:42:13,P190,47,,occasionally,female,7.jpeg,AI,REAL,0
2026-08-11 15:42:13,P190,47,,occasionally,female,8.avif,AI,REAL,0
2026-08-11 15:42:13,P190,47,,occasionally,female,9.png,REAL,AI,0
2026-08-11 15:42:13,P190,47,,occasionally,female,10.webp,AI,REAL,0
2026-08-11 15:42:13,P190,47,,occasionally,female,11.jpg,REAL,REAL,1
2026-08-11 15:42:13,P190,47,,occasionally,female,12.png,REAL,AI,0
2026-08-11 15:42:13,P190,47,,occasionally,female,13.jpg,REAL,AI,0
2026-08-11 15:42:13,P190,47,,occasionally,female,14.mp4,AI,REAL,0
2026-08-11 15:42:13,P190,47,,occasionally,female,15.png,AI,AI,1
2026-08-11 15:42:13,P190,47,,occasionally,female,16.mp4,REAL,REAL,1
2026-08-11 15:42:13,P190,47,,occasionally,female,17.mp4,REAL,AI,0
2026-08-11 15:42:13,P190,47,,occasionally,female,18.png,AI,AI,1
2026-08-11 15:42:13,P190,47,,occasionally,female,19.png,AI,REAL,0
2026-08-11 15:42:13,P190,47,,occasionally,female,20.png,REAL,AI,0
2026-08-11 15:42:13,P190,47,,occasionally,female,21.webp,REAL,AI,0
2026-08-11 15:42:13,P190,47,,occasionally,female,22.webp,AI,REAL,0
2026-08-11 15:42:13,P190,47,,occasionally,female,23.jpg,REAL,REAL,1
2026-08-11 15:42:13,P190,47,,occasionally,female,24.mp4,REAL,AI,0
2026-08-11 15:42:13,P190,47,,occasionally,female,25.mov,AI,REAL,0
2026-08-11 15:42:13,P190,47,,occasionally,female,26.mov,AI,AI,1
2026-08-11 15:42:13,P190,47,,occasionally,female,27.jpeg,REAL,AI,0
2026-08-11 15:42:13,P190,47,,occasionally,female,28.jpg,REAL,REAL,1
2026-08-11 15:42:13,P190,47,,occasionally,female,29.png,REAL,REAL,1
2026-08-11 15:42:13,P190,47,,occasionally,female,30.jpg,AI,REAL,0
2026-08-11 15:42:13,P190,47,,occasionally,female,31.jpg,AI,AI,1
2026-08-11 15:42:13,P190,47,,occasionally,female,32.png,REAL,AI,0
2026-08-11 15:42:13,P190,47,,occasionally,female,33.png,AI,REAL,0
2026-08-11 15:42:13,P190,47,,occasionally,female,34.png,AI,REAL,0
2026-08-11 15:42:13,P190,47,,occasionally,female,35.png,REAL,AI,0
2026-08-11 15:42:13,P190,47,,occasionally,female,36.jpg,REAL,REAL,1
2026-08-11 15:42:13,P190,47,,occasionally,female,37.mp4,AI,REAL,0
2026-08-11 15:42:13,P190,47,,occasionally,female,38.mp4,AI,AI,1
2026-08-11 15:44:33,P191,13,,frequently,male,1.jpg,AI,AI,1
2026-08-11 15:44:33,P191,13,,frequently,male,2.jpg,REAL,REAL,1
2026-08-11 15:44:33,P191,13,,frequently,male,3.jpg,REAL,REAL,1
2026-08-11 15:44:33,P191,13,,frequently,male,4.mp4,AI,AI,1
2026-08-11 15:44:33,P191,13,,frequently,male,5.png,AI,AI,1
2026-08-11 15:44:33,P191,13,,frequently,male,6.png,REAL,AI,0
2026-08-11 15:44:33,P191,13,,frequently,male,7.jpeg,REAL,REAL,1
2026-08-11 15:44:33,P191,13,,frequently,male,8.avif,REAL,REAL,1
2026-08-11 15:44:33,P191,13,,frequently,male,9.png,REAL,AI,0
2026-08-11 15:44:33,P191,13,,frequently,male,10.webp,REAL,REAL,1
2026-08-11 15:44:33,P191,13,,frequently,male,11.jpg,REAL,REAL,1
2026-08-11 15:44:33,P191,13,,frequently,male,12.png,AI,AI,1
2026-08-11 15:44:33,P191,13,,frequently,male,13.jpg,REAL,AI,0
2026-08-11 15:44:33,P191,13,,frequently,male,14.mp4,AI,REAL,0
2026-08-11 15:44:33,P191,13,,frequently,male,15.png,AI,AI,1
2026-08-11 15:44:33,P191,13,,frequently,male,16.mp4,REAL,REAL,1
2026-08-11 15:44:33,P191,13,,frequently,male,17.mp4,AI,AI,1
2026-08-11 15:44:33,P191,13,,frequently,male,18.png,REAL,AI,0
2026-08-11 15:44:33,P191,13,,frequently,male,19.png,REAL,REAL,1
2026-08-11 15:44:33,P191,13,,frequently,male,20.png,REAL,AI,0
2026-08-11 15:44:33,P191,13,,frequently,male,21.webp,AI,AI,1
2026-08-11 15:44:33,P191,13,,frequently,male,22.webp,REAL,REAL,1
2026-08-11 15:44:33,P191,13,,frequently,male,23.jpg,REAL,REAL,1
2026-08-11 15:44:33,P191,13,,frequently,male,24.mp4,AI,AI,1
2026-08-11 15:44:33,P191,13,,frequently,male,25.mov,REAL,REAL,1
2026-08-11 15:44:33,P191,13,,frequently,male,26.mov,REAL,AI,0
2026-08-11 15:44:33,P191,13,,frequently,male,27.jpeg,REAL,AI,0
2026-08-11 15:44:33,P191,13,,frequently,male,28.jpg,AI,REAL,0
2026-08-11 15:44:33,P191,13,,frequently,male,29.png,REAL,REAL,1
2026-08-11 15:44:33,P191,13,,frequently,male,30.jpg,REAL,REAL,1
2026-08-11 15:44:33,P191,13,,frequently,male,31.jpg,AI,AI,1
2026-08-11 15:44:33,P191,13,,frequently,male,32.png,REAL,AI,0
2026-08-11 15:44:33,P191,13,,frequently,male,33.png,REAL,REAL,1
2026-08-11 15:44:33,P191,13,,frequently,male,34.png,AI,REAL,0
2026-08-11 15:44:33,P191,13,,frequently,male,35.png,AI,AI,1
2026-08-11 15:44:33,P191,13,,frequently,male,36.jpg,REAL,REAL,1
2026-08-11 15:44:33,P191,13,,frequently,male,37.mp4,REAL,REAL,1
2026-08-11 15:44:33,P191,13,,frequently,male,38.mp4,AI,AI,1
2026-08-11 15:47:24,P192,15,,frequently,female,1.jpg,AI,AI,1
2026-08-11 15:47:24,P192,15,,frequently,female,2.jpg,REAL,REAL,1
2026-08-11 15:47:24,P192,15,,frequently,female,3.jpg,AI,REAL,0
2026-08-11 15:47:24,P192,15,,frequently,female,4.mp4,AI,AI,1
2026-08-11 15:47:24,P192,15,,frequently,female,5.png,REAL,AI,0
2026-08-11 15:47:24,P192,15,,frequently,female,6.png,REAL,AI,0
2026-08-11 15:47:24,P192,15,,frequently,female,7.jpeg,REAL,REAL,1
2026-08-11 15:47:24,P192,15,,frequently,female,8.avif,AI,REAL,0
2026-08-11 15:47:24,P192,15,,frequently,female,9.png,REAL,AI,0
2026-08-11 15:47:24,P192,15,,frequently,female,10.webp,AI,REAL,0
2026-08-11 15:47:24,P192,15,,frequently,female,11.jpg,REAL,REAL,1
2026-08-11 15:47:24,P192,15,,frequently,female,12.png,AI,AI,1
2026-08-11 15:47:24,P192,15,,frequently,female,13.jpg,AI,AI,1
2026-08-11 15:47:24,P192,15,,frequently,female,14.mp4,AI,REAL,0
2026-08-11 15:47:24,P192,15,,frequently,female,15.png,REAL,AI,0
2026-08-11 15:47:24,P192,15,,frequently,female,16.mp4,AI,REAL,0
2026-08-11 15:47:24,P192,15,,frequently,female,17.mp4,AI,AI,1
2026-08-11 15:47:24,P192,15,,frequently,female,18.png,AI,AI,1
2026-08-11 15:47:24,P192,15,,frequently,female,19.png,AI,REAL,0
2026-08-11 15:47:24,P192,15,,frequently,female,20.png,AI,AI,1
2026-08-11 15:47:24,P192,15,,frequently,female,21.webp,REAL,AI,0
2026-08-11 15:47:24,P192,15,,frequently,female,22.webp,AI,REAL,0
2026-08-11 15:47:24,P192,15,,frequently,female,23.jpg,REAL,REAL,1
2026-08-11 15:47:24,P192,15,,frequently,female,24.mp4,AI,AI,1
2026-08-11 15:47:24,P192,15,,frequently,female,25.mov,AI,REAL,0
2026-08-11 15:47:24,P192,15,,frequently,female,26.mov,REAL,AI,0
2026-08-11 15:47:24,P192,15,,frequently,female,27.jpeg,REAL,AI,0
2026-08-11 15:47:24,P192,15,,frequently,female,28.jpg,AI,REAL,0
2026-08-11 15:47:24,P192,15,,frequently,female,29.png,REAL,REAL,1
2026-08-11 15:47:24,P192,15,,frequently,female,30.jpg,AI,REAL,0
2026-08-11 15:47:24,P192,15,,frequently,female,31.jpg,AI,AI,1
2026-08-11 15:47:24,P192,15,,frequently,female,32.png,REAL,AI,0
2026-08-11 15:47:24,P192,15,,frequently,female,33.png,AI,REAL,0
2026-08-11 15:47:24,P192,15,,frequently,female,34.png,AI,REAL,0
2026-08-11 15:47:24,P192,15,,frequently,female,35.png,REAL,AI,0
2026-08-11 15:47:24,P192,15,,frequently,female,36.jpg,REAL,REAL,1
2026-08-11 15:47:24,P192,15,,frequently,female,37.mp4,REAL,REAL,1
2026-08-11 15:47:24,P192,15,,frequently,female,38.mp4,AI,AI,1
2026-08-11 15:50:14,P193,14,,never,female,1.jpg,AI,AI,1
2026-08-11 15:50:14,P193,14,,never,female,2.jpg,REAL,REAL,1
2026-08-11 15:50:14,P193,14,,never,female,3.jpg,AI,REAL,0
2026-08-11 15:50:14,P193,14,,never,female,4.mp4,AI,AI,1
2026-08-11 15:50:14,P193,14,,never,female,5.png,REAL,AI,0
2026-08-11 15:50:14,P193,14,,never,female,6.png,REAL,AI,0
2026-08-11 15:50:14,P193,14,,never,female,7.jpeg,AI,REAL,0
2026-08-11 15:50:14,P193,14,,never,female,8.avif,REAL,REAL,1
2026-08-11 15:50:14,P193,14,,never,female,9.png,REAL,AI,0
2026-08-11 15:50:14,P193,14,,never,female,10.webp,REAL,REAL,1
2026-08-11 15:50:14,P193,14,,never,female,11.jpg,REAL,REAL,1
2026-08-11 15:50:14,P193,14,,never,female,12.png,REAL,AI,0
2026-08-11 15:50:14,P193,14,,never,female,13.jpg,REAL,AI,0
2026-08-11 15:50:14,P193,14,,never,female,14.mp4,REAL,REAL,1
2026-08-11 15:50:14,P193,14,,never,female,15.png,REAL,AI,0
2026-08-11 15:50:14,P193,14,,never,female,16.mp4,REAL,REAL,1
2026-08-11 15:50:14,P193,14,,never,female,17.mp4,REAL,AI,0
2026-08-11 15:50:14,P193,14,,never,female,18.png,AI,AI,1
2026-08-11 15:50:14,P193,14,,never,female,19.png,AI,REAL,0
2026-08-11 15:50:14,P193,14,,never,female,20.png,AI,AI,1
2026-08-11 15:50:14,P193,14,,never,female,21.webp,REAL,AI,0
2026-08-11 15:50:14,P193,14,,never,female,22.webp,REAL,REAL,1
2026-08-11 15:50:14,P193,14,,never,female,23.jpg,REAL,REAL,1
2026-08-11 15:50:14,P193,14,,never,female,24.mp4,AI,AI,1
2026-08-11 15:50:14,P193,14,,never,female,25.mov,AI,REAL,0
2026-08-11 15:50:14,P193,14,,never,female,26.mov,AI,AI,1
2026-08-11 15:50:14,P193,14,,never,female,27.jpeg,REAL,AI,0
2026-08-11 15:50:14,P193,14,,never,female,28.jpg,REAL,REAL,1
2026-08-11 15:50:14,P193,14,,never,female,29.png,REAL,REAL,1
2026-08-11 15:50:14,P193,14,,never,female,30.jpg,REAL,REAL,1
2026-08-11 15:50:14,P193,14,,never,female,31.jpg,REAL,AI,0
2026-08-11 15:50:14,P193,14,,never,female,32.png,REAL,AI,0
2026-08-11 15:50:14,P193,14,,never,female,33.png,REAL,REAL,1
2026-08-11 15:50:14,P193,14,,never,female,34.png,AI,REAL,0
2026-08-11 15:50:14,P193,14,,never,female,35.png,REAL,AI,0
2026-08-11 15:50:14,P193,14,,never,female,36.jpg,REAL,REAL,1
2026-08-11 15:50:14,P193,14,,never,female,37.mp4,AI,REAL,0
2026-08-11 15:50:14,P193,14,,never,female,38.mp4,AI,AI,1
2026-08-11 15:51:14,P194,53,,never,male,1.jpg,REAL,AI,0
2026-08-11 15:51:14,P194,53,,never,male,2.jpg,REAL,REAL,1
2026-08-11 15:51:14,P194,53,,never,male,3.jpg,AI,REAL,0
2026-08-11 15:51:14,P194,53,,never,male,4.mp4,AI,AI,1
2026-08-11 15:51:14,P194,53,,never,male,5.png,REAL,AI,0
2026-08-11 15:51:14,P194,53,,never,male,6.png,REAL,AI,0
2026-08-11 15:51:14,P194,53,,never,male,7.jpeg,AI,REAL,0
2026-08-11 15:51:14,P194,53,,never,male,8.avif,AI,REAL,0
2026-08-11 15:51:14,P194,53,,never,male,9.png,REAL,AI,0
2026-08-11 15:51:14,P194,53,,never,male,10.webp,REAL,REAL,1
2026-08-11 15:51:14,P194,53,,never,male,11.jpg,AI,REAL,0
2026-08-11 15:51:14,P194,53,,never,male,12.png,REAL,AI,0
2026-08-11 15:51:14,P194,53,,never,male,13.jpg,REAL,AI,0
2026-08-11 15:51:14,P194,53,,never,male,14.mp4,AI,REAL,0
2026-08-11 15:51:14,P194,53,,never,male,15.png,AI,AI,1
2026-08-11 15:51:14,P194,53,,never,male,16.mp4,REAL,REAL,1
2026-08-11 15:51:14,P194,53,,never,male,17.mp4,REAL,AI,0
2026-08-11 15:51:14,P194,53,,never,male,18.png,REAL,AI,0
2026-08-11 15:51:14,P194,53,,never,male,19.png,REAL,REAL,1
2026-08-11 15:51:14,P194,53,,never,male,20.png,AI,AI,1
2026-08-11 15:51:14,P194,53,,never,male,21.webp,REAL,AI,0
2026-08-11 15:51:14,P194,53,,never,male,22.webp,REAL,REAL,1
2026-08-11 15:51:14,P194,53,,never,male,23.jpg,AI,REAL,0
2026-08-11 15:51:14,P194,53,,never,male,24.mp4,REAL,AI,0
2026-08-11 15:51:14,P194,53,,never,male,25.mov,REAL,REAL,1
2026-08-11 15:51:14,P194,53,,never,male,26.mov,AI,AI,1
2026-08-11 15:51:14,P194,53,,never,male,27.jpeg,REAL,AI,0
2026-08-11 15:51:14,P194,53,,never,male,28.jpg,REAL,REAL,1
2026-08-11 15:51:14,P194,53,,never,male,29.png,AI,REAL,0
2026-08-11 15:51:14,P194,53,,never,male,30.jpg,REAL,REAL,1
2026-08-11 15:51:14,P194,53,,never,male,31.jpg,REAL,AI,0
2026-08-11 15:51:14,P194,53,,never,male,32.png,REAL,AI,0
2026-08-11 15:51:14,P194,53,,never,male,33.png,REAL,REAL,1
2026-08-11 15:51:14,P194,53,,never,male,34.png,REAL,REAL,1
2026-08-11 15:51:14,P194,53,,never,male,35.png,AI,AI,1
2026-08-11 15:51:14,P194,53,,never,male,36.jpg,REAL,REAL,1
2026-08-11 15:51:14,P194,53,,never,male,37.mp4,AI,REAL,0
2026-08-11 15:51:14,P194,53,,never,male,38.mp4,AI,AI,1
2026-08-11 15:54:14,P195,45,,occasionally,female,1.jpg,REAL,AI,0
2026-08-11 15:54:14,P195,45,,occasionally,female,2.jpg,AI,REAL,0
2026-08-11 15:54:14,P195,45,,occasionally,female,3.jpg,AI,REAL,0
2026-08-11 15:54:14,P195,45,,occasionally,female,4.mp4,REAL,AI,0
2026-08-11 15:54:14,P195,45,,occasionally,female,5.png,REAL,AI,0
2026-08-11 15:54:14,P195,45,,occasionally,female,6.png,REAL,AI,0
2026-08-11 15:54:14,P195,45,,occasionally,female,7.jpeg,AI,REAL,0
2026-08-11 15:54:14,P195,45,,occasionally,female,8.avif,AI,REAL,0
2026-08-11 15:54:14,P195,45,,occasionally,female,9.png,REAL,AI,0
2026-08-11 15:54:14,P195,45,,occasionally,female,10.webp,REAL,REAL,1
2026-08-11 15:54:14,P195,45,,occasionally,female,11.jpg,REAL,REAL,1
2026-08-11 15:54:14,P195,45,,occasionally,female,12.png,REAL,AI,0
2026-08-11 15:54:14,P195,45,,occasionally,female,13.jpg,REAL,AI,0
2026-08-11 15:54:14,P195,45,,occasionally,female,14.mp4,AI,REAL,0
2026-08-11 15:54:14,P195,45,,occasionally,female,15.png,REAL,AI,0
2026-08-11 15:54:14,P195,45,,occasionally,female,16.mp4,AI,REAL,0
2026-08-11 15:54:14,P195,45,,occasionally,female,17.mp4,REAL,AI,0
2026-08-11 15:54:14,P195,45,,occasionally,female,18.png,REAL,AI,0
2026-08-11 15:54:14,P195,45,,occasionally,female,19.png,AI,REAL,0
2026-08-11 15:54:14,P195,45,,occasionally,female,20.png,REAL,AI,0
2026-08-11 15:54:14,P195,45,,occasionally,female,21.webp,REAL,AI,0
2026-08-11 15:54:14,P195,45,,occasionally,female,22.webp,AI,REAL,0
2026-08-11 15:54:14,P195,45,,occasionally,female,23.jpg,REAL,REAL,1
2026-08-11 15:54:14,P195,45,,occasionally,female,24.mp4,REAL,AI,0
2026-08-11 15:54:14,P195,45,,occasionally,female,25.mov,AI,REAL,0
2026-08-11 15:54:14,P195,45,,occasionally,female,26.mov,REAL,AI,0
2026-08-11 15:54:14,P195,45,,occasionally,female,27.jpeg,REAL,AI,0
2026-08-11 15:54:14,P195,45,,occasionally,female,28.jpg,REAL,REAL,1
2026-08-11 15:54:14,P195,45,,occasionally,female,29.png,AI,REAL,0
2026-08-11 15:54:14,P195,45,,occasionally,female,30.jpg,REAL,REAL,1
2026-08-11 15:54:14,P195,45,,occasionally,female,31.jpg,AI,AI,1
2026-08-11 15:54:14,P195,45,,occasionally,female,32.png,REAL,AI,0
2026-08-11 15:54:14,P195,45,,occasionally,female,33.png,REAL,REAL,1
2026-08-11 15:54:14,P195,45,,occasionally,female,34.png,REAL,REAL,1
2026-08-11 15:54:14,P195,45,,occasionally,female,35.png,REAL,AI,0
2026-08-11 15:54:14,P195,45,,occasionally,female,36.jpg,REAL,REAL,1
2026-08-11 15:54:14,P195,45,,occasionally,female,37.mp4,REAL,REAL,1
2026-08-11 15:54:14,P195,45,,occasionally,female,38.mp4,REAL,AI,0
2026-08-11 15:57:14,P196,14,,never,female,1.jpg,AI,AI,1
2026-08-11 15:57:14,P196,14,,never,female,2.jpg,REAL,REAL,1
2026-08-11 15:57:14,P196,14,,never,female,3.jpg,REAL,REAL,1
2026-08-11 15:57:14,P196,14,,never,female,4.mp4,REAL,AI,0
2026-08-11 15:57:14,P196,14,,never,female,5.png,AI,AI,1
2026-08-11 15:57:14,P196,14,,never,female,6.png,AI,AI,1
2026-08-11 15:57:14,P196,14,,never,female,7.jpeg,REAL,REAL,1
2026-08-11 15:57:14,P196,14,,never,female,8.avif,AI,REAL,0
2026-08-11 15:57:14,P196,14,,never,female,9.png,REAL,AI,0
2026-08-11 15:57:14,P196,14,,never,female,10.webp,REAL,REAL,1
2026-08-11 15:57:14,P196,14,,never,female,11.jpg,REAL,REAL,1
2026-08-11 15:57:14,P196,14,,never,female,12.png,REAL,AI,0
2026-08-11 15:57:14,P196,14,,never,female,13.jpg,REAL,AI,0
2026-08-11 15:57:14,P196,14,,never,female,14.mp4,AI,REAL,0
2026-08-11 15:57:14,P196,14,,never,female,15.png,REAL,AI,0
2026-08-11 15:57:14,P196,14,,never,female,16.mp4,REAL,REAL,1
2026-08-11 15:57:14,P196,14,,never,female,17.mp4,AI,AI,1
2026-08-11 15:57:14,P196,14,,never,female,18.png,AI,AI,1
2026-08-11 15:57:14,P196,14,,never,female,19.png,REAL,REAL,1
2026-08-11 15:57:14,P196,14,,never,female,20.png,REAL,AI,0
2026-08-11 15:57:14,P196,14,,never,female,21.webp,REAL,AI,0
2026-08-11 15:57:14,P196,14,,never,female,22.webp,AI,REAL,0
2026-08-11 15:57:14,P196,14,,never,female,23.jpg,REAL,REAL,1
2026-08-11 15:57:14,P196,14,,never,female,24.mp4,AI,AI,1
2026-08-11 15:57:14,P196,14,,never,female,25.mov,REAL,REAL,1
2026-08-11 15:57:14,P196,14,,never,female,26.mov,AI,AI,1
2026-08-11 15:57:14,P196,14,,never,female,27.jpeg,REAL,AI,0
2026-08-11 15:57:14,P196,14,,never,female,28.jpg,AI,REAL,0
2026-08-11 15:57:14,P196,14,,never,female,29.png,REAL,REAL,1
2026-08-11 15:57:14,P196,14,,never,female,30.jpg,REAL,REAL,1
2026-08-11 15:57:14,P196,14,,never,female,31.jpg,AI,AI,1
2026-08-11 15:57:14,P196,14,,never,female,32.png,REAL,AI,0
2026-08-11 15:57:14,P196,14,,never,female,33.png,REAL,REAL,1
2026-08-11 15:57:14,P196,14,,never,female,34.png,REAL,REAL,1
2026-08-11 15:57:14,P196,14,,never,female,35.png,AI,AI,1
2026-08-11 15:57:14,P196,14,,never,female,36.jpg,REAL,REAL,1
2026-08-11 15:57:14,P196,14,,never,female,37.mp4,AI,REAL,0
2026-08-11 15:57:14,P196,14,,never,female,38.mp4,REAL,AI,0
2026-08-11 15:57:47,P197,52,,daily,male,1.jpg,REAL,AI,0
2026-08-11 15:57:47,P197,52,,daily,male,2.jpg,AI,REAL,0
2026-08-11 15:57:47,P197,52,,daily,male,3.jpg,AI,REAL,0
2026-08-11 15:57:47,P197,52,,daily,male,4.mp4,AI,AI,1
2026-08-11 15:57:47,P197,52,,daily,male,5.png,AI,AI,1
2026-08-11 15:57:47,P197,52,,daily,male,6.png,REAL,AI,0
2026-08-11 15:57:47,P197,52,,daily,male,7.jpeg,REAL,REAL,1
2026-08-11 15:57:47,P197,52,,daily,male,8.avif,AI,REAL,0
2026-08-11 15:57:47,P197,52,,daily,male,9.png,AI,AI,1
2026-08-11 15:57:47,P197,52,,daily,male,10.webp,AI,REAL,0
2026-08-11 15:57:47,P197,52,,daily,male,11.jpg,REAL,REAL,1
2026-08-11 15:57:47,P197,52,,daily,male,12.png,REAL,AI,0
2026-08-11 15:57:47,P197,52,,daily,male,13.jpg,AI,AI,1
2026-08-11 15:57:47,P197,52,,daily,male,14.mp4,REAL,REAL,1
2026-08-11 15:57:47,P197,52,,daily,male,15.png,AI,AI,1
2026-08-11 15:57:47,P197,52,,daily,male,16.mp4,AI,REAL,0
2026-08-11 15:57:47,P197,52,,daily,male,17.mp4,AI,AI,1
2026-08-11 15:57:47,P197,52,,daily,male,18.png,AI,AI,1
2026-08-11 15:57:47,P197,52,,daily,male,19.png,REAL,REAL,1
2026-08-11 15:57:47,P197,52,,daily,male,20.png,AI,AI,1
2026-08-11 15:57:47,P197,52,,daily,male,21.webp,AI,AI,1
2026-08-11 15:57:47,P197,52,,daily,male,22.webp,REAL,REAL,1
2026-08-11 15:57:47,P197,52,,daily,male,23.jpg,REAL,REAL,1
2026-08-11 15:57:47,P197,52,,daily,male,24.mp4,AI,AI,1
2026-08-11 15:57:47,P197,52,,daily,male,25.mov,REAL,REAL,1
2026-08-11 15:57:47,P197,52,,daily,male,26.mov,AI,AI,1
2026-08-11 15:57:47,P197,52,,daily,male,27.jpeg,REAL,AI,0
2026-08-11 15:57:47,P197,52,,daily,male,28.jpg,REAL,REAL,1
2026-08-11 15:57:47,P197,52,,daily,male,29.png,REAL,REAL,1
2026-08-11 15:57:47,P197,52,,daily,male,30.jpg,REAL,REAL,1
2026-08-11 15:57:47,P197,52,,daily,male,31.jpg,AI,AI,1
2026-08-11 15:57:47,P197,52,,daily,male,32.png,REAL,AI,0
2026-08-11 15:57:47,P197,52,,daily,male,33.png,REAL,REAL,1
2026-08-11 15:57:47,P197,52,,daily,male,34.png,REAL,REAL,1
2026-08-11 15:57:47,P197,52,,daily,male,35.png,AI,AI,1
2026-08-11 15:57:47,P197,52,,daily,male,36.jpg,REAL,REAL,1
2026-08-11 15:57:47,P197,52,,daily,male,37.mp4,AI,REAL,0
2026-08-11 15:57:47,P197,52,,daily,male,38.mp4,REAL,AI,0
2026-08-11 16:01:48,P198,9,,never,male,1.jpg,AI,AI,1
2026-08-11 16:01:48,P198,9,,never,male,2.jpg,REAL,REAL,1
2026-08-11 16:01:48,P198,9,,never,male,3.jpg,REAL,REAL,1
2026-08-11 16:01:48,P198,9,,never,male,4.mp4,REAL,AI,0
2026-08-11 16:01:48,P198,9,,never,male,5.png,REAL,AI,0
2026-08-11 16:01:48,P198,9,,never,male,6.png,AI,AI,1
2026-08-11 16:01:48,P198,9,,never,male,7.jpeg,AI,REAL,0
2026-08-11 16:01:48,P198,9,,never,male,8.avif,AI,REAL,0
2026-08-11 16:01:48,P198,9,,never,male,9.png,AI,AI,1
2026-08-11 16:01:48,P198,9,,never,male,10.webp,REAL,REAL,1
2026-08-11 16:01:48,P198,9,,never,male,11.jpg,AI,REAL,0
2026-08-11 16:01:48,P198,9,,never,male,12.png,REAL,AI,0
2026-08-11 16:01:48,P198,9,,never,male,13.jpg,REAL,AI,0
2026-08-11 16:01:48,P198,9,,never,male,14.mp4,REAL,REAL,1
2026-08-11 16:01:48,P198,9,,never,male,15.png,AI,AI,1
2026-08-11 16:01:48,P198,9,,never,male,16.mp4,AI,REAL,0
2026-08-11 16:01:48,P198,9,,never,male,17.mp4,REAL,AI,0
2026-08-11 16:01:48,P198,9,,never,male,18.png,AI,AI,1
2026-08-11 16:01:48,P198,9,,never,male,19.png,AI,REAL,0
2026-08-11 16:01:48,P198,9,,never,male,20.png,REAL,AI,0
2026-08-11 16:01:48,P198,9,,never,male,21.webp,REAL,AI,0
2026-08-11 16:01:48,P198,9,,never,male,22.webp,AI,REAL,0
2026-08-11 16:01:48,P198,9,,never,male,23.jpg,REAL,REAL,1
2026-08-11 16:01:48,P198,9,,never,male,24.mp4,REAL,AI,0
2026-08-11 16:01:48,P198,9,,never,male,25.mov,AI,REAL,0
2026-08-11 16:01:48,P198,9,,never,male,26.mov,AI,AI,1
2026-08-11 16:01:48,P198,9,,never,male,27.jpeg,REAL,AI,0
2026-08-11 16:01:48,P198,9,,never,male,28.jpg,REAL,REAL,1
2026-08-11 16:01:48,P198,9,,never,male,29.png,AI,REAL,0
2026-08-11 16:01:48,P198,9,,never,male,30.jpg,AI,REAL,0
2026-08-11 16:01:48,P198,9,,never,male,31.jpg,AI,AI,1
2026-08-11 16:01:48,P198,9,,never,male,32.png,REAL,AI,0
2026-08-11 16:01:48,P198,9,,never,male,33.png,AI,REAL,0
2026-08-11 16:01:48,P198,9,,never,male,34.png,REAL,REAL,1
2026-08-11 16:01:48,P198,9,,never,male,35.png,REAL,AI,0
2026-08-11 16:01:48,P198,9,,never,male,36.jpg,AI,REAL,0
2026-08-11 16:01:48,P198,9,,never,male,37.mp4,AI,REAL,0
2026-08-11 16:01:48,P198,9,,never,male,38.mp4,AI,AI,1
2026-08-11 16:02:01,P199,10,,never,female,1.jpg,AI,AI,1
2026-08-11 16:02:01,P199,10,,never,female,2.jpg,REAL,REAL,1
2026-08-11 16:02:01,P199,10,,never,female,3.jpg,REAL,REAL,1
2026-08-11 16:02:01,P199,10,,never,female,4.mp4,AI,AI,1
2026-08-11 16:02:01,P199,10,,never,female,5.png,REAL,AI,0
2026-08-11 16:02:01,P199,10,,never,female,6.png,REAL,AI,0
2026-08-11 16:02:01,P199,10,,never,female,7.jpeg,REAL,REAL,1
2026-08-11 16:02:01,P199,10,,never,female,8.avif,AI,REAL,0
2026-08-11 16:02:01,P199,10,,never,female,9.png,REAL,AI,0
2026-08-11 16:02:01,P199,10,,never,female,10.webp,REAL,REAL,1
2026-08-11 16:02:01,P199,10,,never,female,11.jpg,AI,REAL,0
2026-08-11 16:02:01,P199,10,,never,female,12.png,REAL,AI,0
2026-08-11 16:02:01,P199,10,,never,female,13.jpg,REAL,AI,0
2026-08-11 16:02:01,P199,10,,never,female,14.mp4,REAL,REAL,1
2026-08-11 16:02:01,P199,10,,never,female,15.png,REAL,AI,0
2026-08-11 16:02:01,P199,10,,never,female,16.mp4,AI,REAL,0
2026-08-11 16:02:01,P199,10,,never,female,17.mp4,AI,AI,1
2026-08-11 16:02:01,P199,10,,never,female,18.png,REAL,AI,0
2026-08-11 16:02:01,P199,10,,never,female,19.png,AI,REAL,0
2026-08-11 16:02:01,P199,10,,never,female,20.png,REAL,AI,0
2026-08-11 16:02:01,P199,10,,never,female,21.webp,AI,AI,1
2026-08-11 16:02:01,P199,10,,never,female,22.webp,AI,REAL,0
2026-08-11 16:02:01,P199,10,,never,female,23.jpg,REAL,REAL,1
2026-08-11 16:02:01,P199,10,,never,female,24.mp4,AI,AI,1
2026-08-11 16:02:01,P199,10,,never,female,25.mov,REAL,REAL,1
2026-08-11 16:02:01,P199,10,,never,female,26.mov,AI,AI,1
2026-08-11 16:02:01,P199,10,,never,female,27.jpeg,REAL,AI,0
2026-08-11 16:02:01,P199,10,,never,female,28.jpg,REAL,REAL,1
2026-08-11 16:02:01,P199,10,,never,female,29.png,AI,REAL,0
2026-08-11 16:02:01,P199,10,,never,female,30.jpg,REAL,REAL,1
2026-08-11 16:02:01,P199,10,,never,female,31.jpg,REAL,AI,0
2026-08-11 16:02:01,P199,10,,never,female,32.png,REAL,AI,0
2026-08-11 16:02:01,P199,10,,never,female,33.png,AI,REAL,0
2026-08-11 16:02:01,P199,10,,never,female,34.png,REAL,REAL,1
2026-08-11 16:02:01,P199,10,,never,female,35.png,REAL,AI,0
2026-08-11 16:02:01,P199,10,,never,female,36.jpg,REAL,REAL,1
2026-08-11 16:02:01,P199,10,,never,female,37.mp4,AI,REAL,0
2026-08-11 16:02:01,P199,10,,never,female,38.mp4,REAL,AI,0
2026-08-11 16:02:52,P200,55,,daily,male,1.jpg,REAL,AI,0
2026-08-11 16:02:52,P200,55,,daily,male,2.jpg,REAL,REAL,1
2026-08-11 16:02:52,P200,55,,daily,male,3.jpg,REAL,REAL,1
2026-08-11 16:02:52,P200,55,,daily,male,4.mp4,AI,AI,1
2026-08-11 16:02:52,P200,55,,daily,male,5.png,REAL,AI,0
2026-08-11 16:02:52,P200,55,,daily,male,6.png,AI,AI,1
2026-08-11 16:02:52,P200,55,,daily,male,7.jpeg,AI,REAL,0
2026-08-11 16:02:52,P200,55,,daily,male,8.avif,AI,REAL,0
2026-08-11 16:02:52,P200,55,,daily,male,9.png,REAL,AI,0
2026-08-11 16:02:52,P200,55,,daily,male,10.webp,AI,REAL,0
2026-08-11 16:02:52,P200,55,,daily,male,11.jpg,AI,REAL,0
2026-08-11 16:02:52,P200,55,,daily,male,12.png,AI,AI,1
2026-08-11 16:02:52,P200,55,,daily,male,13.jpg,REAL,AI,0
2026-08-11 16:02:52,P200,55,,daily,male,14.mp4,AI,REAL,0
2026-08-11 16:02:52,P200,55,,daily,male,15.png,AI,AI,1
2026-08-11 16:02:52,P200,55,,daily,male,16.mp4,AI,REAL,0
2026-08-11 16:02:52,P200,55,,daily,male,17.mp4,AI,AI,1
2026-08-11 16:02:52,P200,55,,daily,male,18.png,AI,AI,1
2026-08-11 16:02:52,P200,55,,daily,male,19.png,AI,REAL,0
2026-08-11 16:02:52,P200,55,,daily,male,20.png,AI,AI,1
2026-08-11 16:02:52,P200,55,,daily,male,21.webp,REAL,AI,0
2026-08-11 16:02:52,P200,55,,daily,male,22.webp,AI,REAL,0
2026-08-11 16:02:52,P200,55,,daily,male,23.jpg,REAL,REAL,1
2026-08-11 16:02:52,P200,55,,daily,male,24.mp4,AI,AI,1
2026-08-11 16:02:52,P200,55,,daily,male,25.mov,AI,REAL,0
2026-08-11 16:02:52,P200,55,,daily,male,26.mov,AI,AI,1
2026-08-11 16:02:52,P200,55,,daily,male,27.jpeg,AI,AI,1
2026-08-11 16:02:52,P200,55,,daily,male,28.jpg,REAL,REAL,1
2026-08-11 16:02:52,P200,55,,daily,male,29.png,REAL,REAL,1
2026-08-11 16:02:52,P200,55,,daily,male,30.jpg,AI,REAL,0
2026-08-11 16:02:52,P200,55,,daily,male,31.jpg,AI,AI,1
2026-08-11 16:02:52,P200,55,,daily,male,32.png,AI,AI,1
2026-08-11 16:02:52,P200,55,,daily,male,33.png,REAL,REAL,1
2026-08-11 16:02:52,P200,55,,daily,male,34.png,REAL,REAL,1
2026-08-11 16:02:52,P200,55,,daily,male,35.png,AI,AI,1
2026-08-11 16:02:52,P200,55,,daily,male,36.jpg,AI,REAL,0
2026-08-11 16:02:52,P200,55,,daily,male,37.mp4,AI,REAL,0
2026-08-11 16:02:52,P200,55,,daily,male,38.mp4,AI,AI,1
2026-08-11 16:03:57,P201,11,,frequently,male,1.jpg,AI,AI,1
2026-08-11 16:03:57,P201,11,,frequently,male,2.jpg,REAL,REAL,1
2026-08-11 16:03:57,P201,11,,frequently,male,3.jpg,REAL,REAL,1
2026-08-11 16:03:57,P201,11,,frequently,male,4.mp4,AI,AI,1
2026-08-11 16:03:57,P201,11,,frequently,male,5.png,AI,AI,1
2026-08-11 16:03:57,P201,11,,frequently,male,6.png,REAL,AI,0
2026-08-11 16:03:57,P201,11,,frequently,male,7.jpeg,REAL,REAL,1
2026-08-11 16:03:57,P201,11,,frequently,male,8.avif,REAL,REAL,1
2026-08-11 16:03:57,P201,11,,frequently,male,9.png,AI,AI,1
2026-08-11 16:03:57,P201,11,,frequently,male,10.webp,REAL,REAL,1
2026-08-11 16:03:57,P201,11,,frequently,male,11.jpg,REAL,REAL,1
2026-08-11 16:03:57,P201,11,,frequently,male,12.png,REAL,AI,0
2026-08-11 16:03:57,P201,11,,frequently,male,13.jpg,REAL,AI,0
2026-08-11 16:03:57,P201,11,,frequently,male,14.mp4,AI,REAL,0
2026-08-11 16:03:57,P201,11,,frequently,male,15.png,AI,AI,1
2026-08-11 16:03:57,P201,11,,frequently,male,16.mp4,AI,REAL,0
2026-08-11 16:03:57,P201,11,,frequently,male,17.mp4,AI,AI,1
2026-08-11 16:03:57,P201,11,,frequently,male,18.png,REAL,AI,0
2026-08-11 16:03:57,P201,11,,frequently,male,19.png,REAL,REAL,1
2026-08-11 16:03:57,P201,11,,frequently,male,20.png,REAL,AI,0
2026-08-11 16:03:57,P201,11,,frequently,male,21.webp,REAL,AI,0
2026-08-11 16:03:57,P201,11,,frequently,male,22.webp,AI,REAL,0
2026-08-11 16:03:57,P201,11,,frequently,male,23.jpg,REAL,REAL,1
2026-08-11 16:03:57,P201,11,,frequently,male,24.mp4,AI,AI,1
2026-08-11 16:03:57,P201,11,,frequently,male,25.mov,AI,REAL,0
2026-08-11 16:03:57,P201,11,,frequently,male,26.mov,REAL,AI,0
2026-08-11 16:03:57,P201,11,,frequently,male,27.jpeg,REAL,AI,0
2026-08-11 16:03:57,P201,11,,frequently,male,28.jpg,REAL,REAL,1
2026-08-11 16:03:57,P201,11,,frequently,male,29.png,REAL,REAL,1
2026-08-11 16:03:57,P201,11,,frequently,male,30.jpg,REAL,REAL,1
2026-08-11 16:03:57,P201,11,,frequently,male,31.jpg,AI,AI,1
2026-08-11 16:03:57,P201,11,,frequently,male,32.png,AI,AI,1
2026-08-11 16:03:57,P201,11,,frequently,male,33.png,REAL,REAL,1
2026-08-11 16:03:57,P201,11,,frequently,male,34.png,REAL,REAL,1
2026-08-11 16:03:57,P201,11,,frequently,male,35.png,AI,AI,1
2026-08-11 16:03:57,P201,11,,frequently,male,36.jpg,REAL,REAL,1
2026-08-11 16:03:57,P201,11,,frequently,male,37.mp4,AI,REAL,0
2026-08-11 16:03:57,P201,11,,frequently,male,38.mp4,AI,AI,1
2026-08-11 16:08:22,P202,41,,occasionally,female,1.jpg,AI,AI,1
2026-08-11 16:08:22,P202,41,,occasionally,female,2.jpg,REAL,REAL,1
2026-08-11 16:08:22,P202,41,,occasionally,female,3.jpg,REAL,REAL,1
2026-08-11 16:08:22,P202,41,,occasionally,female,4.mp4,AI,AI,1
2026-08-11 16:08:22,P202,41,,occasionally,female,5.png,REAL,AI,0
2026-08-11 16:08:22,P202,41,,occasionally,female,6.png,REAL,AI,0
2026-08-11 16:08:22,P202,41,,occasionally,female,7.jpeg,REAL,REAL,1
2026-08-11 16:08:22,P202,41,,occasionally,female,8.avif,AI,REAL,0
2026-08-11 16:08:22,P202,41,,occasionally,female,9.png,REAL,AI,0
2026-08-11 16:08:22,P202,41,,occasionally,female,10.webp,REAL,REAL,1
2026-08-11 16:08:22,P202,41,,occasionally,female,11.jpg,AI,REAL,0
2026-08-11 16:08:22,P202,41,,occasionally,female,12.png,REAL,AI,0
2026-08-11 16:08:22,P202,41,,occasionally,female,13.jpg,AI,AI,1
2026-08-11 16:08:22,P202,41,,occasionally,female,14.mp4,AI,REAL,0
2026-08-11 16:08:22,P202,41,,occasionally,female,15.png,AI,AI,1
2026-08-11 16:08:22,P202,41,,occasionally,female,16.mp4,REAL,REAL,1
2026-08-11 16:08:22,P202,41,,occasionally,female,17.mp4,REAL,AI,0
2026-08-11 16:08:22,P202,41,,occasionally,female,18.png,AI,AI,1
2026-08-11 16:08:22,P202,41,,occasionally,female,19.png,AI,REAL,0
2026-08-11 16:08:22,P202,41,,occasionally,female,20.png,REAL,AI,0
2026-08-11 16:08:22,P202,41,,occasionally,female,21.webp,REAL,AI,0
2026-08-11 16:08:22,P202,41,,occasionally,female,22.webp,REAL,REAL,1
2026-08-11 16:08:22,P202,41,,occasionally,female,23.jpg,REAL,REAL,1
2026-08-11 16:08:22,P202,41,,occasionally,female,24.mp4,AI,AI,1
2026-08-11 16:08:22,P202,41,,occasionally,female,25.mov,REAL,REAL,1
2026-08-11 16:08:22,P202,41,,occasionally,female,26.mov,AI,AI,1
2026-08-11 16:08:22,P202,41,,occasionally,female,27.jpeg,REAL,AI,0
2026-08-11 16:08:22,P202,41,,occasionally,female,28.jpg,REAL,REAL,1
2026-08-11 16:08:22,P202,41,,occasionally,female,29.png,AI,REAL,0
2026-08-11 16:08:22,P202,41,,occasionally,female,30.jpg,REAL,REAL,1
2026-08-11 16:08:22,P202,41,,occasionally,female,31.jpg,AI,AI,1
2026-08-11 16:08:22,P202,41,,occasionally,female,32.png,REAL,AI,0
2026-08-11 16:08:22,P202,41,,occasionally,female,33.png,REAL,REAL,1
2026-08-11 16:08:22,P202,41,,occasionally,female,34.png,REAL,REAL,1
2026-08-11 16:08:22,P202,41,,occasionally,female,35.png,REAL,AI,0
2026-08-11 16:08:22,P202,41,,occasionally,female,36.jpg,REAL,REAL,1
2026-08-11 16:08:22,P202,41,,occasionally,female,37.mp4,AI,REAL,0
2026-08-11 16:08:22,P202,41,,occasionally,female,38.mp4,REAL,AI,0
2026-08-11 16:10:59,P203,63,,daily,female,1.jpg,REAL,AI,0
2026-08-11 16:10:59,P203,63,,daily,female,2.jpg,AI,REAL,0
2026-08-11 16:10:59,P203,63,,daily,female,3.jpg,REAL,REAL,1
2026-08-11 16:10:59,P203,63,,daily,female,4.mp4,AI,AI,1
2026-08-11 16:10:59,P203,63,,daily,female,5.png,REAL,AI,0
2026-08-11 16:10:59,P203,63,,daily,female,6.png,REAL,AI,0
2026-08-11 16:10:59,P203,63,,daily,female,7.jpeg,AI,REAL,0
2026-08-11 16:10:59,P203,63,,daily,female,8.avif,AI,REAL,0
2026-08-11 16:10:59,P203,63,,daily,female,9.png,AI,AI,1
2026-08-11 16:10:59,P203,63,,daily,female,10.webp,REAL,REAL,1
2026-08-11 16:10:59,P203,63,,daily,female,11.jpg,AI,REAL,0
2026-08-11 16:10:59,P203,63,,daily,female,12.png,REAL,AI,0
2026-08-11 16:10:59,P203,63,,daily,female,13.jpg,REAL,AI,0
2026-08-11 16:10:59,P203,63,,daily,female,14.mp4,AI,REAL,0
2026-08-11 16:10:59,P203,63,,daily,female,15.png,AI,AI,1
2026-08-11 16:10:59,P203,63,,daily,female,16.mp4,REAL,REAL,1
2026-08-11 16:10:59,P203,63,,daily,female,17.mp4,REAL,AI,0
2026-08-11 16:10:59,P203,63,,daily,female,18.png,AI,AI,1
2026-08-11 16:10:59,P203,63,,daily,female,19.png,REAL,REAL,1
2026-08-11 16:10:59,P203,63,,daily,female,20.png,AI,AI,1
2026-08-11 16:10:59,P203,63,,daily,female,21.webp,AI,AI,1
2026-08-11 16:10:59,P203,63,,daily,female,22.webp,AI,REAL,0
2026-08-11 16:10:59,P203,63,,daily,female,23.jpg,REAL,REAL,1
2026-08-11 16:10:59,P203,63,,daily,female,24.mp4,REAL,AI,0
2026-08-11 16:10:59,P203,63,,daily,female,25.mov,AI,REAL,0
2026-08-11 16:10:59,P203,63,,daily,female,26.mov,AI,AI,1
2026-08-11 16:10:59,P203,63,,daily,female,27.jpeg,REAL,AI,0
2026-08-11 16:10:59,P203,63,,daily,female,28.jpg,AI,REAL,0
2026-08-11 16:10:59,P203,63,,daily,female,29.png,AI,REAL,0
2026-08-11 16:10:59,P203,63,,daily,female,30.jpg,AI,REAL,0
2026-08-11 16:10:59,P203,63,,daily,female,31.jpg,AI,AI,1
2026-08-11 16:10:59,P203,63,,daily,female,32.png,REAL,AI,0
2026-08-11 16:10:59,P203,63,,daily,female,33.png,REAL,REAL,1
2026-08-11 16:10:59,P203,63,,daily,female,34.png,REAL,REAL,1
2026-08-11 16:10:59,P203,63,,daily,female,35.png,REAL,AI,0
2026-08-11 16:10:59,P203,63,,daily,female,36.jpg,REAL,REAL,1
2026-08-11 16:10:59,P203,63,,daily,female,37.mp4,AI,REAL,0
2026-08-11 16:10:59,P203,63,,daily,female,38.mp4,REAL,AI,0
2026-08-11 16:12:40,P204,59,,never,male,1.jpg,AI,AI,1
2026-08-11 16:12:40,P204,59,,never,male,2.jpg,REAL,REAL,1
2026-08-11 16:12:40,P204,59,,never,male,3.jpg,REAL,REAL,1
2026-08-11 16:12:40,P204,59,,never,male,4.mp4,REAL,AI,0
2026-08-11 16:12:40,P204,59,,never,male,5.png,REAL,AI,0
2026-08-11 16:12:40,P204,59,,never,male,6.png,REAL,AI,0
2026-08-11 16:12:40,P204,59,,never,male,7.jpeg,AI,REAL,0
2026-08-11 16:12:40,P204,59,,never,male,8.avif,AI,REAL,0
2026-08-11 16:12:40,P204,59,,never,male,9.png,REAL,AI,0
2026-08-11 16:12:40,P204,59,,never,male,10.webp,AI,REAL,0
2026-08-11 16:12:40,P204,59,,never,male,11.jpg,REAL,REAL,1
2026-08-11 16:12:40,P204,59,,never,male,12.png,REAL,AI,0
2026-08-11 16:12:40,P204,59,,never,male,13.jpg,REAL,AI,0
2026-08-11 16:12:40,P204,59,,never,male,14.mp4,AI,REAL,0
2026-08-11 16:12:40,P204,59,,never,male,15.png,REAL,AI,0
2026-08-11 16:12:40,P204,59,,never,male,16.mp4,REAL,REAL,1
2026-08-11 16:12:40,P204,59,,never,male,17.mp4,REAL,AI,0
2026-08-11 16:12:40,P204,59,,never,male,18.png,REAL,AI,0
2026-08-11 16:12:40,P204,59,,never,male,19.png,AI,REAL,0
2026-08-11 16:12:40,P204,59,,never,male,20.png,REAL,AI,0
2026-08-11 16:12:40,P204,59,,never,male,21.webp,REAL,AI,0
2026-08-11 16:12:40,P204,59,,never,male,22.webp,REAL,REAL,1
2026-08-11 16:12:40,P204,59,,never,male,23.jpg,REAL,REAL,1
2026-08-11 16:12:40,P204,59,,never,male,24.mp4,AI,AI,1
2026-08-11 16:12:40,P204,59,,never,male,25.mov,REAL,REAL,1
2026-08-11 16:12:40,P204,59,,never,male,26.mov,AI,AI,1
2026-08-11 16:12:40,P204,59,,never,male,27.jpeg,REAL,AI,0
2026-08-11 16:12:40,P204,59,,never,male,28.jpg,AI,REAL,0
2026-08-11 16:12:40,P204,59,,never,male,29.png,AI,REAL,0
2026-08-11 16:12:40,P204,59,,never,male,30.jpg,AI,REAL,0
2026-08-11 16:12:40,P204,59,,never,male,31.jpg,AI,AI,1
2026-08-11 16:12:40,P204,59,,never,male,32.png,REAL,AI,0
2026-08-11 16:12:40,P204,59,,never,male,33.png,AI,REAL,0
2026-08-11 16:12:40,P204,59,,never,male,34.png,REAL,REAL,1
2026-08-11 16:12:40,P204,59,,never,male,35.png,REAL,AI,0
2026-08-11 16:12:40,P204,59,,never,male,36.jpg,AI,REAL,0
2026-08-11 16:12:40,P204,59,,never,male,37.mp4,AI,REAL,0
2026-08-11 16:12:40,P204,59,,never,male,38.mp4,AI,AI,1
2026-08-11 16:13:30,P205,55,,daily,female,1.jpg,REAL,AI,0
2026-08-11 16:13:30,P205,55,,daily,female,2.jpg,REAL,REAL,1
2026-08-11 16:13:30,P205,55,,daily,female,3.jpg,REAL,REAL,1
2026-08-11 16:13:30,P205,55,,daily,female,4.mp4,REAL,AI,0
2026-08-11 16:13:30,P205,55,,daily,female,5.png,REAL,AI,0
2026-08-11 16:13:30,P205,55,,daily,female,6.png,REAL,AI,0
2026-08-11 16:13:30,P205,55,,daily,female,7.jpeg,AI,REAL,0
2026-08-11 16:13:30,P205,55,,daily,female,8.avif,AI,REAL,0
2026-08-11 16:13:30,P205,55,,daily,female,9.png,AI,AI,1
2026-08-11 16:13:30,P205,55,,daily,female,10.webp,REAL,REAL,1
2026-08-11 16:13:30,P205,55,,daily,female,11.jpg,REAL,REAL,1
2026-08-11 16:13:30,P205,55,,daily,female,12.png,REAL,AI,0
2026-08-11 16:13:30,P205,55,,daily,female,13.jpg,REAL,AI,0
2026-08-11 16:13:30,P205,55,,daily,female,14.mp4,AI,REAL,0
2026-08-11 16:13:30,P205,55,,daily,female,15.png,REAL,AI,0
2026-08-11 16:13:30,P205,55,,daily,female,16.mp4,REAL,REAL,1
2026-08-11 16:13:30,P205,55,,daily,female,17.mp4,REAL,AI,0
2026-08-11 16:13:30,P205,55,,daily,female,18.png,REAL,AI,0
2026-08-11 16:13:30,P205,55,,daily,female,19.png,REAL,REAL,1
2026-08-11 16:13:30,P205,55,,daily,female,20.png,REAL,AI,0
2026-08-11 16:13:30,P205,55,,daily,female,21.webp,REAL,AI,0
2026-08-11 16:13:30,P205,55,,daily,female,22.webp,REAL,REAL,1
2026-08-11 16:13:30,P205,55,,daily,female,23.jpg,REAL,REAL,1
2026-08-11 16:13:30,P205,55,,daily,female,24.mp4,REAL,AI,0
2026-08-11 16:13:30,P205,55,,daily,female,25.mov,REAL,REAL,1
2026-08-11 16:13:30,P205,55,,daily,female,26.mov,REAL,AI,0
2026-08-11 16:13:30,P205,55,,daily,female,27.jpeg,REAL,AI,0
2026-08-11 16:13:30,P205,55,,daily,female,28.jpg,REAL,REAL,1
2026-08-11 16:13:30,P205,55,,daily,female,29.png,REAL,REAL,1
2026-08-11 16:13:30,P205,55,,daily,female,30.jpg,REAL,REAL,1
2026-08-11 16:13:30,P205,55,,daily,female,31.jpg,AI,AI,1
2026-08-11 16:13:30,P205,55,,daily,female,32.png,REAL,AI,0
2026-08-11 16:13:30,P205,55,,daily,female,33.png,REAL,REAL,1
2026-08-11 16:13:30,P205,55,,daily,female,34.png,REAL,REAL,1
2026-08-11 16:13:30,P205,55,,daily,female,35.png,REAL,AI,0
2026-08-11 16:13:30,P205,55,,daily,female,36.jpg,REAL,REAL,1
2026-08-11 16:13:30,P205,55,,daily,female,37.mp4,AI,REAL,0
2026-08-11 16:13:30,P205,55,,daily,female,38.mp4,REAL,AI,0
2026-08-11 16:16:52,P206,14,,never,male,1.jpg,AI,AI,1
2026-08-11 16:16:52,P206,14,,never,male,2.jpg,REAL,REAL,1
2026-08-11 16:16:52,P206,14,,never,male,3.jpg,AI,REAL,0
2026-08-11 16:16:52,P206,14,,never,male,4.mp4,REAL,AI,0
2026-08-11 16:16:52,P206,14,,never,male,5.png,AI,AI,1
2026-08-11 16:16:52,P206,14,,never,male,6.png,REAL,AI,0
2026-08-11 16:16:52,P206,14,,never,male,7.jpeg,REAL,REAL,1
2026-08-11 16:16:52,P206,14,,never,male,8.avif,AI,REAL,0
2026-08-11 16:16:52,P206,14,,never,male,9.png,REAL,AI,0
2026-08-11 16:16:52,P206,14,,never,male,10.webp,REAL,REAL,1
2026-08-11 16:16:52,P206,14,,never,male,11.jpg,REAL,REAL,1
2026-08-11 16:16:52,P206,14,,never,male,12.png,REAL,AI,0
2026-08-11 16:16:52,P206,14,,never,male,13.jpg,REAL,AI,0
2026-08-11 16:16:52,P206,14,,never,male,14.mp4,AI,REAL,0
2026-08-11 16:16:52,P206,14,,never,male,15.png,REAL,AI,0
2026-08-11 16:16:52,P206,14,,never,male,16.mp4,AI,REAL,0
2026-08-11 16:16:52,P206,14,,never,male,17.mp4,AI,AI,1
2026-08-11 16:16:52,P206,14,,never,male,18.png,AI,AI,1
2026-08-11 16:16:52,P206,14,,never,male,19.png,REAL,REAL,1
2026-08-11 16:16:52,P206,14,,never,male,20.png,AI,AI,1
2026-08-11 16:16:52,P206,14,,never,male,21.webp,REAL,AI,0
2026-08-11 16:16:52,P206,14,,never,male,22.webp,REAL,REAL,1
2026-08-11 16:16:52,P206,14,,never,male,23.jpg,REAL,REAL,1
2026-08-11 16:16:52,P206,14,,never,male,24.mp4,AI,AI,1
2026-08-11 16:16:52,P206,14,,never,male,25.mov,REAL,REAL,1
2026-08-11 16:16:52,P206,14,,never,male,26.mov,AI,AI,1
2026-08-11 16:16:52,P206,14,,never,male,27.jpeg,REAL,AI,0
2026-08-11 16:16:52,P206,14,,never,male,28.jpg,REAL,REAL,1
2026-08-11 16:16:52,P206,14,,never,male,29.png,AI,REAL,0
2026-08-11 16:16:52,P206,14,,never,male,30.jpg,REAL,REAL,1
2026-08-11 16:16:52,P206,14,,never,male,31.jpg,AI,AI,1
2026-08-11 16:16:52,P206,14,,never,male,32.png,REAL,AI,0
2026-08-11 16:16:52,P206,14,,never,male,33.png,REAL,REAL,1
2026-08-11 16:16:52,P206,14,,never,male,34.png,AI,REAL,0
2026-08-11 16:16:52,P206,14,,never,male,35.png,REAL,AI,0
2026-08-11 16:16:52,P206,14,,never,male,36.jpg,REAL,REAL,1
2026-08-11 16:16:52,P206,14,,never,male,37.mp4,AI,REAL,0
2026-08-11 16:16:52,P206,14,,never,male,38.mp4,REAL,AI,0
2026-08-11 16:19:00,P207,24,,daily,female,1.jpg,AI,AI,1
2026-08-11 16:19:00,P207,24,,daily,female,2.jpg,REAL,REAL,1
2026-08-11 16:19:00,P207,24,,daily,female,3.jpg,REAL,REAL,1
2026-08-11 16:19:00,P207,24,,daily,female,4.mp4,AI,AI,1
2026-08-11 16:19:00,P207,24,,daily,female,5.png,AI,AI,1
2026-08-11 16:19:00,P207,24,,daily,female,6.png,AI,AI,1
2026-08-11 16:19:00,P207,24,,daily,female,7.jpeg,REAL,REAL,1
2026-08-11 16:19:00,P207,24,,daily,female,8.avif,AI,REAL,0
2026-08-11 16:19:00,P207,24,,daily,female,9.png,REAL,AI,0
2026-08-11 16:19:00,P207,24,,daily,female,10.webp,REAL,REAL,1
2026-08-11 16:19:00,P207,24,,daily,female,11.jpg,REAL,REAL,1
2026-08-11 16:19:00,P207,24,,daily,female,12.png,REAL,AI,0
2026-08-11 16:19:00,P207,24,,daily,female,13.jpg,REAL,AI,0
2026-08-11 16:19:00,P207,24,,daily,female,14.mp4,AI,REAL,0
2026-08-11 16:19:00,P207,24,,daily,female,15.png,REAL,AI,0
2026-08-11 16:19:00,P207,24,,daily,female,16.mp4,AI,REAL,0
2026-08-11 16:19:00,P207,24,,daily,female,17.mp4,AI,AI,1
2026-08-11 16:19:00,P207,24,,daily,female,18.png,AI,AI,1
2026-08-11 16:19:00,P207,24,,daily,female,19.png,REAL,REAL,1
2026-08-11 16:19:00,P207,24,,daily,female,20.png,REAL,AI,0
2026-08-11 16:19:00,P207,24,,daily,female,21.webp,AI,AI,1
2026-08-11 16:19:00,P207,24,,daily,female,22.webp,REAL,REAL,1
2026-08-11 16:19:00,P207,24,,daily,female,23.jpg,REAL,REAL,1
2026-08-11 16:19:00,P207,24,,daily,female,24.mp4,AI,AI,1
2026-08-11 16:19:00,P207,24,,daily,female,25.mov,AI,REAL,0
2026-08-11 16:19:00,P207,24,,daily,female,26.mov,REAL,AI,0
2026-08-11 16:19:00,P207,24,,daily,female,27.jpeg,REAL,AI,0
2026-08-11 16:19:00,P207,24,,daily,female,28.jpg,REAL,REAL,1
2026-08-11 16:19:00,P207,24,,daily,female,29.png,REAL,REAL,1
2026-08-11 16:19:00,P207,24,,daily,female,30.jpg,REAL,REAL,1
2026-08-11 16:19:00,P207,24,,daily,female,31.jpg,AI,AI,1
2026-08-11 16:19:00,P207,24,,daily,female,32.png,REAL,AI,0
2026-08-11 16:19:00,P207,24,,daily,female,33.png,REAL,REAL,1
2026-08-11 16:19:00,P207,24,,daily,female,34.png,REAL,REAL,1
2026-08-11 16:19:00,P207,24,,daily,female,35.png,AI,AI,1
2026-08-11 16:19:00,P207,24,,daily,female,36.jpg,AI,REAL,0
2026-08-11 16:19:00,P207,24,,daily,female,37.mp4,AI,REAL,0
2026-08-11 16:19:00,P207,24,,daily,female,38.mp4,REAL,AI,0
2026-08-11 16:25:45,P208,46,,daily,prefer_not_to_say,1.jpg,REAL,AI,0
2026-08-11 16:25:45,P208,46,,daily,prefer_not_to_say,2.jpg,AI,REAL,0
2026-08-11 16:25:45,P208,46,,daily,prefer_not_to_say,3.jpg,REAL,REAL,1
2026-08-11 16:25:45,P208,46,,daily,prefer_not_to_say,4.mp4,AI,AI,1
2026-08-11 16:25:45,P208,46,,daily,prefer_not_to_say,5.png,REAL,AI,0
2026-08-11 16:25:45,P208,46,,daily,prefer_not_to_say,6.png,REAL,AI,0
2026-08-11 16:25:45,P208,46,,daily,prefer_not_to_say,7.jpeg,REAL,REAL,1
2026-08-11 16:25:45,P208,46,,daily,prefer_not_to_say,8.avif,REAL,REAL,1
2026-08-11 16:25:45,P208,46,,daily,prefer_not_to_say,9.png,REAL,AI,0
2026-08-11 16:25:45,P208,46,,daily,prefer_not_to_say,10.webp,REAL,REAL,1
2026-08-11 16:25:45,P208,46,,daily,prefer_not_to_say,11.jpg,REAL,REAL,1
2026-08-11 16:25:45,P208,46,,daily,prefer_not_to_say,12.png,REAL,AI,0
2026-08-11 16:25:45,P208,46,,daily,prefer_not_to_say,13.jpg,AI,AI,1
2026-08-11 16:25:45,P208,46,,daily,prefer_not_to_say,14.mp4,REAL,REAL,1
2026-08-11 16:25:45,P208,46,,daily,prefer_not_to_say,15.png,AI,AI,1
2026-08-11 16:25:45,P208,46,,daily,prefer_not_to_say,16.mp4,REAL,REAL,1
2026-08-11 16:25:45,P208,46,,daily,prefer_not_to_say,17.mp4,AI,AI,1
2026-08-11 16:25:45,P208,46,,daily,prefer_not_to_say,18.png,AI,AI,1
2026-08-11 16:25:45,P208,46,,daily,prefer_not_to_say,19.png,REAL,REAL,1
2026-08-11 16:25:45,P208,46,,daily,prefer_not_to_say,20.png,AI,AI,1
2026-08-11 16:25:45,P208,46,,daily,prefer_not_to_say,21.webp,REAL,AI,0
2026-08-11 16:25:45,P208,46,,daily,prefer_not_to_say,22.webp,REAL,REAL,1
2026-08-11 16:25:45,P208,46,,daily,prefer_not_to_say,23.jpg,REAL,REAL,1
2026-08-11 16:25:45,P208,46,,daily,prefer_not_to_say,24.mp4,REAL,AI,0
2026-08-11 16:25:45,P208,46,,daily,prefer_not_to_say,25.mov,REAL,REAL,1
2026-08-11 16:25:45,P208,46,,daily,prefer_not_to_say,26.mov,AI,AI,1
2026-08-11 16:25:45,P208,46,,daily,prefer_not_to_say,27.jpeg,REAL,AI,0
2026-08-11 16:25:45,P208,46,,daily,prefer_not_to_say,28.jpg,REAL,REAL,1
2026-08-11 16:25:45,P208,46,,daily,prefer_not_to_say,29.png,AI,REAL,0
2026-08-11 16:25:45,P208,46,,daily,prefer_not_to_say,30.jpg,REAL,REAL,1
2026-08-11 16:25:45,P208,46,,daily,prefer_not_to_say,31.jpg,AI,AI,1
2026-08-11 16:25:45,P208,46,,daily,prefer_not_to_say,32.png,REAL,AI,0
2026-08-11 16:25:45,P208,46,,daily,prefer_not_to_say,33.png,REAL,REAL,1
2026-08-11 16:25:45,P208,46,,daily,prefer_not_to_say,34.png,REAL,REAL,1
2026-08-11 16:25:45,P208,46,,daily,prefer_not_to_say,35.png,REAL,AI,0
2026-08-11 16:25:45,P208,46,,daily,prefer_not_to_say,36.jpg,REAL,REAL,1
2026-08-11 16:25:45,P208,46,,daily,prefer_not_to_say,37.mp4,AI,REAL,0
2026-08-11 16:25:45,P208,46,,daily,prefer_not_to_say,38.mp4,REAL,AI,0
2026-08-11 16:28:14,P209,48,,daily,male,1.jpg,REAL,AI,0
2026-08-11 16:28:14,P209,48,,daily,male,2.jpg,REAL,REAL,1
2026-08-11 16:28:14,P209,48,,daily,male,3.jpg,AI,REAL,0
2026-08-11 16:28:14,P209,48,,daily,male,4.mp4,REAL,AI,0
2026-08-11 16:28:14,P209,48,,daily,male,5.png,REAL,AI,0
2026-08-11 16:28:14,P209,48,,daily,male,6.png,REAL,AI,0
2026-08-11 16:28:14,P209,48,,daily,male,7.jpeg,AI,REAL,0
2026-08-11 16:28:14,P209,48,,daily,male,8.avif,AI,REAL,0
2026-08-11 16:28:14,P209,48,,daily,male,9.png,REAL,AI,0
2026-08-11 16:28:14,P209,48,,daily,male,10.webp,AI,REAL,0
2026-08-11 16:28:14,P209,48,,daily,male,11.jpg,AI,REAL,0
2026-08-11 16:28:14,P209,48,,daily,male,12.png,REAL,AI,0
2026-08-11 16:28:14,P209,48,,daily,male,13.jpg,REAL,AI,0
2026-08-11 16:28:14,P209,48,,daily,male,14.mp4,AI,REAL,0
2026-08-11 16:28:14,P209,48,,daily,male,15.png,AI,AI,1
2026-08-11 16:28:14,P209,48,,daily,male,16.mp4,REAL,REAL,1
2026-08-11 16:28:14,P209,48,,daily,male,17.mp4,AI,AI,1
2026-08-11 16:28:14,P209,48,,daily,male,18.png,AI,AI,1
2026-08-11 16:28:14,P209,48,,daily,male,19.png,AI,REAL,0
2026-08-11 16:28:14,P209,48,,daily,male,20.png,REAL,AI,0
2026-08-11 16:28:14,P209,48,,daily,male,21.webp,REAL,AI,0
2026-08-11 16:28:14,P209,48,,daily,male,22.webp,AI,REAL,0
2026-08-11 16:28:14,P209,48,,daily,male,23.jpg,REAL,REAL,1
2026-08-11 16:28:14,P209,48,,daily,male,24.mp4,AI,AI,1
2026-08-11 16:28:14,P209,48,,daily,male,25.mov,REAL,REAL,1
2026-08-11 16:28:14,P209,48,,daily,male,26.mov,AI,AI,1
2026-08-11 16:28:14,P209,48,,daily,male,27.jpeg,REAL,AI,0
2026-08-11 16:28:14,P209,48,,daily,male,28.jpg,REAL,REAL,1
2026-08-11 16:28:14,P209,48,,daily,male,29.png,AI,REAL,0
2026-08-11 16:28:14,P209,48,,daily,male,30.jpg,AI,REAL,0
2026-08-11 16:28:14,P209,48,,daily,male,31.jpg,REAL,AI,0
2026-08-11 16:28:14,P209,48,,daily,male,32.png,REAL,AI,0
2026-08-11 16:28:14,P209,48,,daily,male,33.png,REAL,REAL,1
2026-08-11 16:28:14,P209,48,,daily,male,34.png,REAL,REAL,1
2026-08-11 16:28:14,P209,48,,daily,male,35.png,REAL,AI,0
2026-08-11 16:28:14,P209,48,,daily,male,36.jpg,REAL,REAL,1
2026-08-11 16:28:14,P209,48,,daily,male,37.mp4,AI,REAL,0
2026-08-11 16:28:14,P209,48,,daily,male,38.mp4,AI,AI,1
2026-08-11 16:43:43,P210,18,,daily,male,1.jpg,REAL,AI,0
2026-08-11 16:43:43,P210,18,,daily,male,2.jpg,AI,REAL,0
2026-08-11 16:43:43,P210,18,,daily,male,3.jpg,AI,REAL,0
2026-08-11 16:43:43,P210,18,,daily,male,4.mp4,AI,AI,1
2026-08-11 16:43:43,P210,18,,daily,male,5.png,REAL,AI,0
2026-08-11 16:43:43,P210,18,,daily,male,6.png,REAL,AI,0
2026-08-11 16:43:43,P210,18,,daily,male,7.jpeg,REAL,REAL,1
2026-08-11 16:43:43,P210,18,,daily,male,8.avif,AI,REAL,0
2026-08-11 16:43:43,P210,18,,daily,male,9.png,AI,AI,1
2026-08-11 16:43:43,P210,18,,daily,male,10.webp,AI,REAL,0
2026-08-11 16:43:43,P210,18,,daily,male,11.jpg,AI,REAL,0
2026-08-11 16:43:43,P210,18,,daily,male,12.png,REAL,AI,0
2026-08-11 16:43:43,P210,18,,daily,male,13.jpg,REAL,AI,0
2026-08-11 16:43:43,P210,18,,daily,male,14.mp4,AI,REAL,0
2026-08-11 16:43:43,P210,18,,daily,male,15.png,AI,AI,1
2026-08-11 16:43:43,P210,18,,daily,male,16.mp4,REAL,REAL,1
2026-08-11 16:43:43,P210,18,,daily,male,17.mp4,AI,AI,1
2026-08-11 16:43:43,P210,18,,daily,male,18.png,REAL,AI,0
2026-08-11 16:43:43,P210,18,,daily,male,19.png,REAL,REAL,1
2026-08-11 16:43:43,P210,18,,daily,male,20.png,AI,AI,1
2026-08-11 16:43:43,P210,18,,daily,male,21.webp,REAL,AI,0
2026-08-11 16:43:43,P210,18,,daily,male,22.webp,REAL,REAL,1
2026-08-11 16:43:43,P210,18,,daily,male,23.jpg,REAL,REAL,1
2026-08-11 16:43:43,P210,18,,daily,male,24.mp4,AI,AI,1
2026-08-11 16:43:43,P210,18,,daily,male,25.mov,REAL,REAL,1
2026-08-11 16:43:43,P210,18,,daily,male,26.mov,REAL,AI,0
2026-08-11 16:43:43,P210,18,,daily,male,27.jpeg,AI,AI,1
2026-08-11 16:43:43,P210,18,,daily,male,28.jpg,REAL,REAL,1
2026-08-11 16:43:43,P210,18,,daily,male,29.png,REAL,REAL,1
2026-08-11 16:43:43,P210,18,,daily,male,30.jpg,REAL,REAL,1
2026-08-11 16:43:43,P210,18,,daily,male,31.jpg,AI,AI,1
2026-08-11 16:43:43,P210,18,,daily,male,32.png,REAL,AI,0
2026-08-11 16:43:43,P210,18,,daily,male,33.png,AI,REAL,0
2026-08-11 16:43:43,P210,18,,daily,male,34.png,AI,REAL,0
2026-08-11 16:43:43,P210,18,,daily,male,35.png,AI,AI,1
2026-08-11 16:43:43,P210,18,,daily,male,36.jpg,REAL,REAL,1
2026-08-11 16:43:43,P210,18,,daily,male,37.mp4,AI,REAL,0
2026-08-11 16:43:43,P210,18,,daily,male,38.mp4,REAL,AI,0
2026-08-11 16:44:23,P211,10,,never,female,1.jpg,AI,AI,1
2026-08-11 16:44:23,P211,10,,never,female,2.jpg,REAL,REAL,1
2026-08-11 16:44:23,P211,10,,never,female,3.jpg,REAL,REAL,1
2026-08-11 16:44:23,P211,10,,never,female,4.mp4,REAL,AI,0
2026-08-11 16:44:23,P211,10,,never,female,5.png,REAL,AI,0
2026-08-11 16:44:23,P211,10,,never,female,6.png,REAL,AI,0
2026-08-11 16:44:23,P211,10,,never,female,7.jpeg,AI,REAL,0
2026-08-11 16:44:23,P211,10,,never,female,8.avif,AI,REAL,0
2026-08-11 16:44:23,P211,10,,never,female,9.png,AI,AI,1
2026-08-11 16:44:23,P211,10,,never,female,10.webp,REAL,REAL,1
2026-08-11 16:44:23,P211,10,,never,female,11.jpg,REAL,REAL,1
2026-08-11 16:44:23,P211,10,,never,female,12.png,REAL,AI,0
2026-08-11 16:44:23,P211,10,,never,female,13.jpg,REAL,AI,0
2026-08-11 16:44:23,P211,10,,never,female,14.mp4,REAL,REAL,1
2026-08-11 16:44:23,P211,10,,never,female,15.png,REAL,AI,0
2026-08-11 16:44:23,P211,10,,never,female,16.mp4,AI,REAL,0
2026-08-11 16:44:23,P211,10,,never,female,17.mp4,AI,AI,1
2026-08-11 16:44:23,P211,10,,never,female,18.png,AI,AI,1
2026-08-11 16:44:23,P211,10,,never,female,19.png,AI,REAL,0
2026-08-11 16:44:23,P211,10,,never,female,20.png,REAL,AI,0
2026-08-11 16:44:23,P211,10,,never,female,21.webp,REAL,AI,0
2026-08-11 16:44:23,P211,10,,never,female,22.webp,AI,REAL,0
2026-08-11 16:44:23,P211,10,,never,female,23.jpg,AI,REAL,0
2026-08-11 16:44:23,P211,10,,never,female,24.mp4,REAL,AI,0
2026-08-11 16:44:23,P211,10,,never,female,25.mov,REAL,REAL,1
2026-08-11 16:44:23,P211,10,,never,female,26.mov,REAL,AI,0
2026-08-11 16:44:23,P211,10,,never,female,27.jpeg,REAL,AI,0
2026-08-11 16:44:23,P211,10,,never,female,28.jpg,REAL,REAL,1
2026-08-11 16:44:23,P211,10,,never,female,29.png,AI,REAL,0
2026-08-11 16:44:23,P211,10,,never,female,30.jpg,REAL,REAL,1
2026-08-11 16:44:23,P211,10,,never,female,31.jpg,REAL,AI,0
2026-08-11 16:44:23,P211,10,,never,female,32.png,REAL,AI,0
2026-08-11 16:44:23,P211,10,,never,female,33.png,REAL,REAL,1
2026-08-11 16:44:23,P211,10,,never,female,34.png,AI,REAL,0
2026-08-11 16:44:23,P211,10,,never,female,35.png,REAL,AI,0
2026-08-11 16:44:23,P211,10,,never,female,36.jpg,AI,REAL,0
2026-08-11 16:44:23,P211,10,,never,female,37.mp4,AI,REAL,0
2026-08-11 16:44:23,P211,10,,never,female,38.mp4,REAL,AI,0
2026-08-11 17:14:54,P212,45,,occasionally,female,1.jpg,REAL,AI,0
2026-08-11 17:14:54,P212,45,,occasionally,female,2.jpg,AI,REAL,0
2026-08-11 17:14:54,P212,45,,occasionally,female,3.jpg,REAL,REAL,1
2026-08-11 17:14:54,P212,45,,occasionally,female,4.mp4,REAL,AI,0
2026-08-11 17:14:54,P212,45,,occasionally,female,5.png,REAL,AI,0
2026-08-11 17:14:54,P212,45,,occasionally,female,6.png,REAL,AI,0
2026-08-11 17:14:54,P212,45,,occasionally,female,7.jpeg,AI,REAL,0
2026-08-11 17:14:54,P212,45,,occasionally,female,8.avif,AI,REAL,0
2026-08-11 17:14:54,P212,45,,occasionally,female,9.png,REAL,AI,0
2026-08-11 17:14:54,P212,45,,occasionally,female,10.webp,AI,REAL,0
2026-08-11 17:14:54,P212,45,,occasionally,female,11.jpg,AI,REAL,0
2026-08-11 17:14:54,P212,45,,occasionally,female,12.png,REAL,AI,0
2026-08-11 17:14:54,P212,45,,occasionally,female,13.jpg,REAL,AI,0
2026-08-11 17:14:54,P212,45,,occasionally,female,14.mp4,AI,REAL,0
2026-08-11 17:14:54,P212,45,,occasionally,female,15.png,AI,AI,1
2026-08-11 17:14:54,P212,45,,occasionally,female,16.mp4,REAL,REAL,1
2026-08-11 17:14:54,P212,45,,occasionally,female,17.mp4,AI,AI,1
2026-08-11 17:14:54,P212,45,,occasionally,female,18.png,REAL,AI,0
2026-08-11 17:14:54,P212,45,,occasionally,female,19.png,AI,REAL,0
2026-08-11 17:14:54,P212,45,,occasionally,female,20.png,REAL,AI,0
2026-08-11 17:14:54,P212,45,,occasionally,female,21.webp,REAL,AI,0
2026-08-11 17:14:54,P212,45,,occasionally,female,22.webp,AI,REAL,0
2026-08-11 17:14:54,P212,45,,occasionally,female,23.jpg,AI,REAL,0
2026-08-11 17:14:54,P212,45,,occasionally,female,24.mp4,REAL,AI,0
2026-08-11 17:14:54,P212,45,,occasionally,female,25.mov,REAL,REAL,1
2026-08-11 17:14:54,P212,45,,occasionally,female,26.mov,AI,AI,1
2026-08-11 17:14:54,P212,45,,occasionally,female,27.jpeg,REAL,AI,0
2026-08-11 17:14:54,P212,45,,occasionally,female,28.jpg,REAL,REAL,1
2026-08-11 17:14:54,P212,45,,occasionally,female,29.png,AI,REAL,0
2026-08-11 17:14:54,P212,45,,occasionally,female,30.jpg,REAL,REAL,1
2026-08-11 17:14:54,P212,45,,occasionally,female,31.jpg,AI,AI,1
2026-08-11 17:14:54,P212,45,,occasionally,female,32.png,REAL,AI,0
2026-08-11 17:14:54,P212,45,,occasionally,female,33.png,REAL,REAL,1
2026-08-11 17:14:54,P212,45,,occasionally,female,34.png,AI,REAL,0
2026-08-11 17:14:54,P212,45,,occasionally,female,35.png,REAL,AI,0
2026-08-11 17:14:54,P212,45,,occasionally,female,36.jpg,REAL,REAL,1
2026-08-11 17:14:54,P212,45,,occasionally,female,37.mp4,AI,REAL,0
2026-08-11 17:14:54,P212,45,,occasionally,female,38.mp4,AI,AI,1
2026-08-11 17:16:57,P213,10,,never,male,1.jpg,REAL,AI,0
2026-08-11 17:16:57,P213,10,,never,male,2.jpg,REAL,REAL,1
2026-08-11 17:16:57,P213,10,,never,male,3.jpg,AI,REAL,0
2026-08-11 17:16:57,P213,10,,never,male,4.mp4,AI,AI,1
2026-08-11 17:16:57,P213,10,,never,male,5.png,AI,AI,1
2026-08-11 17:16:57,P213,10,,never,male,6.png,REAL,AI,0
2026-08-11 17:16:57,P213,10,,never,male,7.jpeg,AI,REAL,0
2026-08-11 17:16:57,P213,10,,never,male,8.avif,AI,REAL,0
2026-08-11 17:16:57,P213,10,,never,male,9.png,REAL,AI,0
2026-08-11 17:16:57,P213,10,,never,male,10.webp,AI,REAL,0
2026-08-11 17:16:57,P213,10,,never,male,11.jpg,REAL,REAL,1
2026-08-11 17:16:57,P213,10,,never,male,12.png,AI,AI,1
2026-08-11 17:16:57,P213,10,,never,male,13.jpg,REAL,AI,0
2026-08-11 17:16:57,P213,10,,never,male,14.mp4,AI,REAL,0
2026-08-11 17:16:57,P213,10,,never,male,15.png,REAL,AI,0
2026-08-11 17:16:57,P213,10,,never,male,16.mp4,AI,REAL,0
2026-08-11 17:16:57,P213,10,,never,male,17.mp4,AI,AI,1
2026-08-11 17:16:57,P213,10,,never,male,18.png,AI,AI,1
2026-08-11 17:16:57,P213,10,,never,male,19.png,REAL,REAL,1
2026-08-11 17:16:57,P213,10,,never,male,20.png,REAL,AI,0
2026-08-11 17:16:57,P213,10,,never,male,21.webp,REAL,AI,0
2026-08-11 17:16:57,P213,10,,never,male,22.webp,AI,REAL,0
2026-08-11 17:16:57,P213,10,,never,male,23.jpg,REAL,REAL,1
2026-08-11 17:16:57,P213,10,,never,male,24.mp4,AI,AI,1
2026-08-11 17:16:57,P213,10,,never,male,25.mov,REAL,REAL,1
2026-08-11 17:16:57,P213,10,,never,male,26.mov,REAL,AI,0
2026-08-11 17:16:57,P213,10,,never,male,27.jpeg,REAL,AI,0
2026-08-11 17:16:57,P213,10,,never,male,28.jpg,AI,REAL,0
2026-08-11 17:16:57,P213,10,,never,male,29.png,AI,REAL,0
2026-08-11 17:16:57,P213,10,,never,male,30.jpg,REAL,REAL,1
2026-08-11 17:16:57,P213,10,,never,male,31.jpg,AI,AI,1
2026-08-11 17:16:57,P213,10,,never,male,32.png,REAL,AI,0
2026-08-11 17:16:57,P213,10,,never,male,33.png,REAL,REAL,1
2026-08-11 17:16:57,P213,10,,never,male,34.png,AI,REAL,0
2026-08-11 17:16:57,P213,10,,never,male,35.png,REAL,AI,0
2026-08-11 17:16:57,P213,10,,never,male,36.jpg,AI,REAL,0
2026-08-11 17:16:57,P213,10,,never,male,37.mp4,AI,REAL,0
2026-08-11 17:16:57,P213,10,,never,male,38.mp4,REAL,AI,0
2026-08-11 17:18:23,P214,48,,never,male,1.jpg,REAL,AI,0
2026-08-11 17:18:23,P214,48,,never,male,2.jpg,REAL,REAL,1
2026-08-11 17:18:23,P214,48,,never,male,3.jpg,REAL,REAL,1
2026-08-11 17:18:23,P214,48,,never,male,4.mp4,REAL,AI,0
2026-08-11 17:18:23,P214,48,,never,male,5.png,REAL,AI,0
2026-08-11 17:18:23,P214,48,,never,male,6.png,REAL,AI,0
2026-08-11 17:18:23,P214,48,,never,male,7.jpeg,REAL,REAL,1
2026-08-11 17:18:23,P214,48,,never,male,8.avif,REAL,REAL,1
2026-08-11 17:18:23,P214,48,,never,male,9.png,REAL,AI,0
2026-08-11 17:18:23,P214,48,,never,male,10.webp,AI,REAL,0
2026-08-11 17:18:23,P214,48,,never,male,11.jpg,AI,REAL,0
2026-08-11 17:18:23,P214,48,,never,male,12.png,REAL,AI,0
2026-08-11 17:18:23,P214,48,,never,male,13.jpg,REAL,AI,0
2026-08-11 17:18:23,P214,48,,never,male,14.mp4,REAL,REAL,1
2026-08-11 17:18:23,P214,48,,never,male,15.png,REAL,AI,0
2026-08-11 17:18:23,P214,48,,never,male,16.mp4,REAL,REAL,1
2026-08-11 17:18:23,P214,48,,never,male,17.mp4,REAL,AI,0
2026-08-11 17:18:23,P214,48,,never,male,18.png,REAL,AI,0
2026-08-11 17:18:23,P214,48,,never,male,19.png,REAL,REAL,1
2026-08-11 17:18:23,P214,48,,never,male,20.png,REAL,AI,0
2026-08-11 17:18:23,P214,48,,never,male,21.webp,REAL,AI,0
2026-08-11 17:18:23,P214,48,,never,male,22.webp,REAL,REAL,1
2026-08-11 17:18:23,P214,48,,never,male,23.jpg,REAL,REAL,1
2026-08-11 17:18:23,P214,48,,never,male,24.mp4,REAL,AI,0
2026-08-11 17:18:23,P214,48,,never,male,25.mov,REAL,REAL,1
2026-08-11 17:18:23,P214,48,,never,male,26.mov,REAL,AI,0
2026-08-11 17:18:23,P214,48,,never,male,27.jpeg,REAL,AI,0
2026-08-11 17:18:23,P214,48,,never,male,28.jpg,REAL,REAL,1
2026-08-11 17:18:23,P214,48,,never,male,29.png,AI,REAL,0
2026-08-11 17:18:23,P214,48,,never,male,30.jpg,AI,REAL,0
2026-08-11 17:18:23,P214,48,,never,male,31.jpg,REAL,AI,0
2026-08-11 17:18:23,P214,48,,never,male,32.png,AI,AI,1
2026-08-11 17:18:23,P214,48,,never,male,33.png,REAL,REAL,1
2026-08-11 17:18:23,P214,48,,never,male,34.png,REAL,REAL,1
2026-08-11 17:18:23,P214,48,,never,male,35.png,REAL,AI,0
2026-08-11 17:18:23,P214,48,,never,male,36.jpg,REAL,REAL,1
2026-08-11 17:18:23,P214,48,,never,male,37.mp4,AI,REAL,0
2026-08-11 17:18:23,P214,48,,never,male,38.mp4,AI,AI,1
2026-08-11 17:20:37,P215,14,,never,male,1.jpg,AI,AI,1
2026-08-11 17:20:37,P215,14,,never,male,2.jpg,REAL,REAL,1
2026-08-11 17:20:37,P215,14,,never,male,3.jpg,REAL,REAL,1
2026-08-11 17:20:37,P215,14,,never,male,4.mp4,AI,AI,1
2026-08-11 17:20:37,P215,14,,never,male,5.png,AI,AI,1
2026-08-11 17:20:37,P215,14,,never,male,6.png,REAL,AI,0
2026-08-11 17:20:37,P215,14,,never,male,7.jpeg,AI,REAL,0
2026-08-11 17:20:37,P215,14,,never,male,8.avif,AI,REAL,0
2026-08-11 17:20:37,P215,14,,never,male,9.png,REAL,AI,0
2026-08-11 17:20:37,P215,14,,never,male,10.webp,AI,REAL,0
2026-08-11 17:20:37,P215,14,,never,male,11.jpg,AI,REAL,0
2026-08-11 17:20:37,P215,14,,never,male,12.png,REAL,AI,0
2026-08-11 17:20:37,P215,14,,never,male,13.jpg,REAL,AI,0
2026-08-11 17:20:37,P215,14,,never,male,14.mp4,AI,REAL,0
2026-08-11 17:20:37,P215,14,,never,male,15.png,AI,AI,1
2026-08-11 17:20:37,P215,14,,never,male,16.mp4,AI,REAL,0
2026-08-11 17:20:37,P215,14,,never,male,17.mp4,AI,AI,1
2026-08-11 17:20:37,P215,14,,never,male,18.png,AI,AI,1
2026-08-11 17:20:37,P215,14,,never,male,19.png,REAL,REAL,1
2026-08-11 17:20:37,P215,14,,never,male,20.png,AI,AI,1
2026-08-11 17:20:37,P215,14,,never,male,21.webp,REAL,AI,0
2026-08-11 17:20:37,P215,14,,never,male,22.webp,REAL,REAL,1
2026-08-11 17:20:37,P215,14,,never,male,23.jpg,REAL,REAL,1
2026-08-11 17:20:37,P215,14,,never,male,24.mp4,AI,AI,1
2026-08-11 17:20:37,P215,14,,never,male,25.mov,REAL,REAL,1
2026-08-11 17:20:37,P215,14,,never,male,26.mov,REAL,AI,0
2026-08-11 17:20:37,P215,14,,never,male,27.jpeg,REAL,AI,0
2026-08-11 17:20:37,P215,14,,never,male,28.jpg,REAL,REAL,1
2026-08-11 17:20:37,P215,14,,never,male,29.png,REAL,REAL,1
2026-08-11 17:20:37,P215,14,,never,male,30.jpg,REAL,REAL,1
2026-08-11 17:20:37,P215,14,,never,male,31.jpg,AI,AI,1
2026-08-11 17:20:37,P215,14,,never,male,32.png,REAL,AI,0
2026-08-11 17:20:37,P215,14,,never,male,33.png,REAL,REAL,1
2026-08-11 17:20:37,P215,14,,never,male,34.png,REAL,REAL,1
2026-08-11 17:20:37,P215,14,,never,male,35.png,REAL,AI,0
2026-08-11 17:20:37,P215,14,,never,male,36.jpg,AI,REAL,0
2026-08-11 17:20:37,P215,14,,never,male,37.mp4,AI,REAL,0
2026-08-11 17:20:37,P215,14,,never,male,38.mp4,REAL,AI,0
2026-08-11 17:21:34,P216,41,,occasionally,female,1.jpg,REAL,AI,0
2026-08-11 17:21:34,P216,41,,occasionally,female,2.jpg,AI,REAL,0
2026-08-11 17:21:34,P216,41,,occasionally,female,3.jpg,REAL,REAL,1
2026-08-11 17:21:34,P216,41,,occasionally,female,4.mp4,AI,AI,1
2026-08-11 17:21:34,P216,41,,occasionally,female,5.png,REAL,AI,0
2026-08-11 17:21:34,P216,41,,occasionally,female,6.png,REAL,AI,0
2026-08-11 17:21:34,P216,41,,occasionally,female,7.jpeg,AI,REAL,0
2026-08-11 17:21:34,P216,41,,occasionally,female,8.avif,REAL,REAL,1
2026-08-11 17:21:34,P216,41,,occasionally,female,9.png,AI,AI,1
2026-08-11 17:21:34,P216,41,,occasionally,female,10.webp,AI,REAL,0
2026-08-11 17:21:34,P216,41,,occasionally,female,11.jpg,AI,REAL,0
2026-08-11 17:21:34,P216,41,,occasionally,female,12.png,REAL,AI,0
2026-08-11 17:21:34,P216,41,,occasionally,female,13.jpg,REAL,AI,0
2026-08-11 17:21:34,P216,41,,occasionally,female,14.mp4,REAL,REAL,1
2026-08-11 17:21:34,P216,41,,occasionally,female,15.png,AI,AI,1
2026-08-11 17:21:34,P216,41,,occasionally,female,16.mp4,REAL,REAL,1
2026-08-11 17:21:34,P216,41,,occasionally,female,17.mp4,REAL,AI,0
2026-08-11 17:21:34,P216,41,,occasionally,female,18.png,AI,AI,1
2026-08-11 17:21:34,P216,41,,occasionally,female,19.png,REAL,REAL,1
2026-08-11 17:21:34,P216,41,,occasionally,female,20.png,AI,AI,1
2026-08-11 17:21:34,P216,41,,occasionally,female,21.webp,REAL,AI,0
2026-08-11 17:21:34,P216,41,,occasionally,female,22.webp,REAL,REAL,1
2026-08-11 17:21:34,P216,41,,occasionally,female,23.jpg,REAL,REAL,1
2026-08-11 17:21:34,P216,41,,occasionally,female,24.mp4,AI,AI,1
2026-08-11 17:21:34,P216,41,,occasionally,female,25.mov,REAL,REAL,1
2026-08-11 17:21:34,P216,41,,occasionally,female,26.mov,AI,AI,1
2026-08-11 17:21:34,P216,41,,occasionally,female,27.jpeg,REAL,AI,0
2026-08-11 17:21:34,P216,41,,occasionally,female,28.jpg,AI,REAL,0
2026-08-11 17:21:34,P216,41,,occasionally,female,29.png,AI,REAL,0
2026-08-11 17:21:34,P216,41,,occasionally,female,30.jpg,AI,REAL,0
2026-08-11 17:21:34,P216,41,,occasionally,female,31.jpg,REAL,AI,0
2026-08-11 17:21:34,P216,41,,occasionally,female,32.png,REAL,AI,0
2026-08-11 17:21:34,P216,41,,occasionally,female,33.png,REAL,REAL,1
2026-08-11 17:21:34,P216,41,,occasionally,female,34.png,REAL,REAL,1
2026-08-11 17:21:34,P216,41,,occasionally,female,35.png,REAL,AI,0
2026-08-11 17:21:34,P216,41,,occasionally,female,36.jpg,REAL,REAL,1
2026-08-11 17:21:34,P216,41,,occasionally,female,37.mp4,AI,REAL,0
2026-08-11 17:21:34,P216,41,,occasionally,female,38.mp4,REAL,AI,0
2026-08-11 17:23:36,P217,50,,occasionally,male,1.jpg,AI,AI,1
2026-08-11 17:23:36,P217,50,,occasionally,male,2.jpg,REAL,REAL,1
2026-08-11 17:23:36,P217,50,,occasionally,male,3.jpg,REAL,REAL,1
2026-08-11 17:23:36,P217,50,,occasionally,male,4.mp4,REAL,AI,0
2026-08-11 17:23:36,P217,50,,occasionally,male,5.png,REAL,AI,0
2026-08-11 17:23:36,P217,50,,occasionally,male,6.png,REAL,AI,0
2026-08-11 17:23:36,P217,50,,occasionally,male,7.jpeg,AI,REAL,0
2026-08-11 17:23:36,P217,50,,occasionally,male,8.avif,AI,REAL,0
2026-08-11 17:23:36,P217,50,,occasionally,male,9.png,REAL,AI,0
2026-08-11 17:23:36,P217,50,,occasionally,male,10.webp,REAL,REAL,1
2026-08-11 17:23:36,P217,50,,occasionally,male,11.jpg,AI,REAL,0
2026-08-11 17:23:36,P217,50,,occasionally,male,12.png,REAL,AI,0
2026-08-11 17:23:36,P217,50,,occasionally,male,13.jpg,REAL,AI,0
2026-08-11 17:23:36,P217,50,,occasionally,male,14.mp4,AI,REAL,0
2026-08-11 17:23:36,P217,50,,occasionally,male,15.png,REAL,AI,0
2026-08-11 17:23:36,P217,50,,occasionally,male,16.mp4,REAL,REAL,1
2026-08-11 17:23:36,P217,50,,occasionally,male,17.mp4,AI,AI,1
2026-08-11 17:23:36,P217,50,,occasionally,male,18.png,REAL,AI,0
2026-08-11 17:23:36,P217,50,,occasionally,male,19.png,REAL,REAL,1
2026-08-11 17:23:36,P217,50,,occasionally,male,20.png,AI,AI,1
2026-08-11 17:23:36,P217,50,,occasionally,male,21.webp,REAL,AI,0
2026-08-11 17:23:36,P217,50,,occasionally,male,22.webp,AI,REAL,0
2026-08-11 17:23:36,P217,50,,occasionally,male,23.jpg,REAL,REAL,1
2026-08-11 17:23:36,P217,50,,occasionally,male,24.mp4,AI,AI,1
2026-08-11 17:23:36,P217,50,,occasionally,male,25.mov,AI,REAL,0
2026-08-11 17:23:36,P217,50,,occasionally,male,26.mov,REAL,AI,0
2026-08-11 17:23:36,P217,50,,occasionally,male,27.jpeg,REAL,AI,0
2026-08-11 17:23:36,P217,50,,occasionally,male,28.jpg,REAL,REAL,1
2026-08-11 17:23:36,P217,50,,occasionally,male,29.png,AI,REAL,0
2026-08-11 17:23:36,P217,50,,occasionally,male,30.jpg,AI,REAL,0
2026-08-11 17:23:36,P217,50,,occasionally,male,31.jpg,AI,AI,1
2026-08-11 17:23:36,P217,50,,occasionally,male,32.png,REAL,AI,0
2026-08-11 17:23:36,P217,50,,occasionally,male,33.png,REAL,REAL,1
2026-08-11 17:23:36,P217,50,,occasionally,male,34.png,AI,REAL,0
2026-08-11 17:23:36,P217,50,,occasionally,male,35.png,REAL,AI,0
2026-08-11 17:23:36,P217,50,,occasionally,male,36.jpg,REAL,REAL,1
2026-08-11 17:23:36,P217,50,,occasionally,male,37.mp4,AI,REAL,0
2026-08-11 17:23:36,P217,50,,occasionally,male,38.mp4,REAL,AI,0
2026-08-11 17:34:08,P218,17,,daily,prefer_not_to_say,1.jpg,REAL,AI,0
2026-08-11 17:34:08,P218,17,,daily,prefer_not_to_say,2.jpg,REAL,REAL,1
2026-08-11 17:34:08,P218,17,,daily,prefer_not_to_say,3.jpg,AI,REAL,0
2026-08-11 17:34:08,P218,17,,daily,prefer_not_to_say,4.mp4,AI,AI,1
2026-08-11 17:34:08,P218,17,,daily,prefer_not_to_say,5.png,AI,AI,1
2026-08-11 17:34:08,P218,17,,daily,prefer_not_to_say,6.png,REAL,AI,0
2026-08-11 17:34:08,P218,17,,daily,prefer_not_to_say,7.jpeg,AI,REAL,0
2026-08-11 17:34:08,P218,17,,daily,prefer_not_to_say,8.avif,AI,REAL,0
2026-08-11 17:34:08,P218,17,,daily,prefer_not_to_say,9.png,REAL,AI,0
2026-08-11 17:34:08,P218,17,,daily,prefer_not_to_say,10.webp,REAL,REAL,1
2026-08-11 17:34:08,P218,17,,daily,prefer_not_to_say,11.jpg,AI,REAL,0
2026-08-11 17:34:08,P218,17,,daily,prefer_not_to_say,12.png,REAL,AI,0
2026-08-11 17:34:08,P218,17,,daily,prefer_not_to_say,13.jpg,REAL,AI,0
2026-08-11 17:34:08,P218,17,,daily,prefer_not_to_say,14.mp4,REAL,REAL,1
2026-08-11 17:34:08,P218,17,,daily,prefer_not_to_say,15.png,AI,AI,1
2026-08-11 17:34:08,P218,17,,daily,prefer_not_to_say,16.mp4,REAL,REAL,1
2026-08-11 17:34:08,P218,17,,daily,prefer_not_to_say,17.mp4,AI,AI,1
2026-08-11 17:34:08,P218,17,,daily,prefer_not_to_say,18.png,REAL,AI,0
2026-08-11 17:34:08,P218,17,,daily,prefer_not_to_say,19.png,AI,REAL,0
2026-08-11 17:34:08,P218,17,,daily,prefer_not_to_say,20.png,REAL,AI,0
2026-08-11 17:34:08,P218,17,,daily,prefer_not_to_say,21.webp,AI,AI,1
2026-08-11 17:34:08,P218,17,,daily,prefer_not_to_say,22.webp,AI,REAL,0
2026-08-11 17:34:08,P218,17,,daily,prefer_not_to_say,23.jpg,REAL,REAL,1
2026-08-11 17:34:08,P218,17,,daily,prefer_not_to_say,24.mp4,AI,AI,1
2026-08-11 17:34:08,P218,17,,daily,prefer_not_to_say,25.mov,REAL,REAL,1
2026-08-11 17:34:08,P218,17,,daily,prefer_not_to_say,26.mov,AI,AI,1
2026-08-11 17:34:08,P218,17,,daily,prefer_not_to_say,27.jpeg,REAL,AI,0
2026-08-11 17:34:08,P218,17,,daily,prefer_not_to_say,28.jpg,REAL,REAL,1
2026-08-11 17:34:08,P218,17,,daily,prefer_not_to_say,29.png,AI,REAL,0
2026-08-11 17:34:08,P218,17,,daily,prefer_not_to_say,30.jpg,REAL,REAL,1
2026-08-11 17:34:08,P218,17,,daily,prefer_not_to_say,31.jpg,AI,AI,1
2026-08-11 17:34:08,P218,17,,daily,prefer_not_to_say,32.png,REAL,AI,0
2026-08-11 17:34:08,P218,17,,daily,prefer_not_to_say,33.png,REAL,REAL,1
2026-08-11 17:34:08,P218,17,,daily,prefer_not_to_say,34.png,REAL,REAL,1
2026-08-11 17:34:08,P218,17,,daily,prefer_not_to_say,35.png,REAL,AI,0
2026-08-11 17:34:08,P218,17,,daily,prefer_not_to_say,36.jpg,REAL,REAL,1
2026-08-11 17:34:08,P218,17,,daily,prefer_not_to_say,37.mp4,REAL,REAL,1
2026-08-11 17:34:08,P218,17,,daily,prefer_not_to_say,38.mp4,AI,AI,1
2026-08-11 17:44:20,P219,42,,daily,male,1.jpg,AI,AI,1
2026-08-11 17:44:20,P219,42,,daily,male,2.jpg,AI,REAL,0
2026-08-11 17:44:20,P219,42,,daily,male,3.jpg,REAL,REAL,1
2026-08-11 17:44:20,P219,42,,daily,male,4.mp4,AI,AI,1
2026-08-11 17:44:20,P219,42,,daily,male,5.png,AI,AI,1
2026-08-11 17:44:20,P219,42,,daily,male,6.png,AI,AI,1
2026-08-11 17:44:20,P219,42,,daily,male,7.jpeg,AI,REAL,0
2026-08-11 17:44:20,P219,42,,daily,male,8.avif,AI,REAL,0
2026-08-11 17:44:20,P219,42,,daily,male,9.png,AI,AI,1
2026-08-11 17:44:20,P219,42,,daily,male,10.webp,AI,REAL,0
2026-08-11 17:44:20,P219,42,,daily,male,11.jpg,AI,REAL,0
2026-08-11 17:44:20,P219,42,,daily,male,12.png,AI,AI,1
2026-08-11 17:44:20,P219,42,,daily,male,13.jpg,AI,AI,1
2026-08-11 17:44:20,P219,42,,daily,male,14.mp4,AI,REAL,0
2026-08-11 17:44:20,P219,42,,daily,male,15.png,AI,AI,1
2026-08-11 17:44:20,P219,42,,daily,male,16.mp4,AI,REAL,0
2026-08-11 17:44:20,P219,42,,daily,male,17.mp4,AI,AI,1
2026-08-11 17:44:20,P219,42,,daily,male,18.png,AI,AI,1
2026-08-11 17:44:20,P219,42,,daily,male,19.png,AI,REAL,0
2026-08-11 17:44:20,P219,42,,daily,male,20.png,REAL,AI,0
2026-08-11 17:44:20,P219,42,,daily,male,21.webp,REAL,AI,0
2026-08-11 17:44:20,P219,42,,daily,male,22.webp,AI,REAL,0
2026-08-11 17:44:20,P219,42,,daily,male,23.jpg,AI,REAL,0
2026-08-11 17:44:20,P219,42,,daily,male,24.mp4,AI,AI,1
2026-08-11 17:44:20,P219,42,,daily,male,25.mov,REAL,REAL,1
2026-08-11 17:44:20,P219,42,,daily,male,26.mov,AI,AI,1
2026-08-11 17:44:20,P219,42,,daily,male,27.jpeg,REAL,AI,0
2026-08-11 17:44:20,P219,42,,daily,male,28.jpg,AI,REAL,0
2026-08-11 17:44:20,P219,42,,daily,male,29.png,AI,REAL,0
2026-08-11 17:44:20,P219,42,,daily,male,30.jpg,AI,REAL,0
2026-08-11 17:44:20,P219,42,,daily,male,31.jpg,AI,AI,1
2026-08-11 17:44:20,P219,42,,daily,male,32.png,AI,AI,1
2026-08-11 17:44:20,P219,42,,daily,male,33.png,AI,REAL,0
2026-08-11 17:44:20,P219,42,,daily,male,34.png,REAL,REAL,1
2026-08-11 17:44:20,P219,42,,daily,male,35.png,AI,AI,1
2026-08-11 17:44:20,P219,42,,daily,male,36.jpg,AI,REAL,0
2026-08-11 17:44:20,P219,42,,daily,male,37.mp4,AI,REAL,0
2026-08-11 17:44:20,P219,42,,daily,male,38.mp4,AI,AI,1
2026-08-11 17:54:04,P220,7,,never,female,1.jpg,AI,AI,1
2026-08-11 17:54:04,P220,7,,never,female,2.jpg,REAL,REAL,1
2026-08-11 17:54:04,P220,7,,never,female,3.jpg,AI,REAL,0
2026-08-11 17:54:04,P220,7,,never,female,4.mp4,AI,AI,1
2026-08-11 17:54:04,P220,7,,never,female,5.png,REAL,AI,0
2026-08-11 17:54:04,P220,7,,never,female,6.png,AI,AI,1
2026-08-11 17:54:04,P220,7,,never,female,7.jpeg,AI,REAL,0
2026-08-11 17:54:04,P220,7,,never,female,8.avif,AI,REAL,0
2026-08-11 17:54:04,P220,7,,never,female,9.png,AI,AI,1
2026-08-11 17:54:04,P220,7,,never,female,10.webp,AI,REAL,0
2026-08-11 17:54:04,P220,7,,never,female,11.jpg,REAL,REAL,1
2026-08-11 17:54:04,P220,7,,never,female,12.png,AI,AI,1
2026-08-11 17:54:04,P220,7,,never,female,13.jpg,AI,AI,1
2026-08-11 17:54:04,P220,7,,never,female,14.mp4,AI,REAL,0
2026-08-11 17:54:04,P220,7,,never,female,15.png,AI,AI,1
2026-08-11 17:54:04,P220,7,,never,female,16.mp4,REAL,REAL,1
2026-08-11 17:54:04,P220,7,,never,female,17.mp4,REAL,AI,0
2026-08-11 17:54:04,P220,7,,never,female,18.png,REAL,AI,0
2026-08-11 17:54:04,P220,7,,never,female,19.png,AI,REAL,0
2026-08-11 17:54:04,P220,7,,never,female,20.png,AI,AI,1
2026-08-11 17:54:04,P220,7,,never,female,21.webp,REAL,AI,0
2026-08-11 17:54:04,P220,7,,never,female,22.webp,AI,REAL,0
2026-08-11 17:54:04,P220,7,,never,female,23.jpg,REAL,REAL,1
2026-08-11 17:54:04,P220,7,,never,female,24.mp4,AI,AI,1
2026-08-11 17:54:04,P220,7,,never,female,25.mov,AI,REAL,0
2026-08-11 17:54:04,P220,7,,never,female,26.mov,AI,AI,1
2026-08-11 17:54:04,P220,7,,never,female,27.jpeg,REAL,AI,0
2026-08-11 17:54:04,P220,7,,never,female,28.jpg,AI,REAL,0
2026-08-11 17:54:04,P220,7,,never,female,29.png,REAL,REAL,1
2026-08-11 17:54:04,P220,7,,never,female,30.jpg,REAL,REAL,1
2026-08-11 17:54:04,P220,7,,never,female,31.jpg,AI,AI,1
2026-08-11 17:54:04,P220,7,,never,female,32.png,AI,AI,1
2026-08-11 17:54:04,P220,7,,never,female,33.png,AI,REAL,0
2026-08-11 17:54:04,P220,7,,never,female,34.png,REAL,REAL,1
2026-08-11 17:54:04,P220,7,,never,female,35.png,REAL,AI,0
2026-08-11 17:54:04,P220,7,,never,female,36.jpg,AI,REAL,0
2026-08-11 17:54:04,P220,7,,never,female,37.mp4,AI,REAL,0
2026-08-11 17:54:04,P220,7,,never,female,38.mp4,AI,AI,1
2026-08-11 18:08:33,P221,21,,daily,male,1.jpg,AI,AI,1
2026-08-11 18:08:33,P221,21,,daily,male,2.jpg,AI,REAL,0
2026-08-11 18:08:33,P221,21,,daily,male,3.jpg,REAL,REAL,1
2026-08-11 18:08:33,P221,21,,daily,male,4.mp4,REAL,AI,0
2026-08-11 18:08:33,P221,21,,daily,male,5.png,AI,AI,1
2026-08-11 18:08:33,P221,21,,daily,male,6.png,AI,AI,1
2026-08-11 18:08:33,P221,21,,daily,male,7.jpeg,REAL,REAL,1
2026-08-11 18:08:33,P221,21,,daily,male,8.avif,AI,REAL,0
2026-08-11 18:08:33,P221,21,,daily,male,9.png,AI,AI,1
2026-08-11 18:08:33,P221,21,,daily,male,10.webp,REAL,REAL,1
2026-08-11 18:08:33,P221,21,,daily,male,11.jpg,AI,REAL,0
2026-08-11 18:08:33,P221,21,,daily,male,12.png,REAL,AI,0
2026-08-11 18:08:33,P221,21,,daily,male,13.jpg,REAL,AI,0
2026-08-11 18:08:33,P221,21,,daily,male,14.mp4,REAL,REAL,1
2026-08-11 18:08:33,P221,21,,daily,male,15.png,AI,AI,1
2026-08-11 18:08:33,P221,21,,daily,male,16.mp4,REAL,REAL,1
2026-08-11 18:08:33,P221,21,,daily,male,17.mp4,REAL,AI,0
2026-08-11 18:08:33,P221,21,,daily,male,18.png,REAL,AI,0
2026-08-11 18:08:33,P221,21,,daily,male,19.png,REAL,REAL,1
2026-08-11 18:08:33,P221,21,,daily,male,20.png,AI,AI,1
2026-08-11 18:08:33,P221,21,,daily,male,21.webp,REAL,AI,0
2026-08-11 18:08:33,P221,21,,daily,male,22.webp,AI,REAL,0
2026-08-11 18:08:33,P221,21,,daily,male,23.jpg,REAL,REAL,1
2026-08-11 18:08:33,P221,21,,daily,male,24.mp4,AI,AI,1
2026-08-11 18:08:33,P221,21,,daily,male,25.mov,REAL,REAL,1
2026-08-11 18:08:33,P221,21,,daily,male,26.mov,AI,AI,1
2026-08-11 18:08:33,P221,21,,daily,male,27.jpeg,AI,AI,1
2026-08-11 18:08:33,P221,21,,daily,male,28.jpg,REAL,REAL,1
2026-08-11 18:08:33,P221,21,,daily,male,29.png,REAL,REAL,1
2026-08-11 18:08:33,P221,21,,daily,male,30.jpg,REAL,REAL,1
2026-08-11 18:08:33,P221,21,,daily,male,31.jpg,AI,AI,1
2026-08-11 18:08:33,P221,21,,daily,male,32.png,AI,AI,1
2026-08-11 18:08:33,P221,21,,daily,male,33.png,AI,REAL,0
2026-08-11 18:08:33,P221,21,,daily,male,34.png,REAL,REAL,1
2026-08-11 18:08:33,P221,21,,daily,male,35.png,AI,AI,1
2026-08-11 18:08:33,P221,21,,daily,male,36.jpg,REAL,REAL,1
2026-08-11 18:08:33,P221,21,,daily,male,37.mp4,AI,REAL,0
2026-08-11 18:08:33,P221,21,,daily,male,38.mp4,AI,AI,1
2026-08-11 18:14:33,P222,16,,daily,female,1.jpg,AI,AI,1
2026-08-11 18:14:33,P222,16,,daily,female,2.jpg,AI,REAL,0
2026-08-11 18:14:33,P222,16,,daily,female,3.jpg,AI,REAL,0
2026-08-11 18:14:33,P222,16,,daily,female,4.mp4,AI,AI,1
2026-08-11 18:14:33,P222,16,,daily,female,5.png,REAL,AI,0
2026-08-11 18:14:33,P222,16,,daily,female,6.png,REAL,AI,0
2026-08-11 18:14:33,P222,16,,daily,female,7.jpeg,AI,REAL,0
2026-08-11 18:14:33,P222,16,,daily,female,8.avif,REAL,REAL,1
2026-08-11 18:14:33,P222,16,,daily,female,9.png,REAL,AI,0
2026-08-11 18:14:33,P222,16,,daily,female,10.webp,REAL,REAL,1
2026-08-11 18:14:33,P222,16,,daily,female,11.jpg,AI,REAL,0
2026-08-11 18:14:33,P222,16,,daily,female,12.png,REAL,AI,0
2026-08-11 18:14:33,P222,16,,daily,female,13.jpg,REAL,AI,0
2026-08-11 18:14:33,P222,16,,daily,female,14.mp4,AI,REAL,0
2026-08-11 18:14:33,P222,16,,daily,female,15.png,AI,AI,1
2026-08-11 18:14:33,P222,16,,daily,female,16.mp4,AI,REAL,0
2026-08-11 18:14:33,P222,16,,daily,female,17.mp4,AI,AI,1
2026-08-11 18:14:33,P222,16,,daily,female,18.png,REAL,AI,0
2026-08-11 18:14:33,P222,16,,daily,female,19.png,AI,REAL,0
2026-08-11 18:14:33,P222,16,,daily,female,20.png,REAL,AI,0
2026-08-11 18:14:33,P222,16,,daily,female,21.webp,REAL,AI,0
2026-08-11 18:14:33,P222,16,,daily,female,22.webp,AI,REAL,0
2026-08-11 18:14:33,P222,16,,daily,female,23.jpg,REAL,REAL,1
2026-08-11 18:14:33,P222,16,,daily,female,24.mp4,AI,AI,1
2026-08-11 18:14:33,P222,16,,daily,female,25.mov,REAL,REAL,1
2026-08-11 18:14:33,P222,16,,daily,female,26.mov,AI,AI,1
2026-08-11 18:14:33,P222,16,,daily,female,27.jpeg,AI,AI,1
2026-08-11 18:14:33,P222,16,,daily,female,28.jpg,REAL,REAL,1
2026-08-11 18:14:33,P222,16,,daily,female,29.png,REAL,REAL,1
2026-08-11 18:14:33,P222,16,,daily,female,30.jpg,REAL,REAL,1
2026-08-11 18:14:33,P222,16,,daily,female,31.jpg,AI,AI,1
2026-08-11 18:14:33,P222,16,,daily,female,32.png,REAL,AI,0
2026-08-11 18:14:33,P222,16,,daily,female,33.png,AI,REAL,0
2026-08-11 18:14:33,P222,16,,daily,female,34.png,REAL,REAL,1
2026-08-11 18:14:33,P222,16,,daily,female,35.png,REAL,AI,0
2026-08-11 18:14:33,P222,16,,daily,female,36.jpg,REAL,REAL,1
2026-08-11 18:14:33,P222,16,,daily,female,37.mp4,AI,REAL,0
2026-08-11 18:14:33,P222,16,,daily,female,38.mp4,AI,AI,1
2026-08-11 18:20:42,P223,46,,frequently,female,1.jpg,AI,AI,1
2026-08-11 18:20:42,P223,46,,frequently,female,2.jpg,REAL,REAL,1
2026-08-11 18:20:42,P223,46,,frequently,female,3.jpg,REAL,REAL,1
2026-08-11 18:20:42,P223,46,,frequently,female,4.mp4,REAL,AI,0
2026-08-11 18:20:42,P223,46,,frequently,female,5.png,REAL,AI,0
2026-08-11 18:20:42,P223,46,,frequently,female,6.png,REAL,AI,0
2026-08-11 18:20:42,P223,46,,frequently,female,7.jpeg,AI,REAL,0
2026-08-11 18:20:42,P223,46,,frequently,female,8.avif,REAL,REAL,1
2026-08-11 18:20:42,P223,46,,frequently,female,9.png,AI,AI,1
2026-08-11 18:20:42,P223,46,,frequently,female,10.webp,REAL,REAL,1
2026-08-11 18:20:42,P223,46,,frequently,female,11.jpg,AI,REAL,0
2026-08-11 18:20:42,P223,46,,frequently,female,12.png,REAL,AI,0
2026-08-11 18:20:42,P223,46,,frequently,female,13.jpg,REAL,AI,0
2026-08-11 18:20:42,P223,46,,frequently,female,14.mp4,AI,REAL,0
2026-08-11 18:20:42,P223,46,,frequently,female,15.png,AI,AI,1
2026-08-11 18:20:42,P223,46,,frequently,female,16.mp4,REAL,REAL,1
2026-08-11 18:20:42,P223,46,,frequently,female,17.mp4,REAL,AI,0
2026-08-11 18:20:42,P223,46,,frequently,female,18.png,REAL,AI,0
2026-08-11 18:20:42,P223,46,,frequently,female,19.png,AI,REAL,0
2026-08-11 18:20:42,P223,46,,frequently,female,20.png,AI,AI,1
2026-08-11 18:20:42,P223,46,,frequently,female,21.webp,AI,AI,1
2026-08-11 18:20:42,P223,46,,frequently,female,22.webp,AI,REAL,0
2026-08-11 18:20:42,P223,46,,frequently,female,23.jpg,REAL,REAL,1
2026-08-11 18:20:42,P223,46,,frequently,female,24.mp4,AI,AI,1
2026-08-11 18:20:42,P223,46,,frequently,female,25.mov,AI,REAL,0
2026-08-11 18:20:42,P223,46,,frequently,female,26.mov,REAL,AI,0
2026-08-11 18:20:42,P223,46,,frequently,female,27.jpeg,REAL,AI,0
2026-08-11 18:20:42,P223,46,,frequently,female,28.jpg,REAL,REAL,1
2026-08-11 18:20:42,P223,46,,frequently,female,29.png,AI,REAL,0
2026-08-11 18:20:42,P223,46,,frequently,female,30.jpg,REAL,REAL,1
2026-08-11 18:20:42,P223,46,,frequently,female,31.jpg,REAL,AI,0
2026-08-11 18:20:42,P223,46,,frequently,female,32.png,AI,AI,1
2026-08-11 18:20:42,P223,46,,frequently,female,33.png,REAL,REAL,1
2026-08-11 18:20:42,P223,46,,frequently,female,34.png,AI,REAL,0
2026-08-11 18:20:42,P223,46,,frequently,female,35.png,REAL,AI,0
2026-08-11 18:20:42,P223,46,,frequently,female,36.jpg,REAL,REAL,1
2026-08-11 18:20:42,P223,46,,frequently,female,37.mp4,AI,REAL,0
2026-08-11 18:20:42,P223,46,,frequently,female,38.mp4,AI,AI,1
2026-08-11 19:09:29,P224,19,,daily,female,1.jpg,AI,AI,1
2026-08-11 19:09:29,P224,19,,daily,female,2.jpg,REAL,REAL,1
2026-08-11 19:09:29,P224,19,,daily,female,3.jpg,REAL,REAL,1
2026-08-11 19:09:29,P224,19,,daily,female,4.mp4,AI,AI,1
2026-08-11 19:09:29,P224,19,,daily,female,5.png,REAL,AI,0
2026-08-11 19:09:29,P224,19,,daily,female,6.png,REAL,AI,0
2026-08-11 19:09:29,P224,19,,daily,female,7.jpeg,AI,REAL,0
2026-08-11 19:09:29,P224,19,,daily,female,8.avif,AI,REAL,0
2026-08-11 19:09:29,P224,19,,daily,female,9.png,AI,AI,1
2026-08-11 19:09:29,P224,19,,daily,female,10.webp,AI,REAL,0
2026-08-11 19:09:29,P224,19,,daily,female,11.jpg,REAL,REAL,1
2026-08-11 19:09:29,P224,19,,daily,female,12.png,AI,AI,1
2026-08-11 19:09:29,P224,19,,daily,female,13.jpg,AI,AI,1
2026-08-11 19:09:29,P224,19,,daily,female,14.mp4,AI,REAL,0
2026-08-11 19:09:29,P224,19,,daily,female,15.png,AI,AI,1
2026-08-11 19:09:29,P224,19,,daily,female,16.mp4,AI,REAL,0
2026-08-11 19:09:29,P224,19,,daily,female,17.mp4,AI,AI,1
2026-08-11 19:09:29,P224,19,,daily,female,18.png,AI,AI,1
2026-08-11 19:09:29,P224,19,,daily,female,19.png,AI,REAL,0
2026-08-11 19:09:29,P224,19,,daily,female,20.png,AI,AI,1
2026-08-11 19:09:29,P224,19,,daily,female,21.webp,AI,AI,1
2026-08-11 19:09:29,P224,19,,daily,female,22.webp,REAL,REAL,1
2026-08-11 19:09:29,P224,19,,daily,female,23.jpg,REAL,REAL,1
2026-08-11 19:09:29,P224,19,,daily,female,24.mp4,AI,AI,1
2026-08-11 19:09:29,P224,19,,daily,female,25.mov,REAL,REAL,1
2026-08-11 19:09:29,P224,19,,daily,female,26.mov,AI,AI,1
2026-08-11 19:09:29,P224,19,,daily,female,27.jpeg,AI,AI,1
2026-08-11 19:09:29,P224,19,,daily,female,28.jpg,REAL,REAL,1
2026-08-11 19:09:29,P224,19,,daily,female,29.png,AI,REAL,0
2026-08-11 19:09:29,P224,19,,daily,female,30.jpg,AI,REAL,0
2026-08-11 19:09:29,P224,19,,daily,female,31.jpg,AI,AI,1
2026-08-11 19:09:29,P224,19,,daily,female,32.png,AI,AI,1
2026-08-11 19:09:29,P224,19,,daily,female,33.png,REAL,REAL,1
2026-08-11 19:09:29,P224,19,,daily,female,34.png,AI,REAL,0
2026-08-11 19:09:29,P224,19,,daily,female,35.png,AI,AI,1
2026-08-11 19:09:29,P224,19,,daily,female,36.jpg,AI,REAL,0
2026-08-11 19:09:29,P224,19,,daily,female,37.mp4,AI,REAL,0
2026-08-11 19:09:29,P224,19,,daily,female,38.mp4,AI,AI,1
2026-08-11 19:14:51,P225,47,,daily,female,1.jpg,AI,AI,1
2026-08-11 19:14:51,P225,47,,daily,female,2.jpg,AI,REAL,0
2026-08-11 19:14:51,P225,47,,daily,female,3.jpg,REAL,REAL,1
2026-08-11 19:14:51,P225,47,,daily,female,4.mp4,REAL,AI,0
2026-08-11 19:14:51,P225,47,,daily,female,5.png,REAL,AI,0
2026-08-11 19:14:51,P225,47,,daily,female,6.png,REAL,AI,0
2026-08-11 19:14:51,P225,47,,daily,female,7.jpeg,AI,REAL,0
2026-08-11 19:14:51,P225,47,,daily,female,8.avif,REAL,REAL,1
2026-08-11 19:14:51,P225,47,,daily,female,9.png,REAL,AI,0
2026-08-11 19:14:51,P225,47,,daily,female,10.webp,REAL,REAL,1
2026-08-11 19:14:51,P225,47,,daily,female,11.jpg,REAL,REAL,1
2026-08-11 19:14:51,P225,47,,daily,female,12.png,REAL,AI,0
2026-08-11 19:14:51,P225,47,,daily,female,13.jpg,REAL,AI,0
2026-08-11 19:14:51,P225,47,,daily,female,14.mp4,AI,REAL,0
2026-08-11 19:14:51,P225,47,,daily,female,15.png,REAL,AI,0
2026-08-11 19:14:51,P225,47,,daily,female,16.mp4,REAL,REAL,1
2026-08-11 19:14:51,P225,47,,daily,female,17.mp4,REAL,AI,0
2026-08-11 19:14:51,P225,47,,daily,female,18.png,REAL,AI,0
2026-08-11 19:14:51,P225,47,,daily,female,19.png,REAL,REAL,1
2026-08-11 19:14:51,P225,47,,daily,female,20.png,REAL,AI,0
2026-08-11 19:14:51,P225,47,,daily,female,21.webp,REAL,AI,0
2026-08-11 19:14:51,P225,47,,daily,female,22.webp,REAL,REAL,1
2026-08-11 19:14:51,P225,47,,daily,female,23.jpg,REAL,REAL,1
2026-08-11 19:14:51,P225,47,,daily,female,24.mp4,REAL,AI,0
2026-08-11 19:14:51,P225,47,,daily,female,25.mov,REAL,REAL,1
2026-08-11 19:14:51,P225,47,,daily,female,26.mov,REAL,AI,0
2026-08-11 19:14:51,P225,47,,daily,female,27.jpeg,REAL,AI,0
2026-08-11 19:14:51,P225,47,,daily,female,28.jpg,REAL,REAL,1
2026-08-11 19:14:51,P225,47,,daily,female,29.png,REAL,REAL,1
2026-08-11 19:14:51,P225,47,,daily,female,30.jpg,REAL,REAL,1
2026-08-11 19:14:51,P225,47,,daily,female,31.jpg,REAL,AI,0
2026-08-11 19:14:51,P225,47,,daily,female,32.png,REAL,AI,0
2026-08-11 19:14:51,P225,47,,daily,female,33.png,REAL,REAL,1
2026-08-11 19:14:51,P225,47,,daily,female,34.png,REAL,REAL,1
2026-08-11 19:14:51,P225,47,,daily,female,35.png,REAL,AI,0
2026-08-11 19:14:51,P225,47,,daily,female,36.jpg,REAL,REAL,1
2026-08-11 19:14:51,P225,47,,daily,female,37.mp4,AI,REAL,0
2026-08-11 19:14:51,P225,47,,daily,female,38.mp4,REAL,AI,0
2026-08-11 19:53:19,P226,45,,frequently,female,1.jpg,REAL,AI,0
2026-08-11 19:53:19,P226,45,,frequently,female,2.jpg,REAL,REAL,1
2026-08-11 19:53:19,P226,45,,frequently,female,3.jpg,AI,REAL,0
2026-08-11 19:53:19,P226,45,,frequently,female,4.mp4,REAL,AI,0
2026-08-11 19:53:19,P226,45,,frequently,female,5.png,AI,AI,1
2026-08-11 19:53:19,P226,45,,frequently,female,6.png,REAL,AI,0
2026-08-11 19:53:19,P226,45,,frequently,female,7.jpeg,AI,REAL,0
2026-08-11 19:53:19,P226,45,,frequently,female,8.avif,AI,REAL,0
2026-08-11 19:53:19,P226,45,,frequently,female,9.png,REAL,AI,0
2026-08-11 19:53:19,P226,45,,frequently,female,10.webp,AI,REAL,0
2026-08-11 19:53:19,P226,45,,frequently,female,11.jpg,AI,REAL,0
2026-08-11 19:53:19,P226,45,,frequently,female,12.png,REAL,AI,0
2026-08-11 19:53:19,P226,45,,frequently,female,13.jpg,REAL,AI,0
2026-08-11 19:53:19,P226,45,,frequently,female,14.mp4,REAL,REAL,1
2026-08-11 19:53:19,P226,45,,frequently,female,15.png,AI,AI,1
2026-08-11 19:53:19,P226,45,,frequently,female,16.mp4,AI,REAL,0
2026-08-11 19:53:19,P226,45,,frequently,female,17.mp4,REAL,AI,0
2026-08-11 19:53:19,P226,45,,frequently,female,18.png,AI,AI,1
2026-08-11 19:53:19,P226,45,,frequently,female,19.png,AI,REAL,0
2026-08-11 19:53:19,P226,45,,frequently,female,20.png,REAL,AI,0
2026-08-11 19:53:19,P226,45,,frequently,female,21.webp,REAL,AI,0
2026-08-11 19:53:19,P226,45,,frequently,female,22.webp,AI,REAL,0
2026-08-11 19:53:19,P226,45,,frequently,female,23.jpg,REAL,REAL,1
2026-08-11 19:53:19,P226,45,,frequently,female,24.mp4,REAL,AI,0
2026-08-11 19:53:19,P226,45,,frequently,female,25.mov,AI,REAL,0
2026-08-11 19:53:19,P226,45,,frequently,female,26.mov,REAL,AI,0
2026-08-11 19:53:19,P226,45,,frequently,female,27.jpeg,REAL,AI,0
2026-08-11 19:53:19,P226,45,,frequently,female,28.jpg,REAL,REAL,1
2026-08-11 19:53:19,P226,45,,frequently,female,29.png,AI,REAL,0
2026-08-11 19:53:19,P226,45,,frequently,female,30.jpg,AI,REAL,0
2026-08-11 19:53:19,P226,45,,frequently,female,31.jpg,AI,AI,1
2026-08-11 19:53:19,P226,45,,frequently,female,32.png,REAL,AI,0
2026-08-11 19:53:19,P226,45,,frequently,female,33.png,REAL,REAL,1
2026-08-11 19:53:19,P226,45,,frequently,female,34.png,AI,REAL,0
2026-08-11 19:53:19,P226,45,,frequently,female,35.png,REAL,AI,0
2026-08-11 19:53:19,P226,45,,frequently,female,36.jpg,REAL,REAL,1
2026-08-11 19:53:19,P226,45,,frequently,female,37.mp4,REAL,REAL,1
2026-08-11 19:53:19,P226,45,,frequently,female,38.mp4,AI,AI,1
2026-08-11 20:02:18,P227,48,,frequently,male,1.jpg,REAL,AI,0
2026-08-11 20:02:18,P227,48,,frequently,male,2.jpg,AI,REAL,0
2026-08-11 20:02:18,P227,48,,frequently,male,3.jpg,AI,REAL,0
2026-08-11 20:02:18,P227,48,,frequently,male,4.mp4,AI,AI,1
2026-08-11 20:02:18,P227,48,,frequently,male,5.png,AI,AI,1
2026-08-11 20:02:18,P227,48,,frequently,male,6.png,AI,AI,1
2026-08-11 20:02:18,P227,48,,frequently,male,7.jpeg,AI,REAL,0
2026-08-11 20:02:18,P227,48,,frequently,male,8.avif,REAL,REAL,1
2026-08-11 20:02:18,P227,48,,frequently,male,9.png,REAL,AI,0
2026-08-11 20:02:18,P227,48,,frequently,male,10.webp,REAL,REAL,1
2026-08-11 20:02:18,P227,48,,frequently,male,11.jpg,AI,REAL,0
2026-08-11 20:02:18,P227,48,,frequently,male,12.png,REAL,AI,0
2026-08-11 20:02:18,P227,48,,frequently,male,13.jpg,AI,AI,1
2026-08-11 20:02:18,P227,48,,frequently,male,14.mp4,AI,REAL,0
2026-08-11 20:02:18,P227,48,,frequently,male,15.png,AI,AI,1
2026-08-11 20:02:18,P227,48,,frequently,male,16.mp4,AI,REAL,0
2026-08-11 20:02:18,P227,48,,frequently,male,17.mp4,AI,AI,1
2026-08-11 20:02:18,P227,48,,frequently,male,18.png,REAL,AI,0
2026-08-11 20:02:18,P227,48,,frequently,male,19.png,AI,REAL,0
2026-08-11 20:02:18,P227,48,,frequently,male,20.png,AI,AI,1
2026-08-11 20:02:18,P227,48,,frequently,male,21.webp,REAL,AI,0
2026-08-11 20:02:18,P227,48,,frequently,male,22.webp,AI,REAL,0
2026-08-11 20:02:18,P227,48,,frequently,male,23.jpg,AI,REAL,0
2026-08-11 20:02:18,P227,48,,frequently,male,24.mp4,REAL,AI,0
2026-08-11 20:02:18,P227,48,,frequently,male,25.mov,AI,REAL,0
2026-08-11 20:02:18,P227,48,,frequently,male,26.mov,REAL,AI,0
2026-08-11 20:02:18,P227,48,,frequently,male,27.jpeg,REAL,AI,0
2026-08-11 20:02:18,P227,48,,frequently,male,28.jpg,AI,REAL,0
2026-08-11 20:02:18,P227,48,,frequently,male,29.png,AI,REAL,0
2026-08-11 20:02:18,P227,48,,frequently,male,30.jpg,AI,REAL,0
2026-08-11 20:02:18,P227,48,,frequently,male,31.jpg,REAL,AI,0
2026-08-11 20:02:18,P227,48,,frequently,male,32.png,REAL,AI,0
2026-08-11 20:02:18,P227,48,,frequently,male,33.png,AI,REAL,0
2026-08-11 20:02:18,P227,48,,frequently,male,34.png,AI,REAL,0
2026-08-11 20:02:18,P227,48,,frequently,male,35.png,AI,AI,1
2026-08-11 20:02:18,P227,48,,frequently,male,36.jpg,REAL,REAL,1
2026-08-11 20:02:18,P227,48,,frequently,male,37.mp4,REAL,REAL,1
2026-08-11 20:02:18,P227,48,,frequently,male,38.mp4,REAL,AI,0
2026-08-11 20:03:36,P228,62,,frequently,male,1.jpg,AI,AI,1
2026-08-11 20:03:36,P228,62,,frequently,male,2.jpg,AI,REAL,0
2026-08-11 20:03:36,P228,62,,frequently,male,3.jpg,REAL,REAL,1
2026-08-11 20:03:36,P228,62,,frequently,male,4.mp4,AI,AI,1
2026-08-11 20:03:36,P228,62,,frequently,male,5.png,REAL,AI,0
2026-08-11 20:03:36,P228,62,,frequently,male,6.png,AI,AI,1
2026-08-11 20:03:36,P228,62,,frequently,male,7.jpeg,AI,REAL,0
2026-08-11 20:03:36,P228,62,,frequently,male,8.avif,AI,REAL,0
2026-08-11 20:03:36,P228,62,,frequently,male,9.png,REAL,AI,0
2026-08-11 20:03:36,P228,62,,frequently,male,10.webp,REAL,REAL,1
2026-08-11 20:03:36,P228,62,,frequently,male,11.jpg,AI,REAL,0
2026-08-11 20:03:36,P228,62,,frequently,male,12.png,AI,AI,1
2026-08-11 20:03:36,P228,62,,frequently,male,13.jpg,REAL,AI,0
2026-08-11 20:03:36,P228,62,,frequently,male,14.mp4,AI,REAL,0
2026-08-11 20:03:36,P228,62,,frequently,male,15.png,AI,AI,1
2026-08-11 20:03:36,P228,62,,frequently,male,16.mp4,REAL,REAL,1
2026-08-11 20:03:36,P228,62,,frequently,male,17.mp4,AI,AI,1
2026-08-11 20:03:36,P228,62,,frequently,male,18.png,AI,AI,1
2026-08-11 20:03:36,P228,62,,frequently,male,19.png,AI,REAL,0
2026-08-11 20:03:36,P228,62,,frequently,male,20.png,REAL,AI,0
2026-08-11 20:03:36,P228,62,,frequently,male,21.webp,AI,AI,1
2026-08-11 20:03:36,P228,62,,frequently,male,22.webp,AI,REAL,0
2026-08-11 20:03:36,P228,62,,frequently,male,23.jpg,REAL,REAL,1
2026-08-11 20:03:36,P228,62,,frequently,male,24.mp4,AI,AI,1
2026-08-11 20:03:36,P228,62,,frequently,male,25.mov,AI,REAL,0
2026-08-11 20:03:36,P228,62,,frequently,male,26.mov,AI,AI,1
2026-08-11 20:03:36,P228,62,,frequently,male,27.jpeg,REAL,AI,0
2026-08-11 20:03:36,P228,62,,frequently,male,28.jpg,REAL,REAL,1
2026-08-11 20:03:36,P228,62,,frequently,male,29.png,AI,REAL,0
2026-08-11 20:03:36,P228,62,,frequently,male,30.jpg,AI,REAL,0
2026-08-11 20:03:36,P228,62,,frequently,male,31.jpg,AI,AI,1
2026-08-11 20:03:36,P228,62,,frequently,male,32.png,REAL,AI,0
2026-08-11 20:03:36,P228,62,,frequently,male,33.png,REAL,REAL,1
2026-08-11 20:03:36,P228,62,,frequently,male,34.png,REAL,REAL,1
2026-08-11 20:03:36,P228,62,,frequently,male,35.png,REAL,AI,0
2026-08-11 20:03:36,P228,62,,frequently,male,36.jpg,AI,REAL,0
2026-08-11 20:03:36,P228,62,,frequently,male,37.mp4,AI,REAL,0
2026-08-11 20:03:36,P228,62,,frequently,male,38.mp4,AI,AI,1
2026-08-11 20:08:56,P229,49,,daily,male,1.jpg,REAL,AI,0
2026-08-11 20:08:56,P229,49,,daily,male,2.jpg,AI,REAL,0
2026-08-11 20:08:56,P229,49,,daily,male,3.jpg,AI,REAL,0
2026-08-11 20:08:56,P229,49,,daily,male,4.mp4,AI,AI,1
2026-08-11 20:08:56,P229,49,,daily,male,5.png,REAL,AI,0
2026-08-11 20:08:56,P229,49,,daily,male,6.png,REAL,AI,0
2026-08-11 20:08:56,P229,49,,daily,male,7.jpeg,AI,REAL,0
2026-08-11 20:08:56,P229,49,,daily,male,8.avif,REAL,REAL,1
2026-08-11 20:08:56,P229,49,,daily,male,9.png,REAL,AI,0
2026-08-11 20:08:56,P229,49,,daily,male,10.webp,REAL,REAL,1
2026-08-11 20:08:56,P229,49,,daily,male,11.jpg,AI,REAL,0
2026-08-11 20:08:56,P229,49,,daily,male,12.png,REAL,AI,0
2026-08-11 20:08:56,P229,49,,daily,male,13.jpg,REAL,AI,0
2026-08-11 20:08:56,P229,49,,daily,male,14.mp4,AI,REAL,0
2026-08-11 20:08:56,P229,49,,daily,male,15.png,REAL,AI,0
2026-08-11 20:08:56,P229,49,,daily,male,16.mp4,REAL,REAL,1
2026-08-11 20:08:56,P229,49,,daily,male,17.mp4,REAL,AI,0
2026-08-11 20:08:56,P229,49,,daily,male,18.png,AI,AI,1
2026-08-11 20:08:56,P229,49,,daily,male,19.png,AI,REAL,0
2026-08-11 20:08:56,P229,49,,daily,male,20.png,REAL,AI,0
2026-08-11 20:08:56,P229,49,,daily,male,21.webp,REAL,AI,0
2026-08-11 20:08:56,P229,49,,daily,male,22.webp,REAL,REAL,1
2026-08-11 20:08:56,P229,49,,daily,male,23.jpg,AI,REAL,0
2026-08-11 20:08:56,P229,49,,daily,male,24.mp4,REAL,AI,0
2026-08-11 20:08:56,P229,49,,daily,male,25.mov,AI,REAL,0
2026-08-11 20:08:56,P229,49,,daily,male,26.mov,AI,AI,1
2026-08-11 20:08:56,P229,49,,daily,male,27.jpeg,REAL,AI,0
2026-08-11 20:08:56,P229,49,,daily,male,28.jpg,REAL,REAL,1
2026-08-11 20:08:56,P229,49,,daily,male,29.png,AI,REAL,0
2026-08-11 20:08:56,P229,49,,daily,male,30.jpg,AI,REAL,0
2026-08-11 20:08:56,P229,49,,daily,male,31.jpg,AI,AI,1
2026-08-11 20:08:56,P229,49,,daily,male,32.png,AI,AI,1
2026-08-11 20:08:56,P229,49,,daily,male,33.png,REAL,REAL,1
2026-08-11 20:08:56,P229,49,,daily,male,34.png,AI,REAL,0
2026-08-11 20:08:56,P229,49,,daily,male,35.png,AI,AI,1
2026-08-11 20:08:56,P229,49,,daily,male,36.jpg,AI,REAL,0
2026-08-11 20:08:56,P229,49,,daily,male,37.mp4,AI,REAL,0
2026-08-11 20:08:56,P229,49,,daily,male,38.mp4,REAL,AI,0
2026-08-11 20:54:43,P230,55,,daily,male,1.jpg,REAL,AI,0
2026-08-11 20:54:43,P230,55,,daily,male,2.jpg,REAL,REAL,1
2026-08-11 20:54:43,P230,55,,daily,male,3.jpg,AI,REAL,0
2026-08-11 20:54:43,P230,55,,daily,male,4.mp4,REAL,AI,0
2026-08-11 20:54:43,P230,55,,daily,male,5.png,REAL,AI,0
2026-08-11 20:54:43,P230,55,,daily,male,6.png,REAL,AI,0
2026-08-11 20:54:43,P230,55,,daily,male,7.jpeg,AI,REAL,0
2026-08-11 20:54:43,P230,55,,daily,male,8.avif,AI,REAL,0
2026-08-11 20:54:43,P230,55,,daily,male,9.png,REAL,AI,0
2026-08-11 20:54:43,P230,55,,daily,male,10.webp,AI,REAL,0
2026-08-11 20:54:43,P230,55,,daily,male,11.jpg,AI,REAL,0
2026-08-11 20:54:43,P230,55,,daily,male,12.png,REAL,AI,0
2026-08-11 20:54:43,P230,55,,daily,male,13.jpg,REAL,AI,0
2026-08-11 20:54:43,P230,55,,daily,male,14.mp4,REAL,REAL,1
2026-08-11 20:54:43,P230,55,,daily,male,15.png,REAL,AI,0
2026-08-11 20:54:43,P230,55,,daily,male,16.mp4,REAL,REAL,1
2026-08-11 20:54:43,P230,55,,daily,male,17.mp4,REAL,AI,0
2026-08-11 20:54:43,P230,55,,daily,male,18.png,REAL,AI,0
2026-08-11 20:54:43,P230,55,,daily,male,19.png,AI,REAL,0
2026-08-11 20:54:43,P230,55,,daily,male,20.png,REAL,AI,0
2026-08-11 20:54:43,P230,55,,daily,male,21.webp,REAL,AI,0
2026-08-11 20:54:43,P230,55,,daily,male,22.webp,AI,REAL,0
2026-08-11 20:54:43,P230,55,,daily,male,23.jpg,AI,REAL,0
2026-08-11 20:54:43,P230,55,,daily,male,24.mp4,AI,AI,1
2026-08-11 20:54:43,P230,55,,daily,male,25.mov,AI,REAL,0
2026-08-11 20:54:43,P230,55,,daily,male,26.mov,AI,AI,1
2026-08-11 20:54:43,P230,55,,daily,male,27.jpeg,REAL,AI,0
2026-08-11 20:54:43,P230,55,,daily,male,28.jpg,AI,REAL,0
2026-08-11 20:54:43,P230,55,,daily,male,29.png,REAL,REAL,1
2026-08-11 20:54:43,P230,55,,daily,male,30.jpg,AI,REAL,0
2026-08-11 20:54:43,P230,55,,daily,male,31.jpg,AI,AI,1
2026-08-11 20:54:43,P230,55,,daily,male,32.png,REAL,AI,0
2026-08-11 20:54:43,P230,55,,daily,male,33.png,REAL,REAL,1
2026-08-11 20:54:43,P230,55,,daily,male,34.png,REAL,REAL,1
2026-08-11 20:54:43,P230,55,,daily,male,35.png,REAL,AI,0
2026-08-11 20:54:43,P230,55,,daily,male,36.jpg,AI,REAL,0
2026-08-11 20:54:43,P230,55,,daily,male,37.mp4,REAL,REAL,1
2026-08-11 20:54:43,P230,55,,daily,male,38.mp4,REAL,AI,0
2026-08-11 20:54:44,P231,52,,occasionally,female,1.jpg,AI,AI,1
2026-08-11 20:54:44,P231,52,,occasionally,female,2.jpg,AI,REAL,0
2026-08-11 20:54:44,P231,52,,occasionally,female,3.jpg,REAL,REAL,1
2026-08-11 20:54:44,P231,52,,occasionally,female,4.mp4,AI,AI,1
2026-08-11 20:54:44,P231,52,,occasionally,female,5.png,REAL,AI,0
2026-08-11 20:54:44,P231,52,,occasionally,female,6.png,REAL,AI,0
2026-08-11 20:54:44,P231,52,,occasionally,female,7.jpeg,AI,REAL,0
2026-08-11 20:54:44,P231,52,,occasionally,female,8.avif,AI,REAL,0
2026-08-11 20:54:44,P231,52,,occasionally,female,9.png,REAL,AI,0
2026-08-11 20:54:44,P231,52,,occasionally,female,10.webp,AI,REAL,0
2026-08-11 20:54:44,P231,52,,occasionally,female,11.jpg,AI,REAL,0
2026-08-11 20:54:44,P231,52,,occasionally,female,12.png,REAL,AI,0
2026-08-11 20:54:44,P231,52,,occasionally,female,13.jpg,REAL,AI,0
2026-08-11 20:54:44,P231,52,,occasionally,female,14.mp4,AI,REAL,0
2026-08-11 20:54:44,P231,52,,occasionally,female,15.png,AI,AI,1
2026-08-11 20:54:44,P231,52,,occasionally,female,16.mp4,AI,REAL,0
2026-08-11 20:54:44,P231,52,,occasionally,female,17.mp4,AI,AI,1
2026-08-11 20:54:44,P231,52,,occasionally,female,18.png,REAL,AI,0
2026-08-11 20:54:44,P231,52,,occasionally,female,19.png,REAL,REAL,1
2026-08-11 20:54:44,P231,52,,occasionally,female,20.png,AI,AI,1
2026-08-11 20:54:44,P231,52,,occasionally,female,21.webp,REAL,AI,0
2026-08-11 20:54:44,P231,52,,occasionally,female,22.webp,AI,REAL,0
2026-08-11 20:54:44,P231,52,,occasionally,female,23.jpg,AI,REAL,0
2026-08-11 20:54:44,P231,52,,occasionally,female,24.mp4,REAL,AI,0
2026-08-11 20:54:44,P231,52,,occasionally,female,25.mov,AI,REAL,0
2026-08-11 20:54:44,P231,52,,occasionally,female,26.mov,REAL,AI,0
2026-08-11 20:54:44,P231,52,,occasionally,female,27.jpeg,REAL,AI,0
2026-08-11 20:54:44,P231,52,,occasionally,female,28.jpg,REAL,REAL,1
2026-08-11 20:54:44,P231,52,,occasionally,female,29.png,AI,REAL,0
2026-08-11 20:54:44,P231,52,,occasionally,female,30.jpg,AI,REAL,0
2026-08-11 20:54:44,P231,52,,occasionally,female,31.jpg,AI,AI,1
2026-08-11 20:54:44,P231,52,,occasionally,female,32.png,REAL,AI,0
2026-08-11 20:54:44,P231,52,,occasionally,female,33.png,REAL,REAL,1
2026-08-11 20:54:44,P231,52,,occasionally,female,34.png,AI,REAL,0
2026-08-11 20:54:44,P231,52,,occasionally,female,35.png,REAL,AI,0
2026-08-11 20:54:44,P231,52,,occasionally,female,36.jpg,REAL,REAL,1
2026-08-11 20:54:44,P231,52,,occasionally,female,37.mp4,REAL,REAL,1
2026-08-11 20:54:44,P231,52,,occasionally,female,38.mp4,REAL,AI,0
2026-08-11 20:55:27,P232,48,,daily,female,1.jpg,AI,AI,1
2026-08-11 20:55:27,P232,48,,daily,female,2.jpg,AI,REAL,0
2026-08-11 20:55:27,P232,48,,daily,female,3.jpg,REAL,REAL,1
2026-08-11 20:55:27,P232,48,,daily,female,4.mp4,AI,AI,1
2026-08-11 20:55:27,P232,48,,daily,female,5.png,REAL,AI,0
2026-08-11 20:55:27,P232,48,,daily,female,6.png,REAL,AI,0
2026-08-11 20:55:27,P232,48,,daily,female,7.jpeg,AI,REAL,0
2026-08-11 20:55:27,P232,48,,daily,female,8.avif,AI,REAL,0
2026-08-11 20:55:27,P232,48,,daily,female,9.png,AI,AI,1
2026-08-11 20:55:27,P232,48,,daily,female,10.webp,REAL,REAL,1
2026-08-11 20:55:27,P232,48,,daily,female,11.jpg,AI,REAL,0
2026-08-11 20:55:27,P232,48,,daily,female,12.png,REAL,AI,0
2026-08-11 20:55:27,P232,48,,daily,female,13.jpg,REAL,AI,0
2026-08-11 20:55:27,P232,48,,daily,female,14.mp4,AI,REAL,0
2026-08-11 20:55:27,P232,48,,daily,female,15.png,AI,AI,1
2026-08-11 20:55:27,P232,48,,daily,female,16.mp4,AI,REAL,0
2026-08-11 20:55:27,P232,48,,daily,female,17.mp4,REAL,AI,0
2026-08-11 20:55:27,P232,48,,daily,female,18.png,AI,AI,1
2026-08-11 20:55:27,P232,48,,daily,female,19.png,REAL,REAL,1
2026-08-11 20:55:27,P232,48,,daily,female,20.png,REAL,AI,0
2026-08-11 20:55:27,P232,48,,daily,female,21.webp,REAL,AI,0
2026-08-11 20:55:27,P232,48,,daily,female,22.webp,AI,REAL,0
2026-08-11 20:55:27,P232,48,,daily,female,23.jpg,REAL,REAL,1
2026-08-11 20:55:27,P232,48,,daily,female,24.mp4,REAL,AI,0
2026-08-11 20:55:27,P232,48,,daily,female,25.mov,REAL,REAL,1
2026-08-11 20:55:27,P232,48,,daily,female,26.mov,AI,AI,1
2026-08-11 20:55:27,P232,48,,daily,female,27.jpeg,AI,AI,1
2026-08-11 20:55:27,P232,48,,daily,female,28.jpg,REAL,REAL,1
2026-08-11 20:55:27,P232,48,,daily,female,29.png,AI,REAL,0
2026-08-11 20:55:27,P232,48,,daily,female,30.jpg,REAL,REAL,1
2026-08-11 20:55:27,P232,48,,daily,female,31.jpg,REAL,AI,0
2026-08-11 20:55:27,P232,48,,daily,female,32.png,AI,AI,1
2026-08-11 20:55:27,P232,48,,daily,female,33.png,REAL,REAL,1
2026-08-11 20:55:27,P232,48,,daily,female,34.png,AI,REAL,0
2026-08-11 20:55:27,P232,48,,daily,female,35.png,AI,AI,1
2026-08-11 20:55:27,P232,48,,daily,female,36.jpg,AI,REAL,0
2026-08-11 20:55:27,P232,48,,daily,female,37.mp4,AI,REAL,0
2026-08-11 20:55:27,P232,48,,daily,female,38.mp4,REAL,AI,0
2026-08-11 20:58:02,P233,24,,frequently,male,1.jpg,REAL,AI,0
2026-08-11 20:58:02,P233,24,,frequently,male,2.jpg,AI,REAL,0
2026-08-11 20:58:02,P233,24,,frequently,male,3.jpg,REAL,REAL,1
2026-08-11 20:58:02,P233,24,,frequently,male,4.mp4,AI,AI,1
2026-08-11 20:58:02,P233,24,,frequently,male,5.png,REAL,AI,0
2026-08-11 20:58:02,P233,24,,frequently,male,6.png,REAL,AI,0
2026-08-11 20:58:02,P233,24,,frequently,male,7.jpeg,AI,REAL,0
2026-08-11 20:58:02,P233,24,,frequently,male,8.avif,REAL,REAL,1
2026-08-11 20:58:02,P233,24,,frequently,male,9.png,REAL,AI,0
2026-08-11 20:58:02,P233,24,,frequently,male,10.webp,REAL,REAL,1
2026-08-11 20:58:02,P233,24,,frequently,male,11.jpg,AI,REAL,0
2026-08-11 20:58:02,P233,24,,frequently,male,12.png,REAL,AI,0
2026-08-11 20:58:02,P233,24,,frequently,male,13.jpg,REAL,AI,0
2026-08-11 20:58:02,P233,24,,frequently,male,14.mp4,AI,REAL,0
2026-08-11 20:58:02,P233,24,,frequently,male,15.png,REAL,AI,0
2026-08-11 20:58:02,P233,24,,frequently,male,16.mp4,AI,REAL,0
2026-08-11 20:58:02,P233,24,,frequently,male,17.mp4,AI,AI,1
2026-08-11 20:58:02,P233,24,,frequently,male,18.png,REAL,AI,0
2026-08-11 20:58:02,P233,24,,frequently,male,19.png,AI,REAL,0
2026-08-11 20:58:02,P233,24,,frequently,male,20.png,AI,AI,1
2026-08-11 20:58:02,P233,24,,frequently,male,21.webp,REAL,AI,0
2026-08-11 20:58:02,P233,24,,frequently,male,22.webp,REAL,REAL,1
2026-08-11 20:58:02,P233,24,,frequently,male,23.jpg,REAL,REAL,1
2026-08-11 20:58:02,P233,24,,frequently,male,24.mp4,AI,AI,1
2026-08-11 20:58:02,P233,24,,frequently,male,25.mov,AI,REAL,0
2026-08-11 20:58:02,P233,24,,frequently,male,26.mov,REAL,AI,0
2026-08-11 20:58:02,P233,24,,frequently,male,27.jpeg,REAL,AI,0
2026-08-11 20:58:02,P233,24,,frequently,male,28.jpg,REAL,REAL,1
2026-08-11 20:58:02,P233,24,,frequently,male,29.png,AI,REAL,0
2026-08-11 20:58:02,P233,24,,frequently,male,30.jpg,REAL,REAL,1
2026-08-11 20:58:02,P233,24,,frequently,male,31.jpg,AI,AI,1
2026-08-11 20:58:02,P233,24,,frequently,male,32.png,AI,AI,1
2026-08-11 20:58:02,P233,24,,frequently,male,33.png,REAL,REAL,1
2026-08-11 20:58:02,P233,24,,frequently,male,34.png,REAL,REAL,1
2026-08-11 20:58:02,P233,24,,frequently,male,35.png,REAL,AI,0
2026-08-11 20:58:02,P233,24,,frequently,male,36.jpg,AI,REAL,0
2026-08-11 20:58:02,P233,24,,frequently,male,37.mp4,AI,REAL,0
2026-08-11 20:58:02,P233,24,,frequently,male,38.mp4,REAL,AI,0
2026-08-11 20:59:59,P234,44,,daily,female,1.jpg,REAL,AI,0
2026-08-11 20:59:59,P234,44,,daily,female,2.jpg,REAL,REAL,1
2026-08-11 20:59:59,P234,44,,daily,female,3.jpg,REAL,REAL,1
2026-08-11 20:59:59,P234,44,,daily,female,4.mp4,AI,AI,1
2026-08-11 20:59:59,P234,44,,daily,female,5.png,REAL,AI,0
2026-08-11 20:59:59,P234,44,,daily,female,6.png,REAL,AI,0
2026-08-11 20:59:59,P234,44,,daily,female,7.jpeg,REAL,REAL,1
2026-08-11 20:59:59,P234,44,,daily,female,8.avif,AI,REAL,0
2026-08-11 20:59:59,P234,44,,daily,female,9.png,REAL,AI,0
2026-08-11 20:59:59,P234,44,,daily,female,10.webp,REAL,REAL,1
2026-08-11 20:59:59,P234,44,,daily,female,11.jpg,REAL,REAL,1
2026-08-11 20:59:59,P234,44,,daily,female,12.png,REAL,AI,0
2026-08-11 20:59:59,P234,44,,daily,female,13.jpg,REAL,AI,0
2026-08-11 20:59:59,P234,44,,daily,female,14.mp4,REAL,REAL,1
2026-08-11 20:59:59,P234,44,,daily,female,15.png,AI,AI,1
2026-08-11 20:59:59,P234,44,,daily,female,16.mp4,REAL,REAL,1
2026-08-11 20:59:59,P234,44,,daily,female,17.mp4,REAL,AI,0
2026-08-11 20:59:59,P234,44,,daily,female,18.png,AI,AI,1
2026-08-11 20:59:59,P234,44,,daily,female,19.png,AI,REAL,0
2026-08-11 20:59:59,P234,44,,daily,female,20.png,REAL,AI,0
2026-08-11 20:59:59,P234,44,,daily,female,21.webp,REAL,AI,0
2026-08-11 20:59:59,P234,44,,daily,female,22.webp,REAL,REAL,1
2026-08-11 20:59:59,P234,44,,daily,female,23.jpg,AI,REAL,0
2026-08-11 20:59:59,P234,44,,daily,female,24.mp4,REAL,AI,0
2026-08-11 20:59:59,P234,44,,daily,female,25.mov,AI,REAL,0
2026-08-11 20:59:59,P234,44,,daily,female,26.mov,AI,AI,1
2026-08-11 20:59:59,P234,44,,daily,female,27.jpeg,REAL,AI,0
2026-08-11 20:59:59,P234,44,,daily,female,28.jpg,REAL,REAL,1
2026-08-11 20:59:59,P234,44,,daily,female,29.png,REAL,REAL,1
2026-08-11 20:59:59,P234,44,,daily,female,30.jpg,REAL,REAL,1
2026-08-11 20:59:59,P234,44,,daily,female,31.jpg,REAL,AI,0
2026-08-11 20:59:59,P234,44,,daily,female,32.png,AI,AI,1
2026-08-11 20:59:59,P234,44,,daily,female,33.png,AI,REAL,0
2026-08-11 20:59:59,P234,44,,daily,female,34.png,REAL,REAL,1
2026-08-11 20:59:59,P234,44,,daily,female,35.png,REAL,AI,0
2026-08-11 20:59:59,P234,44,,daily,female,36.jpg,REAL,REAL,1
2026-08-11 20:59:59,P234,44,,daily,female,37.mp4,REAL,REAL,1
2026-08-11 20:59:59,P234,44,,daily,female,38.mp4,REAL,AI,0
2026-08-11 21:01:28,P235,48,,daily,male,1.jpg,AI,AI,1
2026-08-11 21:01:28,P235,48,,daily,male,2.jpg,AI,REAL,0
2026-08-11 21:01:28,P235,48,,daily,male,3.jpg,REAL,REAL,1
2026-08-11 21:01:28,P235,48,,daily,male,4.mp4,AI,AI,1
2026-08-11 21:01:28,P235,48,,daily,male,5.png,REAL,AI,0
2026-08-11 21:01:28,P235,48,,daily,male,6.png,REAL,AI,0
2026-08-11 21:01:28,P235,48,,daily,male,7.jpeg,REAL,REAL,1
2026-08-11 21:01:28,P235,48,,daily,male,8.avif,AI,REAL,0
2026-08-11 21:01:28,P235,48,,daily,male,9.png,REAL,AI,0
2026-08-11 21:01:28,P235,48,,daily,male,10.webp,REAL,REAL,1
2026-08-11 21:01:28,P235,48,,daily,male,11.jpg,REAL,REAL,1
2026-08-11 21:01:28,P235,48,,daily,male,12.png,REAL,AI,0
2026-08-11 21:01:28,P235,48,,daily,male,13.jpg,REAL,AI,0
2026-08-11 21:01:28,P235,48,,daily,male,14.mp4,AI,REAL,0
2026-08-11 21:01:28,P235,48,,daily,male,15.png,AI,AI,1
2026-08-11 21:01:28,P235,48,,daily,male,16.mp4,AI,REAL,0
2026-08-11 21:01:28,P235,48,,daily,male,17.mp4,REAL,AI,0
2026-08-11 21:01:28,P235,48,,daily,male,18.png,AI,AI,1
2026-08-11 21:01:28,P235,48,,daily,male,19.png,AI,REAL,0
2026-08-11 21:01:28,P235,48,,daily,male,20.png,REAL,AI,0
2026-08-11 21:01:28,P235,48,,daily,male,21.webp,REAL,AI,0
2026-08-11 21:01:28,P235,48,,daily,male,22.webp,REAL,REAL,1
2026-08-11 21:01:28,P235,48,,daily,male,23.jpg,REAL,REAL,1
2026-08-11 21:01:28,P235,48,,daily,male,24.mp4,AI,AI,1
2026-08-11 21:01:28,P235,48,,daily,male,25.mov,AI,REAL,0
2026-08-11 21:01:28,P235,48,,daily,male,26.mov,REAL,AI,0
2026-08-11 21:01:28,P235,48,,daily,male,27.jpeg,REAL,AI,0
2026-08-11 21:01:28,P235,48,,daily,male,28.jpg,REAL,REAL,1
2026-08-11 21:01:28,P235,48,,daily,male,29.png,REAL,REAL,1
2026-08-11 21:01:28,P235,48,,daily,male,30.jpg,REAL,REAL,1
2026-08-11 21:01:28,P235,48,,daily,male,31.jpg,AI,AI,1
2026-08-11 21:01:28,P235,48,,daily,male,32.png,AI,AI,1
2026-08-11 21:01:28,P235,48,,daily,male,33.png,REAL,REAL,1
2026-08-11 21:01:28,P235,48,,daily,male,34.png,REAL,REAL,1
2026-08-11 21:01:28,P235,48,,daily,male,35.png,REAL,AI,0
2026-08-11 21:01:28,P235,48,,daily,male,36.jpg,REAL,REAL,1
2026-08-11 21:01:28,P235,48,,daily,male,37.mp4,AI,REAL,0
2026-08-11 21:01:28,P235,48,,daily,male,38.mp4,AI,AI,1
2026-08-11 21:02:05,P236,12,,daily,female,1.jpg,AI,AI,1
2026-08-11 21:02:05,P236,12,,daily,female,2.jpg,REAL,REAL,1
2026-08-11 21:02:05,P236,12,,daily,female,3.jpg,AI,REAL,0
2026-08-11 21:02:05,P236,12,,daily,female,4.mp4,AI,AI,1
2026-08-11 21:02:05,P236,12,,daily,female,5.png,AI,AI,1
2026-08-11 21:02:05,P236,12,,daily,female,6.png,AI,AI,1
2026-08-11 21:02:05,P236,12,,daily,female,7.jpeg,REAL,REAL,1
2026-08-11 21:02:05,P236,12,,daily,female,8.avif,AI,REAL,0
2026-08-11 21:02:05,P236,12,,daily,female,9.png,REAL,AI,0
2026-08-11 21:02:05,P236,12,,daily,female,10.webp,AI,REAL,0
2026-08-11 21:02:05,P236,12,,daily,female,11.jpg,REAL,REAL,1
2026-08-11 21:02:05,P236,12,,daily,female,12.png,REAL,AI,0
2026-08-11 21:02:05,P236,12,,daily,female,13.jpg,REAL,AI,0
2026-08-11 21:02:05,P236,12,,daily,female,14.mp4,AI,REAL,0
2026-08-11 21:02:05,P236,12,,daily,female,15.png,REAL,AI,0
2026-08-11 21:02:05,P236,12,,daily,female,16.mp4,REAL,REAL,1
2026-08-11 21:02:05,P236,12,,daily,female,17.mp4,AI,AI,1
2026-08-11 21:02:05,P236,12,,daily,female,18.png,REAL,AI,0
2026-08-11 21:02:05,P236,12,,daily,female,19.png,AI,REAL,0
2026-08-11 21:02:05,P236,12,,daily,female,20.png,REAL,AI,0
2026-08-11 21:02:05,P236,12,,daily,female,21.webp,REAL,AI,0
2026-08-11 21:02:05,P236,12,,daily,female,22.webp,REAL,REAL,1
2026-08-11 21:02:05,P236,12,,daily,female,23.jpg,REAL,REAL,1
2026-08-11 21:02:05,P236,12,,daily,female,24.mp4,AI,AI,1
2026-08-11 21:02:05,P236,12,,daily,female,25.mov,REAL,REAL,1
2026-08-11 21:02:05,P236,12,,daily,female,26.mov,REAL,AI,0
2026-08-11 21:02:05,P236,12,,daily,female,27.jpeg,AI,AI,1
2026-08-11 21:02:05,P236,12,,daily,female,28.jpg,REAL,REAL,1
2026-08-11 21:02:05,P236,12,,daily,female,29.png,AI,REAL,0
2026-08-11 21:02:05,P236,12,,daily,female,30.jpg,AI,REAL,0
2026-08-11 21:02:05,P236,12,,daily,female,31.jpg,AI,AI,1
2026-08-11 21:02:05,P236,12,,daily,female,32.png,AI,AI,1
2026-08-11 21:02:05,P236,12,,daily,female,33.png,AI,REAL,0
2026-08-11 21:02:05,P236,12,,daily,female,34.png,REAL,REAL,1
2026-08-11 21:02:05,P236,12,,daily,female,35.png,AI,AI,1
2026-08-11 21:02:05,P236,12,,daily,female,36.jpg,REAL,REAL,1
2026-08-11 21:02:05,P236,12,,daily,female,37.mp4,REAL,REAL,1
2026-08-11 21:02:05,P236,12,,daily,female,38.mp4,AI,AI,1
2026-08-11 21:06:14,P237,41,,daily,female,1.jpg,AI,AI,1
2026-08-11 21:06:14,P237,41,,daily,female,2.jpg,REAL,REAL,1
2026-08-11 21:06:14,P237,41,,daily,female,3.jpg,AI,REAL,0
2026-08-11 21:06:14,P237,41,,daily,female,4.mp4,REAL,AI,0
2026-08-11 21:06:14,P237,41,,daily,female,5.png,REAL,AI,0
2026-08-11 21:06:14,P237,41,,daily,female,6.png,REAL,AI,0
2026-08-11 21:06:14,P237,41,,daily,female,7.jpeg,AI,REAL,0
2026-08-11 21:06:14,P237,41,,daily,female,8.avif,AI,REAL,0
2026-08-11 21:06:14,P237,41,,daily,female,9.png,AI,AI,1
2026-08-11 21:06:14,P237,41,,daily,female,10.webp,AI,REAL,0
2026-08-11 21:06:14,P237,41,,daily,female,11.jpg,REAL,REAL,1
2026-08-11 21:06:14,P237,41,,daily,female,12.png,REAL,AI,0
2026-08-11 21:06:14,P237,41,,daily,female,13.jpg,REAL,AI,0
2026-08-11 21:06:14,P237,41,,daily,female,14.mp4,REAL,REAL,1
2026-08-11 21:06:14,P237,41,,daily,female,15.png,AI,AI,1
2026-08-11 21:06:14,P237,41,,daily,female,16.mp4,REAL,REAL,1
2026-08-11 21:06:14,P237,41,,daily,female,17.mp4,AI,AI,1
2026-08-11 21:06:14,P237,41,,daily,female,18.png,REAL,AI,0
2026-08-11 21:06:14,P237,41,,daily,female,19.png,REAL,REAL,1
2026-08-11 21:06:14,P237,41,,daily,female,20.png,REAL,AI,0
2026-08-11 21:06:14,P237,41,,daily,female,21.webp,REAL,AI,0
2026-08-11 21:06:14,P237,41,,daily,female,22.webp,REAL,REAL,1
2026-08-11 21:06:14,P237,41,,daily,female,23.jpg,REAL,REAL,1
2026-08-11 21:06:14,P237,41,,daily,female,24.mp4,REAL,AI,0
2026-08-11 21:06:14,P237,41,,daily,female,25.mov,REAL,REAL,1
2026-08-11 21:06:14,P237,41,,daily,female,26.mov,REAL,AI,0
2026-08-11 21:06:14,P237,41,,daily,female,27.jpeg,REAL,AI,0
2026-08-11 21:06:14,P237,41,,daily,female,28.jpg,REAL,REAL,1
2026-08-11 21:06:14,P237,41,,daily,female,29.png,REAL,REAL,1
2026-08-11 21:06:14,P237,41,,daily,female,30.jpg,REAL,REAL,1
2026-08-11 21:06:14,P237,41,,daily,female,31.jpg,AI,AI,1
2026-08-11 21:06:14,P237,41,,daily,female,32.png,REAL,AI,0
2026-08-11 21:06:14,P237,41,,daily,female,33.png,AI,REAL,0
2026-08-11 21:06:14,P237,41,,daily,female,34.png,REAL,REAL,1
2026-08-11 21:06:14,P237,41,,daily,female,35.png,REAL,AI,0
2026-08-11 21:06:14,P237,41,,daily,female,36.jpg,REAL,REAL,1
2026-08-11 21:06:14,P237,41,,daily,female,37.mp4,REAL,REAL,1
2026-08-11 21:06:14,P237,41,,daily,female,38.mp4,AI,AI,1
2026-08-11 21:28:43,P238,74,,occasionally,female,1.jpg,REAL,AI,0
2026-08-11 21:28:43,P238,74,,occasionally,female,2.jpg,REAL,REAL,1
2026-08-11 21:28:43,P238,74,,occasionally,female,3.jpg,REAL,REAL,1
2026-08-11 21:28:43,P238,74,,occasionally,female,4.mp4,REAL,AI,0
2026-08-11 21:28:43,P238,74,,occasionally,female,5.png,REAL,AI,0
2026-08-11 21:28:43,P238,74,,occasionally,female,6.png,REAL,AI,0
2026-08-11 21:28:43,P238,74,,occasionally,female,7.jpeg,AI,REAL,0
2026-08-11 21:28:43,P238,74,,occasionally,female,8.avif,AI,REAL,0
2026-08-11 21:28:43,P238,74,,occasionally,female,9.png,REAL,AI,0
2026-08-11 21:28:43,P238,74,,occasionally,female,10.webp,REAL,REAL,1
2026-08-11 21:28:43,P238,74,,occasionally,female,11.jpg,REAL,REAL,1
2026-08-11 21:28:43,P238,74,,occasionally,female,12.png,REAL,AI,0
2026-08-11 21:28:43,P238,74,,occasionally,female,13.jpg,REAL,AI,0
2026-08-11 21:28:43,P238,74,,occasionally,female,14.mp4,AI,REAL,0
2026-08-11 21:28:43,P238,74,,occasionally,female,15.png,AI,AI,1
2026-08-11 21:28:43,P238,74,,occasionally,female,16.mp4,REAL,REAL,1
2026-08-11 21:28:43,P238,74,,occasionally,female,17.mp4,REAL,AI,0
2026-08-11 21:28:43,P238,74,,occasionally,female,18.png,AI,AI,1
2026-08-11 21:28:43,P238,74,,occasionally,female,19.png,AI,REAL,0
2026-08-11 21:28:43,P238,74,,occasionally,female,20.png,REAL,AI,0
2026-08-11 21:28:43,P238,74,,occasionally,female,21.webp,REAL,AI,0
2026-08-11 21:28:43,P238,74,,occasionally,female,22.webp,REAL,REAL,1
2026-08-11 21:28:43,P238,74,,occasionally,female,23.jpg,REAL,REAL,1
2026-08-11 21:28:43,P238,74,,occasionally,female,24.mp4,REAL,AI,0
2026-08-11 21:28:43,P238,74,,occasionally,female,25.mov,REAL,REAL,1
2026-08-11 21:28:43,P238,74,,occasionally,female,26.mov,REAL,AI,0
2026-08-11 21:28:43,P238,74,,occasionally,female,27.jpeg,REAL,AI,0
2026-08-11 21:28:43,P238,74,,occasionally,female,28.jpg,REAL,REAL,1
2026-08-11 21:28:43,P238,74,,occasionally,female,29.png,REAL,REAL,1
2026-08-11 21:28:43,P238,74,,occasionally,female,30.jpg,AI,REAL,0
2026-08-11 21:28:43,P238,74,,occasionally,female,31.jpg,REAL,AI,0
2026-08-11 21:28:43,P238,74,,occasionally,female,32.png,REAL,AI,0
2026-08-11 21:28:43,P238,74,,occasionally,female,33.png,REAL,REAL,1
2026-08-11 21:28:43,P238,74,,occasionally,female,34.png,AI,REAL,0
2026-08-11 21:28:43,P238,74,,occasionally,female,35.png,REAL,AI,0
2026-08-11 21:28:43,P238,74,,occasionally,female,36.jpg,REAL,REAL,1
2026-08-11 21:28:43,P238,74,,occasionally,female,37.mp4,REAL,REAL,1
2026-08-11 21:28:43,P238,74,,occasionally,female,38.mp4,REAL,AI,0
2026-08-11 22:39:05,P239,52,,frequently,female,1.jpg,REAL,AI,0
2026-08-11 22:39:05,P239,52,,frequently,female,2.jpg,REAL,REAL,1
2026-08-11 22:39:05,P239,52,,frequently,female,3.jpg,AI,REAL,0
2026-08-11 22:39:05,P239,52,,frequently,female,4.mp4,REAL,AI,0
2026-08-11 22:39:05,P239,52,,frequently,female,5.png,REAL,AI,0
2026-08-11 22:39:05,P239,52,,frequently,female,6.png,AI,AI,1
2026-08-11 22:39:05,P239,52,,frequently,female,7.jpeg,AI,REAL,0
2026-08-11 22:39:05,P239,52,,frequently,female,8.avif,AI,REAL,0
2026-08-11 22:39:05,P239,52,,frequently,female,9.png,REAL,AI,0
2026-08-11 22:39:05,P239,52,,frequently,female,10.webp,AI,REAL,0
2026-08-11 22:39:05,P239,52,,frequently,female,11.jpg,AI,REAL,0
2026-08-11 22:39:05,P239,52,,frequently,female,12.png,REAL,AI,0
2026-08-11 22:39:05,P239,52,,frequently,female,13.jpg,REAL,AI,0
2026-08-11 22:39:05,P239,52,,frequently,female,14.mp4,REAL,REAL,1
2026-08-11 22:39:05,P239,52,,frequently,female,15.png,AI,AI,1
2026-08-11 22:39:05,P239,52,,frequently,female,16.mp4,AI,REAL,0
2026-08-11 22:39:05,P239,52,,frequently,female,17.mp4,AI,AI,1
2026-08-11 22:39:05,P239,52,,frequently,female,18.png,REAL,AI,0
2026-08-11 22:39:05,P239,52,,frequently,female,19.png,AI,REAL,0
2026-08-11 22:39:05,P239,52,,frequently,female,20.png,AI,AI,1
2026-08-11 22:39:05,P239,52,,frequently,female,21.webp,AI,AI,1
2026-08-11 22:39:05,P239,52,,frequently,female,22.webp,REAL,REAL,1
2026-08-11 22:39:05,P239,52,,frequently,female,23.jpg,AI,REAL,0
2026-08-11 22:39:05,P239,52,,frequently,female,24.mp4,REAL,AI,0
2026-08-11 22:39:05,P239,52,,frequently,female,25.mov,REAL,REAL,1
2026-08-11 22:39:05,P239,52,,frequently,female,26.mov,REAL,AI,0
2026-08-11 22:39:05,P239,52,,frequently,female,27.jpeg,AI,AI,1
2026-08-11 22:39:05,P239,52,,frequently,female,28.jpg,REAL,REAL,1
2026-08-11 22:39:05,P239,52,,frequently,female,29.png,REAL,REAL,1
2026-08-11 22:39:05,P239,52,,frequently,female,30.jpg,REAL,REAL,1
2026-08-11 22:39:05,P239,52,,frequently,female,31.jpg,REAL,AI,0
2026-08-11 22:39:05,P239,52,,frequently,female,32.png,REAL,AI,0
2026-08-11 22:39:05,P239,52,,frequently,female,33.png,REAL,REAL,1
2026-08-11 22:39:05,P239,52,,frequently,female,34.png,REAL,REAL,1
2026-08-11 22:39:05,P239,52,,frequently,female,35.png,REAL,AI,0
2026-08-11 22:39:05,P239,52,,frequently,female,36.jpg,REAL,REAL,1
2026-08-11 22:39:05,P239,52,,frequently,female,37.mp4,REAL,REAL,1
2026-08-11 22:39:05,P239,52,,frequently,female,38.mp4,REAL,AI,0
2026-08-12 04:14:43,P240,60,,never,male,1.jpg,AI,AI,1
2026-08-12 04:14:43,P240,60,,never,male,2.jpg,REAL,REAL,1
2026-08-12 04:14:43,P240,60,,never,male,3.jpg,REAL,REAL,1
2026-08-12 04:14:43,P240,60,,never,male,4.mp4,REAL,AI,0
2026-08-12 04:14:43,P240,60,,never,male,5.png,REAL,AI,0
2026-08-12 04:14:43,P240,60,,never,male,6.png,REAL,AI,0
2026-08-12 04:14:43,P240,60,,never,male,7.jpeg,AI,REAL,0
2026-08-12 04:14:43,P240,60,,never,male,8.avif,AI,REAL,0
2026-08-12 04:14:43,P240,60,,never,male,9.png,REAL,AI,0
2026-08-12 04:14:43,P240,60,,never,male,10.webp,AI,REAL,0
2026-08-12 04:14:43,P240,60,,never,male,11.jpg,AI,REAL,0
2026-08-12 04:14:43,P240,60,,never,male,12.png,REAL,AI,0
2026-08-12 04:14:43,P240,60,,never,male,13.jpg,REAL,AI,0
2026-08-12 04:14:43,P240,60,,never,male,14.mp4,REAL,REAL,1
2026-08-12 04:14:43,P240,60,,never,male,15.png,REAL,AI,0
2026-08-12 04:14:43,P240,60,,never,male,16.mp4,REAL,REAL,1
2026-08-12 04:14:43,P240,60,,never,male,17.mp4,REAL,AI,0
2026-08-12 04:14:43,P240,60,,never,male,18.png,REAL,AI,0
2026-08-12 04:14:43,P240,60,,never,male,19.png,REAL,REAL,1
2026-08-12 04:14:43,P240,60,,never,male,20.png,REAL,AI,0
2026-08-12 04:14:43,P240,60,,never,male,21.webp,REAL,AI,0
2026-08-12 04:14:43,P240,60,,never,male,22.webp,REAL,REAL,1
2026-08-12 04:14:43,P240,60,,never,male,23.jpg,REAL,REAL,1
2026-08-12 04:14:43,P240,60,,never,male,24.mp4,REAL,AI,0
2026-08-12 04:14:43,P240,60,,never,male,25.mov,REAL,REAL,1
2026-08-12 04:14:43,P240,60,,never,male,26.mov,AI,AI,1
2026-08-12 04:14:43,P240,60,,never,male,27.jpeg,REAL,AI,0
2026-08-12 04:14:43,P240,60,,never,male,28.jpg,REAL,REAL,1
2026-08-12 04:14:43,P240,60,,never,male,29.png,REAL,REAL,1
2026-08-12 04:14:43,P240,60,,never,male,30.jpg,REAL,REAL,1
2026-08-12 04:14:43,P240,60,,never,male,31.jpg,AI,AI,1
2026-08-12 04:14:43,P240,60,,never,male,32.png,REAL,AI,0
2026-08-12 04:14:43,P240,60,,never,male,33.png,REAL,REAL,1
2026-08-12 04:14:43,P240,60,,never,male,34.png,REAL,REAL,1
2026-08-12 04:14:43,P240,60,,never,male,35.png,REAL,AI,0
2026-08-12 04:14:43,P240,60,,never,male,36.jpg,REAL,REAL,1
2026-08-12 04:14:43,P240,60,,never,male,37.mp4,AI,REAL,0
2026-08-12 04:14:43,P240,60,,never,male,38.mp4,REAL,AI,0
2026-08-12 06:07:19,P241,47,,occasionally,male,1.jpg,REAL,AI,0
2026-08-12 06:07:19,P241,47,,occasionally,male,2.jpg,AI,REAL,0
2026-08-12 06:07:19,P241,47,,occasionally,male,3.jpg,REAL,REAL,1
2026-08-12 06:07:19,P241,47,,occasionally,male,4.mp4,AI,AI,1
2026-08-12 06:07:19,P241,47,,occasionally,male,5.png,AI,AI,1
2026-08-12 06:07:19,P241,47,,occasionally,male,6.png,AI,AI,1
2026-08-12 06:07:19,P241,47,,occasionally,male,7.jpeg,AI,REAL,0
2026-08-12 06:07:19,P241,47,,occasionally,male,8.avif,AI,REAL,0
2026-08-12 06:07:19,P241,47,,occasionally,male,9.png,AI,AI,1
2026-08-12 06:07:19,P241,47,,occasionally,male,10.webp,AI,REAL,0
2026-08-12 06:07:19,P241,47,,occasionally,male,11.jpg,AI,REAL,0
2026-08-12 06:07:19,P241,47,,occasionally,male,12.png,AI,AI,1
2026-08-12 06:07:19,P241,47,,occasionally,male,13.jpg,REAL,AI,0
2026-08-12 06:07:19,P241,47,,occasionally,male,14.mp4,AI,REAL,0
2026-08-12 06:07:19,P241,47,,occasionally,male,15.png,AI,AI,1
2026-08-12 06:07:19,P241,47,,occasionally,male,16.mp4,AI,REAL,0
2026-08-12 06:07:19,P241,47,,occasionally,male,17.mp4,AI,AI,1
2026-08-12 06:07:19,P241,47,,occasionally,male,18.png,REAL,AI,0
2026-08-12 06:07:19,P241,47,,occasionally,male,19.png,AI,REAL,0
2026-08-12 06:07:19,P241,47,,occasionally,male,20.png,AI,AI,1
2026-08-12 06:07:19,P241,47,,occasionally,male,21.webp,AI,AI,1
2026-08-12 06:07:19,P241,47,,occasionally,male,22.webp,AI,REAL,0
2026-08-12 06:07:19,P241,47,,occasionally,male,23.jpg,AI,REAL,0
2026-08-12 06:07:19,P241,47,,occasionally,male,24.mp4,AI,AI,1
2026-08-12 06:07:19,P241,47,,occasionally,male,25.mov,AI,REAL,0
2026-08-12 06:07:19,P241,47,,occasionally,male,26.mov,AI,AI,1
2026-08-12 06:07:19,P241,47,,occasionally,male,27.jpeg,REAL,AI,0
2026-08-12 06:07:19,P241,47,,occasionally,male,28.jpg,AI,REAL,0
2026-08-12 06:07:19,P241,47,,occasionally,male,29.png,AI,REAL,0
2026-08-12 06:07:19,P241,47,,occasionally,male,30.jpg,AI,REAL,0
2026-08-12 06:07:19,P241,47,,occasionally,male,31.jpg,AI,AI,1
2026-08-12 06:07:19,P241,47,,occasionally,male,32.png,AI,AI,1
2026-08-12 06:07:19,P241,47,,occasionally,male,33.png,AI,REAL,0
2026-08-12 06:07:19,P241,47,,occasionally,male,34.png,AI,REAL,0
2026-08-12 06:07:19,P241,47,,occasionally,male,35.png,AI,AI,1
2026-08-12 06:07:19,P241,47,,occasionally,male,36.jpg,AI,REAL,0
2026-08-12 06:07:19,P241,47,,occasionally,male,37.mp4,AI,REAL,0
2026-08-12 06:07:19,P241,47,,occasionally,male,38.mp4,AI,AI,1
2026-08-12 06:52:27,P242,56,,daily,female,1.jpg,AI,AI,1
2026-08-12 06:52:27,P242,56,,daily,female,2.jpg,AI,REAL,0
2026-08-12 06:52:27,P242,56,,daily,female,3.jpg,REAL,REAL,1
2026-08-12 06:52:27,P242,56,,daily,female,4.mp4,AI,AI,1
2026-08-12 06:52:27,P242,56,,daily,female,5.png,AI,AI,1
2026-08-12 06:52:27,P242,56,,daily,female,6.png,REAL,AI,0
2026-08-12 06:52:27,P242,56,,daily,female,7.jpeg,AI,REAL,0
2026-08-12 06:52:27,P242,56,,daily,female,8.avif,AI,REAL,0
2026-08-12 06:52:27,P242,56,,daily,female,9.png,AI,AI,1
2026-08-12 06:52:27,P242,56,,daily,female,10.webp,AI,REAL,0
2026-08-12 06:52:27,P242,56,,daily,female,11.jpg,REAL,REAL,1
2026-08-12 06:52:27,P242,56,,daily,female,12.png,AI,AI,1
2026-08-12 06:52:27,P242,56,,daily,female,13.jpg,REAL,AI,0
2026-08-12 06:52:27,P242,56,,daily,female,14.mp4,AI,REAL,0
2026-08-12 06:52:27,P242,56,,daily,female,15.png,AI,AI,1
2026-08-12 06:52:27,P242,56,,daily,female,16.mp4,AI,REAL,0
2026-08-12 06:52:27,P242,56,,daily,female,17.mp4,AI,AI,1
2026-08-12 06:52:27,P242,56,,daily,female,18.png,REAL,AI,0
2026-08-12 06:52:27,P242,56,,daily,female,19.png,REAL,REAL,1
2026-08-12 06:52:27,P242,56,,daily,female,20.png,REAL,AI,0
2026-08-12 06:52:27,P242,56,,daily,female,21.webp,AI,AI,1
2026-08-12 06:52:27,P242,56,,daily,female,22.webp,REAL,REAL,1
2026-08-12 06:52:27,P242,56,,daily,female,23.jpg,REAL,REAL,1
2026-08-12 06:52:27,P242,56,,daily,female,24.mp4,REAL,AI,0
2026-08-12 06:52:27,P242,56,,daily,female,25.mov,REAL,REAL,1
2026-08-12 06:52:27,P242,56,,daily,female,26.mov,AI,AI,1
2026-08-12 06:52:27,P242,56,,daily,female,27.jpeg,REAL,AI,0
2026-08-12 06:52:27,P242,56,,daily,female,28.jpg,AI,REAL,0
2026-08-12 06:52:27,P242,56,,daily,female,29.png,AI,REAL,0
2026-08-12 06:52:27,P242,56,,daily,female,30.jpg,AI,REAL,0
2026-08-12 06:52:27,P242,56,,daily,female,31.jpg,AI,AI,1
2026-08-12 06:52:27,P242,56,,daily,female,32.png,AI,AI,1
2026-08-12 06:52:27,P242,56,,daily,female,33.png,REAL,REAL,1
2026-08-12 06:52:27,P242,56,,daily,female,34.png,AI,REAL,0
2026-08-12 06:52:27,P242,56,,daily,female,35.png,REAL,AI,0
2026-08-12 06:52:27,P242,56,,daily,female,36.jpg,REAL,REAL,1
2026-08-12 06:52:27,P242,56,,daily,female,37.mp4,REAL,REAL,1
2026-08-12 06:52:27,P242,56,,daily,female,38.mp4,REAL,AI,0
2026-08-12 07:01:34,P243,52,,frequently,female,1.jpg,REAL,AI,0
2026-08-12 07:01:34,P243,52,,frequently,female,2.jpg,AI,REAL,0
2026-08-12 07:01:34,P243,52,,frequently,female,3.jpg,REAL,REAL,1
2026-08-12 07:01:34,P243,52,,frequently,female,4.mp4,REAL,AI,0
2026-08-12 07:01:34,P243,52,,frequently,female,5.png,REAL,AI,0
2026-08-12 07:01:34,P243,52,,frequently,female,6.png,REAL,AI,0
2026-08-12 07:01:34,P243,52,,frequently,female,7.jpeg,AI,REAL,0
2026-08-12 07:01:34,P243,52,,frequently,female,8.avif,REAL,REAL,1
2026-08-12 07:01:34,P243,52,,frequently,female,9.png,REAL,AI,0
2026-08-12 07:01:34,P243,52,,frequently,female,10.webp,REAL,REAL,1
2026-08-12 07:01:34,P243,52,,frequently,female,11.jpg,AI,REAL,0
2026-08-12 07:01:34,P243,52,,frequently,female,12.png,REAL,AI,0
2026-08-12 07:01:34,P243,52,,frequently,female,13.jpg,REAL,AI,0
2026-08-12 07:01:34,P243,52,,frequently,female,14.mp4,AI,REAL,0
2026-08-12 07:01:34,P243,52,,frequently,female,15.png,REAL,AI,0
2026-08-12 07:01:34,P243,52,,frequently,female,16.mp4,REAL,REAL,1
2026-08-12 07:01:34,P243,52,,frequently,female,17.mp4,REAL,AI,0
2026-08-12 07:01:34,P243,52,,frequently,female,18.png,REAL,AI,0
2026-08-12 07:01:34,P243,52,,frequently,female,19.png,AI,REAL,0
2026-08-12 07:01:34,P243,52,,frequently,female,20.png,REAL,AI,0
2026-08-12 07:01:34,P243,52,,frequently,female,21.webp,REAL,AI,0
2026-08-12 07:01:34,P243,52,,frequently,female,22.webp,REAL,REAL,1
2026-08-12 07:01:34,P243,52,,frequently,female,23.jpg,REAL,REAL,1
2026-08-12 07:01:34,P243,52,,frequently,female,24.mp4,REAL,AI,0
2026-08-12 07:01:34,P243,52,,frequently,female,25.mov,REAL,REAL,1
2026-08-12 07:01:34,P243,52,,frequently,female,26.mov,AI,AI,1
2026-08-12 07:01:34,P243,52,,frequently,female,27.jpeg,REAL,AI,0
2026-08-12 07:01:34,P243,52,,frequently,female,28.jpg,REAL,REAL,1
2026-08-12 07:01:34,P243,52,,frequently,female,29.png,AI,REAL,0
2026-08-12 07:01:34,P243,52,,frequently,female,30.jpg,AI,REAL,0
2026-08-12 07:01:34,P243,52,,frequently,female,31.jpg,AI,AI,1
2026-08-12 07:01:34,P243,52,,frequently,female,32.png,REAL,AI,0
2026-08-12 07:01:34,P243,52,,frequently,female,33.png,REAL,REAL,1
2026-08-12 07:01:34,P243,52,,frequently,female,34.png,REAL,REAL,1
2026-08-12 07:01:34,P243,52,,frequently,female,35.png,AI,AI,1
2026-08-12 07:01:34,P243,52,,frequently,female,36.jpg,AI,REAL,0
2026-08-12 07:01:34,P243,52,,frequently,female,37.mp4,AI,REAL,0
2026-08-12 07:01:34,P243,52,,frequently,female,38.mp4,REAL,AI,0
2026-08-12 07:06:26,P244,52,,occasionally,female,1.jpg,AI,AI,1
2026-08-12 07:06:26,P244,52,,occasionally,female,2.jpg,AI,REAL,0
2026-08-12 07:06:26,P244,52,,occasionally,female,3.jpg,AI,REAL,0
2026-08-12 07:06:26,P244,52,,occasionally,female,4.mp4,REAL,AI,0
2026-08-12 07:06:26,P244,52,,occasionally,female,5.png,REAL,AI,0
2026-08-12 07:06:26,P244,52,,occasionally,female,6.png,REAL,AI,0
2026-08-12 07:06:26,P244,52,,occasionally,female,7.jpeg,REAL,REAL,1
2026-08-12 07:06:26,P244,52,,occasionally,female,8.avif,AI,REAL,0
2026-08-12 07:06:26,P244,52,,occasionally,female,9.png,REAL,AI,0
2026-08-12 07:06:26,P244,52,,occasionally,female,10.webp,REAL,REAL,1
2026-08-12 07:06:26,P244,52,,occasionally,female,11.jpg,AI,REAL,0
2026-08-12 07:06:26,P244,52,,occasionally,female,12.png,REAL,AI,0
2026-08-12 07:06:26,P244,52,,occasionally,female,13.jpg,REAL,AI,0
2026-08-12 07:06:26,P244,52,,occasionally,female,14.mp4,REAL,REAL,1
2026-08-12 07:06:26,P244,52,,occasionally,female,15.png,AI,AI,1
2026-08-12 07:06:26,P244,52,,occasionally,female,16.mp4,AI,REAL,0
2026-08-12 07:06:26,P244,52,,occasionally,female,17.mp4,AI,AI,1
2026-08-12 07:06:26,P244,52,,occasionally,female,18.png,AI,AI,1
2026-08-12 07:06:26,P244,52,,occasionally,female,19.png,AI,REAL,0
2026-08-12 07:06:26,P244,52,,occasionally,female,20.png,REAL,AI,0
2026-08-12 07:06:26,P244,52,,occasionally,female,21.webp,AI,AI,1
2026-08-12 07:06:26,P244,52,,occasionally,female,22.webp,AI,REAL,0
2026-08-12 07:06:26,P244,52,,occasionally,female,23.jpg,REAL,REAL,1
2026-08-12 07:06:26,P244,52,,occasionally,female,24.mp4,REAL,AI,0
2026-08-12 07:06:26,P244,52,,occasionally,female,25.mov,REAL,REAL,1
2026-08-12 07:06:26,P244,52,,occasionally,female,26.mov,AI,AI,1
2026-08-12 07:06:26,P244,52,,occasionally,female,27.jpeg,AI,AI,1
2026-08-12 07:06:26,P244,52,,occasionally,female,28.jpg,REAL,REAL,1
2026-08-12 07:06:26,P244,52,,occasionally,female,29.png,REAL,REAL,1
2026-08-12 07:06:26,P244,52,,occasionally,female,30.jpg,REAL,REAL,1
2026-08-12 07:06:26,P244,52,,occasionally,female,31.jpg,AI,AI,1
2026-08-12 07:06:26,P244,52,,occasionally,female,32.png,AI,AI,1
2026-08-12 07:06:26,P244,52,,occasionally,female,33.png,REAL,REAL,1
2026-08-12 07:06:26,P244,52,,occasionally,female,34.png,AI,REAL,0
2026-08-12 07:06:26,P244,52,,occasionally,female,35.png,REAL,AI,0
2026-08-12 07:06:26,P244,52,,occasionally,female,36.jpg,AI,REAL,0
2026-08-12 07:06:26,P244,52,,occasionally,female,37.mp4,AI,REAL,0
2026-08-12 07:06:26,P244,52,,occasionally,female,38.mp4,REAL,AI,0
2026-08-12 07:14:28,P245,9,,frequently,male,1.jpg,REAL,AI,0
2026-08-12 07:14:28,P245,9,,frequently,male,2.jpg,AI,REAL,0
2026-08-12 07:14:28,P245,9,,frequently,male,3.jpg,REAL,REAL,1
2026-08-12 07:14:28,P245,9,,frequently,male,4.mp4,AI,AI,1
2026-08-12 07:14:28,P245,9,,frequently,male,5.png,REAL,AI,0
2026-08-12 07:14:28,P245,9,,frequently,male,6.png,REAL,AI,0
2026-08-12 07:14:28,P245,9,,frequently,male,7.jpeg,AI,REAL,0
2026-08-12 07:14:28,P245,9,,frequently,male,8.avif,AI,REAL,0
2026-08-12 07:14:28,P245,9,,frequently,male,9.png,REAL,AI,0
2026-08-12 07:14:28,P245,9,,frequently,male,10.webp,AI,REAL,0
2026-08-12 07:14:28,P245,9,,frequently,male,11.jpg,AI,REAL,0
2026-08-12 07:14:28,P245,9,,frequently,male,12.png,AI,AI,1
2026-08-12 07:14:28,P245,9,,frequently,male,13.jpg,REAL,AI,0
2026-08-12 07:14:28,P245,9,,frequently,male,14.mp4,AI,REAL,0
2026-08-12 07:14:28,P245,9,,frequently,male,15.png,REAL,AI,0
2026-08-12 07:14:28,P245,9,,frequently,male,16.mp4,REAL,REAL,1
2026-08-12 07:14:28,P245,9,,frequently,male,17.mp4,AI,AI,1
2026-08-12 07:14:28,P245,9,,frequently,male,18.png,AI,AI,1
2026-08-12 07:14:28,P245,9,,frequently,male,19.png,AI,REAL,0
2026-08-12 07:14:28,P245,9,,frequently,male,20.png,REAL,AI,0
2026-08-12 07:14:28,P245,9,,frequently,male,21.webp,AI,AI,1
2026-08-12 07:14:28,P245,9,,frequently,male,22.webp,AI,REAL,0
2026-08-12 07:14:28,P245,9,,frequently,male,23.jpg,REAL,REAL,1
2026-08-12 07:14:28,P245,9,,frequently,male,24.mp4,AI,AI,1
2026-08-12 07:14:28,P245,9,,frequently,male,25.mov,REAL,REAL,1
2026-08-12 07:14:28,P245,9,,frequently,male,26.mov,REAL,AI,0
2026-08-12 07:14:28,P245,9,,frequently,male,27.jpeg,REAL,AI,0
2026-08-12 07:14:28,P245,9,,frequently,male,28.jpg,REAL,REAL,1
2026-08-12 07:14:28,P245,9,,frequently,male,29.png,AI,REAL,0
2026-08-12 07:14:28,P245,9,,frequently,male,30.jpg,AI,REAL,0
2026-08-12 07:14:28,P245,9,,frequently,male,31.jpg,REAL,AI,0
2026-08-12 07:14:28,P245,9,,frequently,male,32.png,AI,AI,1
2026-08-12 07:14:28,P245,9,,frequently,male,33.png,REAL,REAL,1
2026-08-12 07:14:28,P245,9,,frequently,male,34.png,REAL,REAL,1
2026-08-12 07:14:28,P245,9,,frequently,male,35.png,REAL,AI,0
2026-08-12 07:14:28,P245,9,,frequently,male,36.jpg,REAL,REAL,1
2026-08-12 07:14:28,P245,9,,frequently,male,37.mp4,AI,REAL,0
2026-08-12 07:14:28,P245,9,,frequently,male,38.mp4,AI,AI,1
2026-08-12 07:20:14,P246,12,,frequently,male,1.jpg,AI,AI,1
2026-08-12 07:20:14,P246,12,,frequently,male,2.jpg,REAL,REAL,1
2026-08-12 07:20:14,P246,12,,frequently,male,3.jpg,REAL,REAL,1
2026-08-12 07:20:14,P246,12,,frequently,male,4.mp4,AI,AI,1
2026-08-12 07:20:14,P246,12,,frequently,male,5.png,REAL,AI,0
2026-08-12 07:20:14,P246,12,,frequently,male,6.png,REAL,AI,0
2026-08-12 07:20:14,P246,12,,frequently,male,7.jpeg,AI,REAL,0
2026-08-12 07:20:14,P246,12,,frequently,male,8.avif,AI,REAL,0
2026-08-12 07:20:14,P246,12,,frequently,male,9.png,REAL,AI,0
2026-08-12 07:20:14,P246,12,,frequently,male,10.webp,AI,REAL,0
2026-08-12 07:20:14,P246,12,,frequently,male,11.jpg,AI,REAL,0
2026-08-12 07:20:14,P246,12,,frequently,male,12.png,REAL,AI,0
2026-08-12 07:20:14,P246,12,,frequently,male,13.jpg,REAL,AI,0
2026-08-12 07:20:14,P246,12,,frequently,male,14.mp4,REAL,REAL,1
2026-08-12 07:20:14,P246,12,,frequently,male,15.png,REAL,AI,0
2026-08-12 07:20:14,P246,12,,frequently,male,16.mp4,AI,REAL,0
2026-08-12 07:20:14,P246,12,,frequently,male,17.mp4,AI,AI,1
2026-08-12 07:20:14,P246,12,,frequently,male,18.png,AI,AI,1
2026-08-12 07:20:14,P246,12,,frequently,male,19.png,AI,REAL,0
2026-08-12 07:20:14,P246,12,,frequently,male,20.png,AI,AI,1
2026-08-12 07:20:14,P246,12,,frequently,male,21.webp,REAL,AI,0
2026-08-12 07:20:14,P246,12,,frequently,male,22.webp,REAL,REAL,1
2026-08-12 07:20:14,P246,12,,frequently,male,23.jpg,REAL,REAL,1
2026-08-12 07:20:14,P246,12,,frequently,male,24.mp4,AI,AI,1
2026-08-12 07:20:14,P246,12,,frequently,male,25.mov,REAL,REAL,1
2026-08-12 07:20:14,P246,12,,frequently,male,26.mov,REAL,AI,0
2026-08-12 07:20:14,P246,12,,frequently,male,27.jpeg,REAL,AI,0
2026-08-12 07:20:14,P246,12,,frequently,male,28.jpg,REAL,REAL,1
2026-08-12 07:20:14,P246,12,,frequently,male,29.png,AI,REAL,0
2026-08-12 07:20:14,P246,12,,frequently,male,30.jpg,AI,REAL,0
2026-08-12 07:20:14,P246,12,,frequently,male,31.jpg,AI,AI,1
2026-08-12 07:20:14,P246,12,,frequently,male,32.png,REAL,AI,0
2026-08-12 07:20:14,P246,12,,frequently,male,33.png,REAL,REAL,1
2026-08-12 07:20:14,P246,12,,frequently,male,34.png,REAL,REAL,1
2026-08-12 07:20:14,P246,12,,frequently,male,35.png,REAL,AI,0
2026-08-12 07:20:14,P246,12,,frequently,male,36.jpg,AI,REAL,0
2026-08-12 07:20:14,P246,12,,frequently,male,37.mp4,AI,REAL,0
2026-08-12 07:20:14,P246,12,,frequently,male,38.mp4,AI,AI,1
2026-08-12 07:24:09,P247,42,,daily,male,1.jpg,REAL,AI,0
2026-08-12 07:24:09,P247,42,,daily,male,2.jpg,REAL,REAL,1
2026-08-12 07:24:09,P247,42,,daily,male,3.jpg,REAL,REAL,1
2026-08-12 07:24:09,P247,42,,daily,male,4.mp4,AI,AI,1
2026-08-12 07:24:09,P247,42,,daily,male,5.png,REAL,AI,0
2026-08-12 07:24:09,P247,42,,daily,male,6.png,REAL,AI,0
2026-08-12 07:24:09,P247,42,,daily,male,7.jpeg,REAL,REAL,1
2026-08-12 07:24:09,P247,42,,daily,male,8.avif,REAL,REAL,1
2026-08-12 07:24:09,P247,42,,daily,male,9.png,REAL,AI,0
2026-08-12 07:24:09,P247,42,,daily,male,10.webp,REAL,REAL,1
2026-08-12 07:24:09,P247,42,,daily,male,11.jpg,REAL,REAL,1
2026-08-12 07:24:09,P247,42,,daily,male,12.png,REAL,AI,0
2026-08-12 07:24:09,P247,42,,daily,male,13.jpg,REAL,AI,0
2026-08-12 07:24:09,P247,42,,daily,male,14.mp4,AI,REAL,0
2026-08-12 07:24:09,P247,42,,daily,male,15.png,AI,AI,1
2026-08-12 07:24:09,P247,42,,daily,male,16.mp4,REAL,REAL,1
2026-08-12 07:24:09,P247,42,,daily,male,17.mp4,REAL,AI,0
2026-08-12 07:24:09,P247,42,,daily,male,18.png,AI,AI,1
2026-08-12 07:24:09,P247,42,,daily,male,19.png,AI,REAL,0
2026-08-12 07:24:09,P247,42,,daily,male,20.png,REAL,AI,0
2026-08-12 07:24:09,P247,42,,daily,male,21.webp,REAL,AI,0
2026-08-12 07:24:09,P247,42,,daily,male,22.webp,REAL,REAL,1
2026-08-12 07:24:09,P247,42,,daily,male,23.jpg,REAL,REAL,1
2026-08-12 07:24:09,P247,42,,daily,male,24.mp4,REAL,AI,0
2026-08-12 07:24:09,P247,42,,daily,male,25.mov,AI,REAL,0
2026-08-12 07:24:09,P247,42,,daily,male,26.mov,REAL,AI,0
2026-08-12 07:24:09,P247,42,,daily,male,27.jpeg,REAL,AI,0
2026-08-12 07:24:09,P247,42,,daily,male,28.jpg,REAL,REAL,1
2026-08-12 07:24:09,P247,42,,daily,male,29.png,AI,REAL,0
2026-08-12 07:24:09,P247,42,,daily,male,30.jpg,AI,REAL,0
2026-08-12 07:24:09,P247,42,,daily,male,31.jpg,AI,AI,1
2026-08-12 07:24:09,P247,42,,daily,male,32.png,AI,AI,1
2026-08-12 07:24:09,P247,42,,daily,male,33.png,REAL,REAL,1
2026-08-12 07:24:09,P247,42,,daily,male,34.png,REAL,REAL,1
2026-08-12 07:24:09,P247,42,,daily,male,35.png,REAL,AI,0
2026-08-12 07:24:09,P247,42,,daily,male,36.jpg,REAL,REAL,1
2026-08-12 07:24:09,P247,42,,daily,male,37.mp4,AI,REAL,0
2026-08-12 07:24:09,P247,42,,daily,male,38.mp4,REAL,AI,0
2026-08-12 07:25:02,P248,53,,daily,female,1.jpg,AI,AI,1
2026-08-12 07:25:02,P248,53,,daily,female,2.jpg,AI,REAL,0
2026-08-12 07:25:02,P248,53,,daily,female,3.jpg,REAL,REAL,1
2026-08-12 07:25:02,P248,53,,daily,female,4.mp4,AI,AI,1
2026-08-12 07:25:02,P248,53,,daily,female,5.png,AI,AI,1
2026-08-12 07:25:02,P248,53,,daily,female,6.png,REAL,AI,0
2026-08-12 07:25:02,P248,53,,daily,female,7.jpeg,REAL,REAL,1
2026-08-12 07:25:02,P248,53,,daily,female,8.avif,AI,REAL,0
2026-08-12 07:25:02,P248,53,,daily,female,9.png,REAL,AI,0
2026-08-12 07:25:02,P248,53,,daily,female,10.webp,AI,REAL,0
2026-08-12 07:25:02,P248,53,,daily,female,11.jpg,AI,REAL,0
2026-08-12 07:25:02,P248,53,,daily,female,12.png,REAL,AI,0
2026-08-12 07:25:02,P248,53,,daily,female,13.jpg,AI,AI,1
2026-08-12 07:25:02,P248,53,,daily,female,14.mp4,REAL,REAL,1
2026-08-12 07:25:02,P248,53,,daily,female,15.png,AI,AI,1
2026-08-12 07:25:02,P248,53,,daily,female,16.mp4,AI,REAL,0
2026-08-12 07:25:02,P248,53,,daily,female,17.mp4,AI,AI,1
2026-08-12 07:25:02,P248,53,,daily,female,18.png,AI,AI,1
2026-08-12 07:25:02,P248,53,,daily,female,19.png,REAL,REAL,1
2026-08-12 07:25:02,P248,53,,daily,female,20.png,AI,AI,1
2026-08-12 07:25:02,P248,53,,daily,female,21.webp,REAL,AI,0
2026-08-12 07:25:02,P248,53,,daily,female,22.webp,REAL,REAL,1
2026-08-12 07:25:02,P248,53,,daily,female,23.jpg,AI,REAL,0
2026-08-12 07:25:02,P248,53,,daily,female,24.mp4,REAL,AI,0
2026-08-12 07:25:02,P248,53,,daily,female,25.mov,AI,REAL,0
2026-08-12 07:25:02,P248,53,,daily,female,26.mov,AI,AI,1
2026-08-12 07:25:02,P248,53,,daily,female,27.jpeg,AI,AI,1
2026-08-12 07:25:02,P248,53,,daily,female,28.jpg,REAL,REAL,1
2026-08-12 07:25:02,P248,53,,daily,female,29.png,REAL,REAL,1
2026-08-12 07:25:02,P248,53,,daily,female,30.jpg,REAL,REAL,1
2026-08-12 07:25:02,P248,53,,daily,female,31.jpg,REAL,AI,0
2026-08-12 07:25:02,P248,53,,daily,female,32.png,AI,AI,1
2026-08-12 07:25:02,P248,53,,daily,female,33.png,AI,REAL,0
2026-08-12 07:25:02,P248,53,,daily,female,34.png,REAL,REAL,1
2026-08-12 07:25:02,P248,53,,daily,female,35.png,REAL,AI,0
2026-08-12 07:25:02,P248,53,,daily,female,36.jpg,AI,REAL,0
2026-08-12 07:25:02,P248,53,,daily,female,37.mp4,AI,REAL,0
2026-08-12 07:25:02,P248,53,,daily,female,38.mp4,AI,AI,1
2026-08-12 07:41:14,P249,45,,daily,female,1.jpg,REAL,AI,0
2026-08-12 07:41:14,P249,45,,daily,female,2.jpg,REAL,REAL,1
2026-08-12 07:41:14,P249,45,,daily,female,3.jpg,REAL,REAL,1
2026-08-12 07:41:14,P249,45,,daily,female,4.mp4,REAL,AI,0
2026-08-12 07:41:14,P249,45,,daily,female,5.png,REAL,AI,0
2026-08-12 07:41:14,P249,45,,daily,female,6.png,REAL,AI,0
2026-08-12 07:41:14,P249,45,,daily,female,7.jpeg,AI,REAL,0
2026-08-12 07:41:14,P249,45,,daily,female,8.avif,AI,REAL,0
2026-08-12 07:41:14,P249,45,,daily,female,9.png,REAL,AI,0
2026-08-12 07:41:14,P249,45,,daily,female,10.webp,AI,REAL,0
2026-08-12 07:41:14,P249,45,,daily,female,11.jpg,REAL,REAL,1
2026-08-12 07:41:14,P249,45,,daily,female,12.png,REAL,AI,0
2026-08-12 07:41:14,P249,45,,daily,female,13.jpg,REAL,AI,0
2026-08-12 07:41:14,P249,45,,daily,female,14.mp4,AI,REAL,0
2026-08-12 07:41:14,P249,45,,daily,female,15.png,AI,AI,1
2026-08-12 07:41:14,P249,45,,daily,female,16.mp4,AI,REAL,0
2026-08-12 07:41:14,P249,45,,daily,female,17.mp4,REAL,AI,0
2026-08-12 07:41:14,P249,45,,daily,female,18.png,AI,AI,1
2026-08-12 07:41:14,P249,45,,daily,female,19.png,AI,REAL,0
2026-08-12 07:41:14,P249,45,,daily,female,20.png,REAL,AI,0
2026-08-12 07:41:14,P249,45,,daily,female,21.webp,REAL,AI,0
2026-08-12 07:41:14,P249,45,,daily,female,22.webp,AI,REAL,0
2026-08-12 07:41:14,P249,45,,daily,female,23.jpg,REAL,REAL,1
2026-08-12 07:41:14,P249,45,,daily,female,24.mp4,AI,AI,1
2026-08-12 07:41:14,P249,45,,daily,female,25.mov,AI,REAL,0
2026-08-12 07:41:14,P249,45,,daily,female,26.mov,AI,AI,1
2026-08-12 07:41:14,P249,45,,daily,female,27.jpeg,REAL,AI,0
2026-08-12 07:41:14,P249,45,,daily,female,28.jpg,REAL,REAL,1
2026-08-12 07:41:14,P249,45,,daily,female,29.png,AI,REAL,0
2026-08-12 07:41:14,P249,45,,daily,female,30.jpg,AI,REAL,0
2026-08-12 07:41:14,P249,45,,daily,female,31.jpg,AI,AI,1
2026-08-12 07:41:14,P249,45,,daily,female,32.png,REAL,AI,0
2026-08-12 07:41:14,P249,45,,daily,female,33.png,REAL,REAL,1
2026-08-12 07:41:14,P249,45,,daily,female,34.png,REAL,REAL,1
2026-08-12 07:41:14,P249,45,,daily,female,35.png,AI,AI,1
2026-08-12 07:41:14,P249,45,,daily,female,36.jpg,REAL,REAL,1
2026-08-12 07:41:14,P249,45,,daily,female,37.mp4,AI,REAL,0
2026-08-12 07:41:14,P249,45,,daily,female,38.mp4,AI,AI,1
2026-08-12 07:47:06,P250,49,,daily,female,1.jpg,REAL,AI,0
2026-08-12 07:47:06,P250,49,,daily,female,2.jpg,REAL,REAL,1
2026-08-12 07:47:06,P250,49,,daily,female,3.jpg,REAL,REAL,1
2026-08-12 07:47:06,P250,49,,daily,female,4.mp4,REAL,AI,0
2026-08-12 07:47:06,P250,49,,daily,female,5.png,REAL,AI,0
2026-08-12 07:47:06,P250,49,,daily,female,6.png,REAL,AI,0
2026-08-12 07:47:06,P250,49,,daily,female,7.jpeg,REAL,REAL,1
2026-08-12 07:47:06,P250,49,,daily,female,8.avif,REAL,REAL,1
2026-08-12 07:47:06,P250,49,,daily,female,9.png,AI,AI,1
2026-08-12 07:47:06,P250,49,,daily,female,10.webp,REAL,REAL,1
2026-08-12 07:47:06,P250,49,,daily,female,11.jpg,REAL,REAL,1
2026-08-12 07:47:06,P250,49,,daily,female,12.png,REAL,AI,0
2026-08-12 07:47:06,P250,49,,daily,female,13.jpg,REAL,AI,0
2026-08-12 07:47:06,P250,49,,daily,female,14.mp4,AI,REAL,0
2026-08-12 07:47:06,P250,49,,daily,female,15.png,AI,AI,1
2026-08-12 07:47:06,P250,49,,daily,female,16.mp4,AI,REAL,0
2026-08-12 07:47:06,P250,49,,daily,female,17.mp4,REAL,AI,0
2026-08-12 07:47:06,P250,49,,daily,female,18.png,AI,AI,1
2026-08-12 07:47:06,P250,49,,daily,female,19.png,AI,REAL,0
2026-08-12 07:47:06,P250,49,,daily,female,20.png,AI,AI,1
2026-08-12 07:47:06,P250,49,,daily,female,21.webp,REAL,AI,0
2026-08-12 07:47:06,P250,49,,daily,female,22.webp,REAL,REAL,1
2026-08-12 07:47:06,P250,49,,daily,female,23.jpg,REAL,REAL,1
2026-08-12 07:47:06,P250,49,,daily,female,24.mp4,REAL,AI,0
2026-08-12 07:47:06,P250,49,,daily,female,25.mov,REAL,REAL,1
2026-08-12 07:47:06,P250,49,,daily,female,26.mov,AI,AI,1
2026-08-12 07:47:06,P250,49,,daily,female,27.jpeg,REAL,AI,0
2026-08-12 07:47:06,P250,49,,daily,female,28.jpg,REAL,REAL,1
2026-08-12 07:47:06,P250,49,,daily,female,29.png,AI,REAL,0
2026-08-12 07:47:06,P250,49,,daily,female,30.jpg,REAL,REAL,1
2026-08-12 07:47:06,P250,49,,daily,female,31.jpg,REAL,AI,0
2026-08-12 07:47:06,P250,49,,daily,female,32.png,AI,AI,1
2026-08-12 07:47:06,P250,49,,daily,female,33.png,REAL,REAL,1
2026-08-12 07:47:06,P250,49,,daily,female,34.png,REAL,REAL,1
2026-08-12 07:47:06,P250,49,,daily,female,35.png,REAL,AI,0
2026-08-12 07:47:06,P250,49,,daily,female,36.jpg,REAL,REAL,1
2026-08-12 07:47:06,P250,49,,daily,female,37.mp4,AI,REAL,0
2026-08-12 07:47:06,P250,49,,daily,female,38.mp4,AI,AI,1
2026-08-12 08:10:01,P251,49,,daily,female,1.jpg,AI,AI,1
2026-08-12 08:10:01,P251,49,,daily,female,2.jpg,REAL,REAL,1
2026-08-12 08:10:01,P251,49,,daily,female,3.jpg,REAL,REAL,1
2026-08-12 08:10:01,P251,49,,daily,female,4.mp4,REAL,AI,0
2026-08-12 08:10:01,P251,49,,daily,female,5.png,AI,AI,1
2026-08-12 08:10:01,P251,49,,daily,female,6.png,REAL,AI,0
2026-08-12 08:10:01,P251,49,,daily,female,7.jpeg,REAL,REAL,1
2026-08-12 08:10:01,P251,49,,daily,female,8.avif,AI,REAL,0
2026-08-12 08:10:01,P251,49,,daily,female,9.png,AI,AI,1
2026-08-12 08:10:01,P251,49,,daily,female,10.webp,REAL,REAL,1
2026-08-12 08:10:01,P251,49,,daily,female,11.jpg,AI,REAL,0
2026-08-12 08:10:01,P251,49,,daily,female,12.png,REAL,AI,0
2026-08-12 08:10:01,P251,49,,daily,female,13.jpg,REAL,AI,0
2026-08-12 08:10:01,P251,49,,daily,female,14.mp4,AI,REAL,0
2026-08-12 08:10:01,P251,49,,daily,female,15.png,AI,AI,1
2026-08-12 08:10:01,P251,49,,daily,female,16.mp4,REAL,REAL,1
2026-08-12 08:10:01,P251,49,,daily,female,17.mp4,AI,AI,1
2026-08-12 08:10:01,P251,49,,daily,female,18.png,REAL,AI,0
2026-08-12 08:10:01,P251,49,,daily,female,19.png,AI,REAL,0
2026-08-12 08:10:01,P251,49,,daily,female,20.png,AI,AI,1
2026-08-12 08:10:01,P251,49,,daily,female,21.webp,AI,AI,1
2026-08-12 08:10:01,P251,49,,daily,female,22.webp,AI,REAL,0
2026-08-12 08:10:01,P251,49,,daily,female,23.jpg,REAL,REAL,1
2026-08-12 08:10:01,P251,49,,daily,female,24.mp4,REAL,AI,0
2026-08-12 08:10:01,P251,49,,daily,female,25.mov,AI,REAL,0
2026-08-12 08:10:01,P251,49,,daily,female,26.mov,REAL,AI,0
2026-08-12 08:10:01,P251,49,,daily,female,27.jpeg,REAL,AI,0
2026-08-12 08:10:01,P251,49,,daily,female,28.jpg,REAL,REAL,1
2026-08-12 08:10:01,P251,49,,daily,female,29.png,REAL,REAL,1
2026-08-12 08:10:01,P251,49,,daily,female,30.jpg,REAL,REAL,1
2026-08-12 08:10:01,P251,49,,daily,female,31.jpg,AI,AI,1
2026-08-12 08:10:01,P251,49,,daily,female,32.png,AI,AI,1
2026-08-12 08:10:01,P251,49,,daily,female,33.png,AI,REAL,0
2026-08-12 08:10:01,P251,49,,daily,female,34.png,REAL,REAL,1
2026-08-12 08:10:01,P251,49,,daily,female,35.png,REAL,AI,0
2026-08-12 08:10:01,P251,49,,daily,female,36.jpg,REAL,REAL,1
2026-08-12 08:10:01,P251,49,,daily,female,37.mp4,AI,REAL,0
2026-08-12 08:10:01,P251,49,,daily,female,38.mp4,AI,AI,1
2026-08-12 08:31:41,P252,55,,daily,female,1.jpg,AI,AI,1
2026-08-12 08:31:41,P252,55,,daily,female,2.jpg,REAL,REAL,1
2026-08-12 08:31:41,P252,55,,daily,female,3.jpg,REAL,REAL,1
2026-08-12 08:31:41,P252,55,,daily,female,4.mp4,AI,AI,1
2026-08-12 08:31:41,P252,55,,daily,female,5.png,REAL,AI,0
2026-08-12 08:31:41,P252,55,,daily,female,6.png,REAL,AI,0
2026-08-12 08:31:41,P252,55,,daily,female,7.jpeg,AI,REAL,0
2026-08-12 08:31:41,P252,55,,daily,female,8.avif,REAL,REAL,1
2026-08-12 08:31:41,P252,55,,daily,female,9.png,REAL,AI,0
2026-08-12 08:31:41,P252,55,,daily,female,10.webp,REAL,REAL,1
2026-08-12 08:31:41,P252,55,,daily,female,11.jpg,REAL,REAL,1
2026-08-12 08:31:41,P252,55,,daily,female,12.png,REAL,AI,0
2026-08-12 08:31:41,P252,55,,daily,female,13.jpg,REAL,AI,0
2026-08-12 08:31:41,P252,55,,daily,female,14.mp4,REAL,REAL,1
2026-08-12 08:31:41,P252,55,,daily,female,15.png,AI,AI,1
2026-08-12 08:31:41,P252,55,,daily,female,16.mp4,REAL,REAL,1
2026-08-12 08:31:41,P252,55,,daily,female,17.mp4,REAL,AI,0
2026-08-12 08:31:41,P252,55,,daily,female,18.png,REAL,AI,0
2026-08-12 08:31:41,P252,55,,daily,female,19.png,REAL,REAL,1
2026-08-12 08:31:41,P252,55,,daily,female,20.png,REAL,AI,0
2026-08-12 08:31:41,P252,55,,daily,female,21.webp,REAL,AI,0
2026-08-12 08:31:41,P252,55,,daily,female,22.webp,AI,REAL,0
2026-08-12 08:31:41,P252,55,,daily,female,23.jpg,AI,REAL,0
2026-08-12 08:31:41,P252,55,,daily,female,24.mp4,REAL,AI,0
2026-08-12 08:31:41,P252,55,,daily,female,25.mov,REAL,REAL,1
2026-08-12 08:31:41,P252,55,,daily,female,26.mov,AI,AI,1
2026-08-12 08:31:41,P252,55,,daily,female,27.jpeg,REAL,AI,0
2026-08-12 08:31:41,P252,55,,daily,female,28.jpg,REAL,REAL,1
2026-08-12 08:31:41,P252,55,,daily,female,29.png,AI,REAL,0
2026-08-12 08:31:41,P252,55,,daily,female,30.jpg,REAL,REAL,1
2026-08-12 08:31:41,P252,55,,daily,female,31.jpg,AI,AI,1
2026-08-12 08:31:41,P252,55,,daily,female,32.png,REAL,AI,0
2026-08-12 08:31:41,P252,55,,daily,female,33.png,REAL,REAL,1
2026-08-12 08:31:41,P252,55,,daily,female,34.png,REAL,REAL,1
2026-08-12 08:31:41,P252,55,,daily,female,35.png,REAL,AI,0
2026-08-12 08:31:41,P252,55,,daily,female,36.jpg,AI,REAL,0
2026-08-12 08:31:41,P252,55,,daily,female,37.mp4,REAL,REAL,1
2026-08-12 08:31:41,P252,55,,daily,female,38.mp4,REAL,AI,0
2026-08-12 08:55:24,P253,48,,frequently,male,1.jpg,AI,AI,1
2026-08-12 08:55:24,P253,48,,frequently,male,2.jpg,AI,REAL,0
2026-08-12 08:55:24,P253,48,,frequently,male,3.jpg,REAL,REAL,1
2026-08-12 08:55:24,P253,48,,frequently,male,4.mp4,REAL,AI,0
2026-08-12 08:55:24,P253,48,,frequently,male,5.png,REAL,AI,0
2026-08-12 08:55:24,P253,48,,frequently,male,6.png,REAL,AI,0
2026-08-12 08:55:24,P253,48,,frequently,male,7.jpeg,REAL,REAL,1
2026-08-12 08:55:24,P253,48,,frequently,male,8.avif,AI,REAL,0
2026-08-12 08:55:24,P253,48,,frequently,male,9.png,REAL,AI,0
2026-08-12 08:55:24,P253,48,,frequently,male,10.webp,REAL,REAL,1
2026-08-12 08:55:24,P253,48,,frequently,male,11.jpg,REAL,REAL,1
2026-08-12 08:55:24,P253,48,,frequently,male,12.png,REAL,AI,0
2026-08-12 08:55:24,P253,48,,frequently,male,13.jpg,REAL,AI,0
2026-08-12 08:55:24,P253,48,,frequently,male,14.mp4,AI,REAL,0
2026-08-12 08:55:24,P253,48,,frequently,male,15.png,AI,AI,1
2026-08-12 08:55:24,P253,48,,frequently,male,16.mp4,REAL,REAL,1
2026-08-12 08:55:24,P253,48,,frequently,male,17.mp4,REAL,AI,0
2026-08-12 08:55:24,P253,48,,frequently,male,18.png,REAL,AI,0
2026-08-12 08:55:24,P253,48,,frequently,male,19.png,AI,REAL,0
2026-08-12 08:55:24,P253,48,,frequently,male,20.png,REAL,AI,0
2026-08-12 08:55:24,P253,48,,frequently,male,21.webp,REAL,AI,0
2026-08-12 08:55:24,P253,48,,frequently,male,22.webp,REAL,REAL,1
2026-08-12 08:55:24,P253,48,,frequently,male,23.jpg,REAL,REAL,1
2026-08-12 08:55:24,P253,48,,frequently,male,24.mp4,AI,AI,1
2026-08-12 08:55:24,P253,48,,frequently,male,25.mov,REAL,REAL,1
2026-08-12 08:55:24,P253,48,,frequently,male,26.mov,REAL,AI,0
2026-08-12 08:55:24,P253,48,,frequently,male,27.jpeg,REAL,AI,0
2026-08-12 08:55:24,P253,48,,frequently,male,28.jpg,REAL,REAL,1
2026-08-12 08:55:24,P253,48,,frequently,male,29.png,AI,REAL,0
2026-08-12 08:55:24,P253,48,,frequently,male,30.jpg,AI,REAL,0
2026-08-12 08:55:24,P253,48,,frequently,male,31.jpg,REAL,AI,0
2026-08-12 08:55:24,P253,48,,frequently,male,32.png,AI,AI,1
2026-08-12 08:55:24,P253,48,,frequently,male,33.png,REAL,REAL,1
2026-08-12 08:55:24,P253,48,,frequently,male,34.png,REAL,REAL,1
2026-08-12 08:55:24,P253,48,,frequently,male,35.png,AI,AI,1
2026-08-12 08:55:24,P253,48,,frequently,male,36.jpg,REAL,REAL,1
2026-08-12 08:55:24,P253,48,,frequently,male,37.mp4,AI,REAL,0
2026-08-12 08:55:24,P253,48,,frequently,male,38.mp4,REAL,AI,0
2026-08-12 09:26:34,P254,56,,occasionally,male,1.jpg,AI,AI,1
2026-08-12 09:26:34,P254,56,,occasionally,male,2.jpg,REAL,REAL,1
2026-08-12 09:26:34,P254,56,,occasionally,male,3.jpg,REAL,REAL,1
2026-08-12 09:26:34,P254,56,,occasionally,male,4.mp4,AI,AI,1
2026-08-12 09:26:34,P254,56,,occasionally,male,5.png,REAL,AI,0
2026-08-12 09:26:34,P254,56,,occasionally,male,6.png,AI,AI,1
2026-08-12 09:26:34,P254,56,,occasionally,male,7.jpeg,AI,REAL,0
2026-08-12 09:26:34,P254,56,,occasionally,male,8.avif,AI,REAL,0
2026-08-12 09:26:34,P254,56,,occasionally,male,9.png,AI,AI,1
2026-08-12 09:26:34,P254,56,,occasionally,male,10.webp,REAL,REAL,1
2026-08-12 09:26:34,P254,56,,occasionally,male,11.jpg,AI,REAL,0
2026-08-12 09:26:34,P254,56,,occasionally,male,12.png,REAL,AI,0
2026-08-12 09:26:34,P254,56,,occasionally,male,13.jpg,REAL,AI,0
2026-08-12 09:26:34,P254,56,,occasionally,male,14.mp4,AI,REAL,0
2026-08-12 09:26:34,P254,56,,occasionally,male,15.png,AI,AI,1
2026-08-12 09:26:34,P254,56,,occasionally,male,16.mp4,REAL,REAL,1
2026-08-12 09:26:34,P254,56,,occasionally,male,17.mp4,AI,AI,1
2026-08-12 09:26:34,P254,56,,occasionally,male,18.png,REAL,AI,0
2026-08-12 09:26:34,P254,56,,occasionally,male,19.png,AI,REAL,0
2026-08-12 09:26:34,P254,56,,occasionally,male,20.png,AI,AI,1
2026-08-12 09:26:34,P254,56,,occasionally,male,21.webp,REAL,AI,0
2026-08-12 09:26:34,P254,56,,occasionally,male,22.webp,AI,REAL,0
2026-08-12 09:26:34,P254,56,,occasionally,male,23.jpg,REAL,REAL,1
2026-08-12 09:26:34,P254,56,,occasionally,male,24.mp4,REAL,AI,0
2026-08-12 09:26:34,P254,56,,occasionally,male,25.mov,AI,REAL,0
2026-08-12 09:26:34,P254,56,,occasionally,male,26.mov,AI,AI,1
2026-08-12 09:26:34,P254,56,,occasionally,male,27.jpeg,REAL,AI,0
2026-08-12 09:26:34,P254,56,,occasionally,male,28.jpg,REAL,REAL,1
2026-08-12 09:26:34,P254,56,,occasionally,male,29.png,AI,REAL,0
2026-08-12 09:26:34,P254,56,,occasionally,male,30.jpg,AI,REAL,0
2026-08-12 09:26:34,P254,56,,occasionally,male,31.jpg,AI,AI,1
2026-08-12 09:26:34,P254,56,,occasionally,male,32.png,REAL,AI,0
2026-08-12 09:26:34,P254,56,,occasionally,male,33.png,REAL,REAL,1
2026-08-12 09:26:34,P254,56,,occasionally,male,34.png,REAL,REAL,1
2026-08-12 09:26:34,P254,56,,occasionally,male,35.png,REAL,AI,0
2026-08-12 09:26:34,P254,56,,occasionally,male,36.jpg,AI,REAL,0
2026-08-12 09:26:34,P254,56,,occasionally,male,37.mp4,AI,REAL,0
2026-08-12 09:26:34,P254,56,,occasionally,male,38.mp4,AI,AI,1
2026-08-12 10:53:40,P255,24,,daily,female,1.jpg,AI,AI,1
2026-08-12 10:53:40,P255,24,,daily,female,2.jpg,AI,REAL,0
2026-08-12 10:53:40,P255,24,,daily,female,3.jpg,REAL,REAL,1
2026-08-12 10:53:40,P255,24,,daily,female,4.mp4,AI,AI,1
2026-08-12 10:53:40,P255,24,,daily,female,5.png,REAL,AI,0
2026-08-12 10:53:40,P255,24,,daily,female,6.png,REAL,AI,0
2026-08-12 10:53:40,P255,24,,daily,female,7.jpeg,REAL,REAL,1
2026-08-12 10:53:40,P255,24,,daily,female,8.avif,REAL,REAL,1
2026-08-12 10:53:40,P255,24,,daily,female,9.png,REAL,AI,0
2026-08-12 10:53:40,P255,24,,daily,female,10.webp,REAL,REAL,1
2026-08-12 10:53:40,P255,24,,daily,female,11.jpg,AI,REAL,0
2026-08-12 10:53:40,P255,24,,daily,female,12.png,REAL,AI,0
2026-08-12 10:53:40,P255,24,,daily,female,13.jpg,REAL,AI,0
2026-08-12 10:53:40,P255,24,,daily,female,14.mp4,AI,REAL,0
2026-08-12 10:53:40,P255,24,,daily,female,15.png,AI,AI,1
2026-08-12 10:53:40,P255,24,,daily,female,16.mp4,AI,REAL,0
2026-08-12 10:53:40,P255,24,,daily,female,17.mp4,AI,AI,1
2026-08-12 10:53:40,P255,24,,daily,female,18.png,AI,AI,1
2026-08-12 10:53:40,P255,24,,daily,female,19.png,AI,REAL,0
2026-08-12 10:53:40,P255,24,,daily,female,20.png,AI,AI,1
2026-08-12 10:53:40,P255,24,,daily,female,21.webp,REAL,AI,0
2026-08-12 10:53:40,P255,24,,daily,female,22.webp,REAL,REAL,1
2026-08-12 10:53:40,P255,24,,daily,female,23.jpg,REAL,REAL,1
2026-08-12 10:53:40,P255,24,,daily,female,24.mp4,AI,AI,1
2026-08-12 10:53:40,P255,24,,daily,female,25.mov,AI,REAL,0
2026-08-12 10:53:40,P255,24,,daily,female,26.mov,AI,AI,1
2026-08-12 10:53:40,P255,24,,daily,female,27.jpeg,REAL,AI,0
2026-08-12 10:53:40,P255,24,,daily,female,28.jpg,REAL,REAL,1
2026-08-12 10:53:40,P255,24,,daily,female,29.png,AI,REAL,0
2026-08-12 10:53:40,P255,24,,daily,female,30.jpg,REAL,REAL,1
2026-08-12 10:53:40,P255,24,,daily,female,31.jpg,AI,AI,1
2026-08-12 10:53:40,P255,24,,daily,female,32.png,REAL,AI,0
2026-08-12 10:53:40,P255,24,,daily,female,33.png,REAL,REAL,1
2026-08-12 10:53:40,P255,24,,daily,female,34.png,REAL,REAL,1
2026-08-12 10:53:40,P255,24,,daily,female,35.png,AI,AI,1
2026-08-12 10:53:40,P255,24,,daily,female,36.jpg,AI,REAL,0
2026-08-12 10:53:40,P255,24,,daily,female,37.mp4,AI,REAL,0
2026-08-12 10:53:40,P255,24,,daily,female,38.mp4,AI,AI,1
2026-08-12 11:03:28,P256,41,,daily,female,1.jpg,REAL,AI,0
2026-08-12 11:03:28,P256,41,,daily,female,2.jpg,AI,REAL,0
2026-08-12 11:03:28,P256,41,,daily,female,3.jpg,REAL,REAL,1
2026-08-12 11:03:28,P256,41,,daily,female,4.mp4,AI,AI,1
2026-08-12 11:03:28,P256,41,,daily,female,5.png,REAL,AI,0
2026-08-12 11:03:28,P256,41,,daily,female,6.png,AI,AI,1
2026-08-12 11:03:28,P256,41,,daily,female,7.jpeg,AI,REAL,0
2026-08-12 11:03:28,P256,41,,daily,female,8.avif,AI,REAL,0
2026-08-12 11:03:28,P256,41,,daily,female,9.png,REAL,AI,0
2026-08-12 11:03:28,P256,41,,daily,female,10.webp,REAL,REAL,1
2026-08-12 11:03:28,P256,41,,daily,female,11.jpg,REAL,REAL,1
2026-08-12 11:03:28,P256,41,,daily,female,12.png,REAL,AI,0
2026-08-12 11:03:28,P256,41,,daily,female,13.jpg,REAL,AI,0
2026-08-12 11:03:28,P256,41,,daily,female,14.mp4,AI,REAL,0
2026-08-12 11:03:28,P256,41,,daily,female,15.png,REAL,AI,0
2026-08-12 11:03:28,P256,41,,daily,female,16.mp4,REAL,REAL,1
2026-08-12 11:03:28,P256,41,,daily,female,17.mp4,AI,AI,1
2026-08-12 11:03:28,P256,41,,daily,female,18.png,REAL,AI,0
2026-08-12 11:03:28,P256,41,,daily,female,19.png,AI,REAL,0
2026-08-12 11:03:28,P256,41,,daily,female,20.png,REAL,AI,0
2026-08-12 11:03:28,P256,41,,daily,female,21.webp,AI,AI,1
2026-08-12 11:03:28,P256,41,,daily,female,22.webp,AI,REAL,0
2026-08-12 11:03:28,P256,41,,daily,female,23.jpg,REAL,REAL,1
2026-08-12 11:03:28,P256,41,,daily,female,24.mp4,REAL,AI,0
2026-08-12 11:03:28,P256,41,,daily,female,25.mov,REAL,REAL,1
2026-08-12 11:03:28,P256,41,,daily,female,26.mov,REAL,AI,0
2026-08-12 11:03:28,P256,41,,daily,female,27.jpeg,REAL,AI,0
2026-08-12 11:03:28,P256,41,,daily,female,28.jpg,REAL,REAL,1
2026-08-12 11:03:28,P256,41,,daily,female,29.png,AI,REAL,0
2026-08-12 11:03:28,P256,41,,daily,female,30.jpg,AI,REAL,0
2026-08-12 11:03:28,P256,41,,daily,female,31.jpg,AI,AI,1
2026-08-12 11:03:28,P256,41,,daily,female,32.png,REAL,AI,0
2026-08-12 11:03:28,P256,41,,daily,female,33.png,REAL,REAL,1
2026-08-12 11:03:28,P256,41,,daily,female,34.png,REAL,REAL,1
2026-08-12 11:03:28,P256,41,,daily,female,35.png,REAL,AI,0
2026-08-12 11:03:28,P256,41,,daily,female,36.jpg,AI,REAL,0
2026-08-12 11:03:28,P256,41,,daily,female,37.mp4,AI,REAL,0
2026-08-12 11:03:28,P256,41,,daily,female,38.mp4,REAL,AI,0
2026-08-12 13:28:48,P257,47,,occasionally,female,1.jpg,AI,AI,1
2026-08-12 13:28:48,P257,47,,occasionally,female,2.jpg,AI,REAL,0
2026-08-12 13:28:48,P257,47,,occasionally,female,3.jpg,AI,REAL,0
2026-08-12 13:28:48,P257,47,,occasionally,female,4.mp4,REAL,AI,0
2026-08-12 13:28:48,P257,47,,occasionally,female,5.png,REAL,AI,0
2026-08-12 13:28:48,P257,47,,occasionally,female,6.png,REAL,AI,0
2026-08-12 13:28:48,P257,47,,occasionally,female,7.jpeg,AI,REAL,0
2026-08-12 13:28:48,P257,47,,occasionally,female,8.avif,AI,REAL,0
2026-08-12 13:28:48,P257,47,,occasionally,female,9.png,REAL,AI,0
2026-08-12 13:28:48,P257,47,,occasionally,female,10.webp,REAL,REAL,1
2026-08-12 13:28:48,P257,47,,occasionally,female,11.jpg,REAL,REAL,1
2026-08-12 13:28:48,P257,47,,occasionally,female,12.png,REAL,AI,0
2026-08-12 13:28:48,P257,47,,occasionally,female,13.jpg,REAL,AI,0
2026-08-12 13:28:48,P257,47,,occasionally,female,14.mp4,AI,REAL,0
2026-08-12 13:28:48,P257,47,,occasionally,female,15.png,REAL,AI,0
2026-08-12 13:28:48,P257,47,,occasionally,female,16.mp4,REAL,REAL,1
2026-08-12 13:28:48,P257,47,,occasionally,female,17.mp4,REAL,AI,0
2026-08-12 13:28:48,P257,47,,occasionally,female,18.png,REAL,AI,0
2026-08-12 13:28:48,P257,47,,occasionally,female,19.png,AI,REAL,0
2026-08-12 13:28:48,P257,47,,occasionally,female,20.png,REAL,AI,0
2026-08-12 13:28:48,P257,47,,occasionally,female,21.webp,REAL,AI,0
2026-08-12 13:28:48,P257,47,,occasionally,female,22.webp,AI,REAL,0
2026-08-12 13:28:48,P257,47,,occasionally,female,23.jpg,REAL,REAL,1
2026-08-12 13:28:48,P257,47,,occasionally,female,24.mp4,REAL,AI,0
2026-08-12 13:28:48,P257,47,,occasionally,female,25.mov,REAL,REAL,1
2026-08-12 13:28:48,P257,47,,occasionally,female,26.mov,AI,AI,1
2026-08-12 13:28:48,P257,47,,occasionally,female,27.jpeg,AI,AI,1
2026-08-12 13:28:48,P257,47,,occasionally,female,28.jpg,AI,REAL,0
2026-08-12 13:28:48,P257,47,,occasionally,female,29.png,REAL,REAL,1
2026-08-12 13:28:48,P257,47,,occasionally,female,30.jpg,AI,REAL,0
2026-08-12 13:28:48,P257,47,,occasionally,female,31.jpg,AI,AI,1
2026-08-12 13:28:48,P257,47,,occasionally,female,32.png,AI,AI,1
2026-08-12 13:28:48,P257,47,,occasionally,female,33.png,AI,REAL,0
2026-08-12 13:28:48,P257,47,,occasionally,female,34.png,REAL,REAL,1
2026-08-12 13:28:48,P257,47,,occasionally,female,35.png,REAL,AI,0
2026-08-12 13:28:48,P257,47,,occasionally,female,36.jpg,AI,REAL,0
2026-08-12 13:28:48,P257,47,,occasionally,female,37.mp4,AI,REAL,0
2026-08-12 13:28:48,P257,47,,occasionally,female,38.mp4,REAL,AI,0
2026-08-12 13:58:59,P258,17,,daily,female,1.jpg,AI,AI,1
2026-08-12 13:58:59,P258,17,,daily,female,2.jpg,AI,REAL,0
2026-08-12 13:58:59,P258,17,,daily,female,3.jpg,AI,REAL,0
2026-08-12 13:58:59,P258,17,,daily,female,4.mp4,REAL,AI,0
2026-08-12 13:58:59,P258,17,,daily,female,5.png,AI,AI,1
2026-08-12 13:58:59,P258,17,,daily,female,6.png,REAL,AI,0
2026-08-12 13:58:59,P258,17,,daily,female,7.jpeg,AI,REAL,0
2026-08-12 13:58:59,P258,17,,daily,female,8.avif,AI,REAL,0
2026-08-12 13:58:59,P258,17,,daily,female,9.png,REAL,AI,0
2026-08-12 13:58:59,P258,17,,daily,female,10.webp,AI,REAL,0
2026-08-12 13:58:59,P258,17,,daily,female,11.jpg,AI,REAL,0
2026-08-12 13:58:59,P258,17,,daily,female,12.png,REAL,AI,0
2026-08-12 13:58:59,P258,17,,daily,female,13.jpg,REAL,AI,0
2026-08-12 13:58:59,P258,17,,daily,female,14.mp4,AI,REAL,0
2026-08-12 13:58:59,P258,17,,daily,female,15.png,REAL,AI,0
2026-08-12 13:58:59,P258,17,,daily,female,16.mp4,AI,REAL,0
2026-08-12 13:58:59,P258,17,,daily,female,17.mp4,AI,AI,1
2026-08-12 13:58:59,P258,17,,daily,female,18.png,AI,AI,1
2026-08-12 13:58:59,P258,17,,daily,female,19.png,REAL,REAL,1
2026-08-12 13:58:59,P258,17,,daily,female,20.png,AI,AI,1
2026-08-12 13:58:59,P258,17,,daily,female,21.webp,REAL,AI,0
2026-08-12 13:58:59,P258,17,,daily,female,22.webp,AI,REAL,0
2026-08-12 13:58:59,P258,17,,daily,female,23.jpg,REAL,REAL,1
2026-08-12 13:58:59,P258,17,,daily,female,24.mp4,AI,AI,1
2026-08-12 13:58:59,P258,17,,daily,female,25.mov,REAL,REAL,1
2026-08-12 13:58:59,P258,17,,daily,female,26.mov,AI,AI,1
2026-08-12 13:58:59,P258,17,,daily,female,27.jpeg,AI,AI,1
2026-08-12 13:58:59,P258,17,,daily,female,28.jpg,REAL,REAL,1
2026-08-12 13:58:59,P258,17,,daily,female,29.png,REAL,REAL,1
2026-08-12 13:58:59,P258,17,,daily,female,30.jpg,REAL,REAL,1
2026-08-12 13:58:59,P258,17,,daily,female,31.jpg,REAL,AI,0
2026-08-12 13:58:59,P258,17,,daily,female,32.png,AI,AI,1
2026-08-12 13:58:59,P258,17,,daily,female,33.png,REAL,REAL,1
2026-08-12 13:58:59,P258,17,,daily,female,34.png,AI,REAL,0
2026-08-12 13:58:59,P258,17,,daily,female,35.png,REAL,AI,0
2026-08-12 13:58:59,P258,17,,daily,female,36.jpg,AI,REAL,0
2026-08-12 13:58:59,P258,17,,daily,female,37.mp4,AI,REAL,0
2026-08-12 13:58:59,P258,17,,daily,female,38.mp4,AI,AI,1
2026-08-12 14:34:53,P259,22,,daily,female,1.jpg,AI,AI,1
2026-08-12 14:34:53,P259,22,,daily,female,2.jpg,REAL,REAL,1
2026-08-12 14:34:53,P259,22,,daily,female,3.jpg,REAL,REAL,1
2026-08-12 14:34:53,P259,22,,daily,female,4.mp4,REAL,AI,0
2026-08-12 14:34:53,P259,22,,daily,female,5.png,REAL,AI,0
2026-08-12 14:34:53,P259,22,,daily,female,6.png,AI,AI,1
2026-08-12 14:34:53,P259,22,,daily,female,7.jpeg,AI,REAL,0
2026-08-12 14:34:53,P259,22,,daily,female,8.avif,REAL,REAL,1
2026-08-12 14:34:53,P259,22,,daily,female,9.png,AI,AI,1
2026-08-12 14:34:53,P259,22,,daily,female,10.webp,AI,REAL,0
2026-08-12 14:34:53,P259,22,,daily,female,11.jpg,AI,REAL,0
2026-08-12 14:34:53,P259,22,,daily,female,12.png,REAL,AI,0
2026-08-12 14:34:53,P259,22,,daily,female,13.jpg,REAL,AI,0
2026-08-12 14:34:53,P259,22,,daily,female,14.mp4,AI,REAL,0
2026-08-12 14:34:53,P259,22,,daily,female,15.png,AI,AI,1
2026-08-12 14:34:53,P259,22,,daily,female,16.mp4,AI,REAL,0
2026-08-12 14:34:53,P259,22,,daily,female,17.mp4,REAL,AI,0
2026-08-12 14:34:53,P259,22,,daily,female,18.png,AI,AI,1
2026-08-12 14:34:53,P259,22,,daily,female,19.png,AI,REAL,0
2026-08-12 14:34:53,P259,22,,daily,female,20.png,AI,AI,1
2026-08-12 14:34:53,P259,22,,daily,female,21.webp,AI,AI,1
2026-08-12 14:34:53,P259,22,,daily,female,22.webp,REAL,REAL,1
2026-08-12 14:34:53,P259,22,,daily,female,23.jpg,REAL,REAL,1
2026-08-12 14:34:53,P259,22,,daily,female,24.mp4,AI,AI,1
2026-08-12 14:34:53,P259,22,,daily,female,25.mov,REAL,REAL,1
2026-08-12 14:34:53,P259,22,,daily,female,26.mov,AI,AI,1
2026-08-12 14:34:53,P259,22,,daily,female,27.jpeg,REAL,AI,0
2026-08-12 14:34:53,P259,22,,daily,female,28.jpg,REAL,REAL,1
2026-08-12 14:34:53,P259,22,,daily,female,29.png,REAL,REAL,1
2026-08-12 14:34:53,P259,22,,daily,female,30.jpg,REAL,REAL,1
2026-08-12 14:34:53,P259,22,,daily,female,31.jpg,AI,AI,1
2026-08-12 14:34:53,P259,22,,daily,female,32.png,REAL,AI,0
2026-08-12 14:34:53,P259,22,,daily,female,33.png,AI,REAL,0
2026-08-12 14:34:53,P259,22,,daily,female,34.png,REAL,REAL,1
2026-08-12 14:34:53,P259,22,,daily,female,35.png,AI,AI,1
2026-08-12 14:34:53,P259,22,,daily,female,36.jpg,REAL,REAL,1
2026-08-12 14:34:53,P259,22,,daily,female,37.mp4,AI,REAL,0
2026-08-12 14:34:53,P259,22,,daily,female,38.mp4,AI,AI,1
2026-08-12 15:11:17,P260,17,,daily,male,1.jpg,AI,AI,1
2026-08-12 15:11:17,P260,17,,daily,male,2.jpg,AI,REAL,0
2026-08-12 15:11:17,P260,17,,daily,male,3.jpg,REAL,REAL,1
2026-08-12 15:11:17,P260,17,,daily,male,4.mp4,REAL,AI,0
2026-08-12 15:11:17,P260,17,,daily,male,5.png,REAL,AI,0
2026-08-12 15:11:17,P260,17,,daily,male,6.png,REAL,AI,0
2026-08-12 15:11:17,P260,17,,daily,male,7.jpeg,AI,REAL,0
2026-08-12 15:11:17,P260,17,,daily,male,8.avif,REAL,REAL,1
2026-08-12 15:11:17,P260,17,,daily,male,9.png,AI,AI,1
2026-08-12 15:11:17,P260,17,,daily,male,10.webp,REAL,REAL,1
2026-08-12 15:11:17,P260,17,,daily,male,11.jpg,REAL,REAL,1
2026-08-12 15:11:17,P260,17,,daily,male,12.png,REAL,AI,0
2026-08-12 15:11:17,P260,17,,daily,male,13.jpg,REAL,AI,0
2026-08-12 15:11:17,P260,17,,daily,male,14.mp4,REAL,REAL,1
2026-08-12 15:11:17,P260,17,,daily,male,15.png,AI,AI,1
2026-08-12 15:11:17,P260,17,,daily,male,16.mp4,REAL,REAL,1
2026-08-12 15:11:17,P260,17,,daily,male,17.mp4,AI,AI,1
2026-08-12 15:11:17,P260,17,,daily,male,18.png,AI,AI,1
2026-08-12 15:11:17,P260,17,,daily,male,19.png,AI,REAL,0
2026-08-12 15:11:17,P260,17,,daily,male,20.png,AI,AI,1
2026-08-12 15:11:17,P260,17,,daily,male,21.webp,REAL,AI,0
2026-08-12 15:11:17,P260,17,,daily,male,22.webp,REAL,REAL,1
2026-08-12 15:11:17,P260,17,,daily,male,23.jpg,REAL,REAL,1
2026-08-12 15:11:17,P260,17,,daily,male,24.mp4,AI,AI,1
2026-08-12 15:11:17,P260,17,,daily,male,25.mov,REAL,REAL,1
2026-08-12 15:11:17,P260,17,,daily,male,26.mov,AI,AI,1
2026-08-12 15:11:17,P260,17,,daily,male,27.jpeg,REAL,AI,0
2026-08-12 15:11:17,P260,17,,daily,male,28.jpg,REAL,REAL,1
2026-08-12 15:11:17,P260,17,,daily,male,29.png,AI,REAL,0
2026-08-12 15:11:17,P260,17,,daily,male,30.jpg,REAL,REAL,1
2026-08-12 15:11:17,P260,17,,daily,male,31.jpg,AI,AI,1
2026-08-12 15:11:17,P260,17,,daily,male,32.png,REAL,AI,0
2026-08-12 15:11:17,P260,17,,daily,male,33.png,REAL,REAL,1
2026-08-12 15:11:17,P260,17,,daily,male,34.png,REAL,REAL,1
2026-08-12 15:11:17,P260,17,,daily,male,35.png,REAL,AI,0
2026-08-12 15:11:17,P260,17,,daily,male,36.jpg,AI,REAL,0
2026-08-12 15:11:17,P260,17,,daily,male,37.mp4,REAL,REAL,1
2026-08-12 15:11:17,P260,17,,daily,male,38.mp4,REAL,AI,0
2026-08-12 15:21:29,P261,52,,daily,female,1.jpg,AI,AI,1
2026-08-12 15:21:29,P261,52,,daily,female,2.jpg,AI,REAL,0
2026-08-12 15:21:29,P261,52,,daily,female,3.jpg,REAL,REAL,1
2026-08-12 15:21:29,P261,52,,daily,female,4.mp4,REAL,AI,0
2026-08-12 15:21:29,P261,52,,daily,female,5.png,AI,AI,1
2026-08-12 15:21:29,P261,52,,daily,female,6.png,REAL,AI,0
2026-08-12 15:21:29,P261,52,,daily,female,7.jpeg,REAL,REAL,1
2026-08-12 15:21:29,P261,52,,daily,female,8.avif,REAL,REAL,1
2026-08-12 15:21:29,P261,52,,daily,female,9.png,REAL,AI,0
2026-08-12 15:21:29,P261,52,,daily,female,10.webp,REAL,REAL,1
2026-08-12 15:21:29,P261,52,,daily,female,11.jpg,AI,REAL,0
2026-08-12 15:21:29,P261,52,,daily,female,12.png,REAL,AI,0
2026-08-12 15:21:29,P261,52,,daily,female,13.jpg,REAL,AI,0
2026-08-12 15:21:29,P261,52,,daily,female,14.mp4,AI,REAL,0
2026-08-12 15:21:29,P261,52,,daily,female,15.png,REAL,AI,0
2026-08-12 15:21:29,P261,52,,daily,female,16.mp4,REAL,REAL,1
2026-08-12 15:21:29,P261,52,,daily,female,17.mp4,AI,AI,1
2026-08-12 15:21:29,P261,52,,daily,female,18.png,REAL,AI,0
2026-08-12 15:21:29,P261,52,,daily,female,19.png,AI,REAL,0
2026-08-12 15:21:29,P261,52,,daily,female,20.png,AI,AI,1
2026-08-12 15:21:29,P261,52,,daily,female,21.webp,REAL,AI,0
2026-08-12 15:21:29,P261,52,,daily,female,22.webp,REAL,REAL,1
2026-08-12 15:21:29,P261,52,,daily,female,23.jpg,REAL,REAL,1
2026-08-12 15:21:29,P261,52,,daily,female,24.mp4,REAL,AI,0
2026-08-12 15:21:29,P261,52,,daily,female,25.mov,REAL,REAL,1
2026-08-12 15:21:29,P261,52,,daily,female,26.mov,AI,AI,1
2026-08-12 15:21:29,P261,52,,daily,female,27.jpeg,REAL,AI,0
2026-08-12 15:21:29,P261,52,,daily,female,28.jpg,REAL,REAL,1
2026-08-12 15:21:29,P261,52,,daily,female,29.png,AI,REAL,0
2026-08-12 15:21:29,P261,52,,daily,female,30.jpg,AI,REAL,0
2026-08-12 15:21:29,P261,52,,daily,female,31.jpg,AI,AI,1
2026-08-12 15:21:29,P261,52,,daily,female,32.png,AI,AI,1
2026-08-12 15:21:29,P261,52,,daily,female,33.png,REAL,REAL,1
2026-08-12 15:21:29,P261,52,,daily,female,34.png,AI,REAL,0
2026-08-12 15:21:29,P261,52,,daily,female,35.png,REAL,AI,0
2026-08-12 15:21:29,P261,52,,daily,female,36.jpg,AI,REAL,0
2026-08-12 15:21:29,P261,52,,daily,female,37.mp4,AI,REAL,0
2026-08-12 15:21:29,P261,52,,daily,female,38.mp4,REAL,AI,0
2026-08-12 15:58:01,P262,10,,daily,male,1.jpg,AI,AI,1
2026-08-12 15:58:01,P262,10,,daily,male,2.jpg,REAL,REAL,1
2026-08-12 15:58:01,P262,10,,daily,male,3.jpg,AI,REAL,0
2026-08-12 15:58:01,P262,10,,daily,male,4.mp4,AI,AI,1
2026-08-12 15:58:01,P262,10,,daily,male,5.png,REAL,AI,0
2026-08-12 15:58:01,P262,10,,daily,male,6.png,REAL,AI,0
2026-08-12 15:58:01,P262,10,,daily,male,7.jpeg,AI,REAL,0
2026-08-12 15:58:01,P262,10,,daily,male,8.avif,AI,REAL,0
2026-08-12 15:58:01,P262,10,,daily,male,9.png,REAL,AI,0
2026-08-12 15:58:01,P262,10,,daily,male,10.webp,AI,REAL,0
2026-08-12 15:58:01,P262,10,,daily,male,11.jpg,AI,REAL,0
2026-08-12 15:58:01,P262,10,,daily,male,12.png,REAL,AI,0
2026-08-12 15:58:01,P262,10,,daily,male,13.jpg,REAL,AI,0
2026-08-12 15:58:01,P262,10,,daily,male,14.mp4,AI,REAL,0
2026-08-12 15:58:01,P262,10,,daily,male,15.png,AI,AI,1
2026-08-12 15:58:01,P262,10,,daily,male,16.mp4,REAL,REAL,1
2026-08-12 15:58:01,P262,10,,daily,male,17.mp4,AI,AI,1
2026-08-12 15:58:01,P262,10,,daily,male,18.png,AI,AI,1
2026-08-12 15:58:01,P262,10,,daily,male,19.png,REAL,REAL,1
2026-08-12 15:58:01,P262,10,,daily,male,20.png,AI,AI,1
2026-08-12 15:58:01,P262,10,,daily,male,21.webp,REAL,AI,0
2026-08-12 15:58:01,P262,10,,daily,male,22.webp,REAL,REAL,1
2026-08-12 15:58:01,P262,10,,daily,male,23.jpg,AI,REAL,0
2026-08-12 15:58:01,P262,10,,daily,male,24.mp4,AI,AI,1
2026-08-12 15:58:01,P262,10,,daily,male,25.mov,REAL,REAL,1
2026-08-12 15:58:01,P262,10,,daily,male,26.mov,AI,AI,1
2026-08-12 15:58:01,P262,10,,daily,male,27.jpeg,REAL,AI,0
2026-08-12 15:58:01,P262,10,,daily,male,28.jpg,REAL,REAL,1
2026-08-12 15:58:01,P262,10,,daily,male,29.png,AI,REAL,0
2026-08-12 15:58:01,P262,10,,daily,male,30.jpg,REAL,REAL,1
2026-08-12 15:58:01,P262,10,,daily,male,31.jpg,REAL,AI,0
2026-08-12 15:58:01,P262,10,,daily,male,32.png,REAL,AI,0
2026-08-12 15:58:01,P262,10,,daily,male,33.png,AI,REAL,0
2026-08-12 15:58:01,P262,10,,daily,male,34.png,REAL,REAL,1
2026-08-12 15:58:01,P262,10,,daily,male,35.png,AI,AI,1
2026-08-12 15:58:01,P262,10,,daily,male,36.jpg,AI,REAL,0
2026-08-12 15:58:01,P262,10,,daily,male,37.mp4,AI,REAL,0
2026-08-12 15:58:01,P262,10,,daily,male,38.mp4,AI,AI,1
2026-08-12 16:11:07,P263,48,,daily,female,1.jpg,REAL,AI,0
2026-08-12 16:11:07,P263,48,,daily,female,2.jpg,AI,REAL,0
2026-08-12 16:11:07,P263,48,,daily,female,3.jpg,AI,REAL,0
2026-08-12 16:11:07,P263,48,,daily,female,4.mp4,REAL,AI,0
2026-08-12 16:11:07,P263,48,,daily,female,5.png,REAL,AI,0
2026-08-12 16:11:07,P263,48,,daily,female,6.png,AI,AI,1
2026-08-12 16:11:07,P263,48,,daily,female,7.jpeg,AI,REAL,0
2026-08-12 16:11:07,P263,48,,daily,female,8.avif,AI,REAL,0
2026-08-12 16:11:07,P263,48,,daily,female,9.png,REAL,AI,0
2026-08-12 16:11:07,P263,48,,daily,female,10.webp,REAL,REAL,1
2026-08-12 16:11:07,P263,48,,daily,female,11.jpg,AI,REAL,0
2026-08-12 16:11:07,P263,48,,daily,female,12.png,AI,AI,1
2026-08-12 16:11:07,P263,48,,daily,female,13.jpg,REAL,AI,0
2026-08-12 16:11:07,P263,48,,daily,female,14.mp4,AI,REAL,0
2026-08-12 16:11:07,P263,48,,daily,female,15.png,AI,AI,1
2026-08-12 16:11:07,P263,48,,daily,female,16.mp4,AI,REAL,0
2026-08-12 16:11:07,P263,48,,daily,female,17.mp4,REAL,AI,0
2026-08-12 16:11:07,P263,48,,daily,female,18.png,REAL,AI,0
2026-08-12 16:11:07,P263,48,,daily,female,19.png,AI,REAL,0
2026-08-12 16:11:07,P263,48,,daily,female,20.png,REAL,AI,0
2026-08-12 16:11:07,P263,48,,daily,female,21.webp,AI,AI,1
2026-08-12 16:11:07,P263,48,,daily,female,22.webp,REAL,REAL,1
2026-08-12 16:11:07,P263,48,,daily,female,23.jpg,REAL,REAL,1
2026-08-12 16:11:07,P263,48,,daily,female,24.mp4,REAL,AI,0
2026-08-12 16:11:07,P263,48,,daily,female,25.mov,REAL,REAL,1
2026-08-12 16:11:07,P263,48,,daily,female,26.mov,REAL,AI,0
2026-08-12 16:11:07,P263,48,,daily,female,27.jpeg,REAL,AI,0
2026-08-12 16:11:07,P263,48,,daily,female,28.jpg,REAL,REAL,1
2026-08-12 16:11:07,P263,48,,daily,female,29.png,AI,REAL,0
2026-08-12 16:11:07,P263,48,,daily,female,30.jpg,AI,REAL,0
2026-08-12 16:11:07,P263,48,,daily,female,31.jpg,AI,AI,1
2026-08-12 16:11:07,P263,48,,daily,female,32.png,REAL,AI,0
2026-08-12 16:11:07,P263,48,,daily,female,33.png,REAL,REAL,1
2026-08-12 16:11:07,P263,48,,daily,female,34.png,REAL,REAL,1
2026-08-12 16:11:07,P263,48,,daily,female,35.png,REAL,AI,0
2026-08-12 16:11:07,P263,48,,daily,female,36.jpg,REAL,REAL,1
2026-08-12 16:11:07,P263,48,,daily,female,37.mp4,AI,REAL,0
2026-08-12 16:11:07,P263,48,,daily,female,38.mp4,REAL,AI,0
2026-08-12 17:29:26,P264,12,,never,male,1.jpg,AI,AI,1
2026-08-12 17:29:26,P264,12,,never,male,2.jpg,AI,REAL,0
2026-08-12 17:29:26,P264,12,,never,male,3.jpg,AI,REAL,0
2026-08-12 17:29:26,P264,12,,never,male,4.mp4,REAL,AI,0
2026-08-12 17:29:26,P264,12,,never,male,5.png,REAL,AI,0
2026-08-12 17:29:26,P264,12,,never,male,6.png,REAL,AI,0
2026-08-12 17:29:26,P264,12,,never,male,7.jpeg,AI,REAL,0
2026-08-12 17:29:26,P264,12,,never,male,8.avif,AI,REAL,0
2026-08-12 17:29:26,P264,12,,never,male,9.png,REAL,AI,0
2026-08-12 17:29:26,P264,12,,never,male,10.webp,AI,REAL,0
2026-08-12 17:29:26,P264,12,,never,male,11.jpg,AI,REAL,0
2026-08-12 17:29:26,P264,12,,never,male,12.png,REAL,AI,0
2026-08-12 17:29:26,P264,12,,never,male,13.jpg,AI,AI,1
2026-08-12 17:29:26,P264,12,,never,male,14.mp4,AI,REAL,0
2026-08-12 17:29:26,P264,12,,never,male,15.png,REAL,AI,0
2026-08-12 17:29:26,P264,12,,never,male,16.mp4,REAL,REAL,1
2026-08-12 17:29:26,P264,12,,never,male,17.mp4,REAL,AI,0
2026-08-12 17:29:26,P264,12,,never,male,18.png,AI,AI,1
2026-08-12 17:29:26,P264,12,,never,male,19.png,AI,REAL,0
2026-08-12 17:29:26,P264,12,,never,male,20.png,REAL,AI,0
2026-08-12 17:29:26,P264,12,,never,male,21.webp,REAL,AI,0
2026-08-12 17:29:26,P264,12,,never,male,22.webp,AI,REAL,0
2026-08-12 17:29:26,P264,12,,never,male,23.jpg,REAL,REAL,1
2026-08-12 17:29:26,P264,12,,never,male,24.mp4,AI,AI,1
2026-08-12 17:29:26,P264,12,,never,male,25.mov,REAL,REAL,1
2026-08-12 17:29:26,P264,12,,never,male,26.mov,REAL,AI,0
2026-08-12 17:29:26,P264,12,,never,male,27.jpeg,AI,AI,1
2026-08-12 17:29:26,P264,12,,never,male,28.jpg,REAL,REAL,1
2026-08-12 17:29:26,P264,12,,never,male,29.png,REAL,REAL,1
2026-08-12 17:29:26,P264,12,,never,male,30.jpg,AI,REAL,0
2026-08-12 17:29:26,P264,12,,never,male,31.jpg,REAL,AI,0
2026-08-12 17:29:26,P264,12,,never,male,32.png,AI,AI,1
2026-08-12 17:29:26,P264,12,,never,male,33.png,REAL,REAL,1
2026-08-12 17:29:26,P264,12,,never,male,34.png,AI,REAL,0
2026-08-12 17:29:26,P264,12,,never,male,35.png,AI,AI,1
2026-08-12 17:29:26,P264,12,,never,male,36.jpg,AI,REAL,0
2026-08-12 17:29:26,P264,12,,never,male,37.mp4,REAL,REAL,1
2026-08-12 17:29:26,P264,12,,never,male,38.mp4,AI,AI,1
2026-08-12 17:31:11,P265,45,,daily,female,1.jpg,REAL,AI,0
2026-08-12 17:31:11,P265,45,,daily,female,2.jpg,REAL,REAL,1
2026-08-12 17:31:11,P265,45,,daily,female,3.jpg,AI,REAL,0
2026-08-12 17:31:11,P265,45,,daily,female,4.mp4,REAL,AI,0
2026-08-12 17:31:11,P265,45,,daily,female,5.png,REAL,AI,0
2026-08-12 17:31:11,P265,45,,daily,female,6.png,REAL,AI,0
2026-08-12 17:31:11,P265,45,,daily,female,7.jpeg,REAL,REAL,1
2026-08-12 17:31:11,P265,45,,daily,female,8.avif,REAL,REAL,1
2026-08-12 17:31:11,P265,45,,daily,female,9.png,REAL,AI,0
2026-08-12 17:31:11,P265,45,,daily,female,10.webp,REAL,REAL,1
2026-08-12 17:31:11,P265,45,,daily,female,11.jpg,REAL,REAL,1
2026-08-12 17:31:11,P265,45,,daily,female,12.png,REAL,AI,0
2026-08-12 17:31:11,P265,45,,daily,female,13.jpg,REAL,AI,0
2026-08-12 17:31:11,P265,45,,daily,female,14.mp4,AI,REAL,0
2026-08-12 17:31:11,P265,45,,daily,female,15.png,REAL,AI,0
2026-08-12 17:31:11,P265,45,,daily,female,16.mp4,REAL,REAL,1
2026-08-12 17:31:11,P265,45,,daily,female,17.mp4,REAL,AI,0
2026-08-12 17:31:11,P265,45,,daily,female,18.png,REAL,AI,0
2026-08-12 17:31:11,P265,45,,daily,female,19.png,AI,REAL,0
2026-08-12 17:31:11,P265,45,,daily,female,20.png,REAL,AI,0
2026-08-12 17:31:11,P265,45,,daily,female,21.webp,REAL,AI,0
2026-08-12 17:31:11,P265,45,,daily,female,22.webp,AI,REAL,0
2026-08-12 17:31:11,P265,45,,daily,female,23.jpg,REAL,REAL,1
2026-08-12 17:31:11,P265,45,,daily,female,24.mp4,REAL,AI,0
2026-08-12 17:31:11,P265,45,,daily,female,25.mov,REAL,REAL,1
2026-08-12 17:31:11,P265,45,,daily,female,26.mov,REAL,AI,0
2026-08-12 17:31:11,P265,45,,daily,female,27.jpeg,REAL,AI,0
2026-08-12 17:31:11,P265,45,,daily,female,28.jpg,REAL,REAL,1
2026-08-12 17:31:11,P265,45,,daily,female,29.png,REAL,REAL,1
2026-08-12 17:31:11,P265,45,,daily,female,30.jpg,REAL,REAL,1
2026-08-12 17:31:11,P265,45,,daily,female,31.jpg,REAL,AI,0
2026-08-12 17:31:11,P265,45,,daily,female,32.png,REAL,AI,0
2026-08-12 17:31:11,P265,45,,daily,female,33.png,REAL,REAL,1
2026-08-12 17:31:11,P265,45,,daily,female,34.png,REAL,REAL,1
2026-08-12 17:31:11,P265,45,,daily,female,35.png,REAL,AI,0
2026-08-12 17:31:11,P265,45,,daily,female,36.jpg,REAL,REAL,1
2026-08-12 17:31:11,P265,45,,daily,female,37.mp4,AI,REAL,0
2026-08-12 17:31:11,P265,45,,daily,female,38.mp4,AI,AI,1
2026-08-12 17:37:45,P266,9,,daily,female,1.jpg,AI,AI,1
2026-08-12 17:37:45,P266,9,,daily,female,2.jpg,AI,REAL,0
2026-08-12 17:37:45,P266,9,,daily,female,3.jpg,REAL,REAL,1
2026-08-12 17:37:45,P266,9,,daily,female,4.mp4,REAL,AI,0
2026-08-12 17:37:45,P266,9,,daily,female,5.png,REAL,AI,0
2026-08-12 17:37:45,P266,9,,daily,female,6.png,REAL,AI,0
2026-08-12 17:37:45,P266,9,,daily,female,7.jpeg,AI,REAL,0
2026-08-12 17:37:45,P266,9,,daily,female,8.avif,AI,REAL,0
2026-08-12 17:37:45,P266,9,,daily,female,9.png,REAL,AI,0
2026-08-12 17:37:45,P266,9,,daily,female,10.webp,REAL,REAL,1
2026-08-12 17:37:45,P266,9,,daily,female,11.jpg,AI,REAL,0
2026-08-12 17:37:45,P266,9,,daily,female,12.png,REAL,AI,0
2026-08-12 17:37:45,P266,9,,daily,female,13.jpg,REAL,AI,0
2026-08-12 17:37:45,P266,9,,daily,female,14.mp4,AI,REAL,0
2026-08-12 17:37:45,P266,9,,daily,female,15.png,AI,AI,1
2026-08-12 17:37:45,P266,9,,daily,female,16.mp4,REAL,REAL,1
2026-08-12 17:37:45,P266,9,,daily,female,17.mp4,REAL,AI,0
2026-08-12 17:37:45,P266,9,,daily,female,18.png,REAL,AI,0
2026-08-12 17:37:45,P266,9,,daily,female,19.png,AI,REAL,0
2026-08-12 17:37:45,P266,9,,daily,female,20.png,AI,AI,1
2026-08-12 17:37:45,P266,9,,daily,female,21.webp,AI,AI,1
2026-08-12 17:37:45,P266,9,,daily,female,22.webp,AI,REAL,0
2026-08-12 17:37:45,P266,9,,daily,female,23.jpg,REAL,REAL,1
2026-08-12 17:37:45,P266,9,,daily,female,24.mp4,AI,AI,1
2026-08-12 17:37:45,P266,9,,daily,female,25.mov,REAL,REAL,1
2026-08-12 17:37:45,P266,9,,daily,female,26.mov,AI,AI,1
2026-08-12 17:37:45,P266,9,,daily,female,27.jpeg,REAL,AI,0
2026-08-12 17:37:45,P266,9,,daily,female,28.jpg,REAL,REAL,1
2026-08-12 17:37:45,P266,9,,daily,female,29.png,AI,REAL,0
2026-08-12 17:37:45,P266,9,,daily,female,30.jpg,AI,REAL,0
2026-08-12 17:37:45,P266,9,,daily,female,31.jpg,AI,AI,1
2026-08-12 17:37:45,P266,9,,daily,female,32.png,AI,AI,1
2026-08-12 17:37:45,P266,9,,daily,female,33.png,REAL,REAL,1
2026-08-12 17:37:45,P266,9,,daily,female,34.png,REAL,REAL,1
2026-08-12 17:37:45,P266,9,,daily,female,35.png,REAL,AI,0
2026-08-12 17:37:45,P266,9,,daily,female,36.jpg,AI,REAL,0
2026-08-12 17:37:45,P266,9,,daily,female,37.mp4,AI,REAL,0
2026-08-12 17:37:45,P266,9,,daily,female,38.mp4,AI,AI,1
2026-08-12 19:00:36,P267,17,,daily,female,1.jpg,REAL,AI,0
2026-08-12 19:00:36,P267,17,,daily,female,2.jpg,REAL,REAL,1
2026-08-12 19:00:36,P267,17,,daily,female,3.jpg,REAL,REAL,1
2026-08-12 19:00:36,P267,17,,daily,female,4.mp4,AI,AI,1
2026-08-12 19:00:36,P267,17,,daily,female,5.png,AI,AI,1
2026-08-12 19:00:36,P267,17,,daily,female,6.png,REAL,AI,0
2026-08-12 19:00:36,P267,17,,daily,female,7.jpeg,REAL,REAL,1
2026-08-12 19:00:36,P267,17,,daily,female,8.avif,REAL,REAL,1
2026-08-12 19:00:36,P267,17,,daily,female,9.png,AI,AI,1
2026-08-12 19:00:36,P267,17,,daily,female,10.webp,REAL,REAL,1
2026-08-12 19:00:36,P267,17,,daily,female,11.jpg,AI,REAL,0
2026-08-12 19:00:36,P267,17,,daily,female,12.png,AI,AI,1
2026-08-12 19:00:36,P267,17,,daily,female,13.jpg,REAL,AI,0
2026-08-12 19:00:36,P267,17,,daily,female,14.mp4,REAL,REAL,1
2026-08-12 19:00:36,P267,17,,daily,female,15.png,AI,AI,1
2026-08-12 19:00:36,P267,17,,daily,female,16.mp4,AI,REAL,0
2026-08-12 19:00:36,P267,17,,daily,female,17.mp4,AI,AI,1
2026-08-12 19:00:36,P267,17,,daily,female,18.png,REAL,AI,0
2026-08-12 19:00:36,P267,17,,daily,female,19.png,REAL,REAL,1
2026-08-12 19:00:36,P267,17,,daily,female,20.png,AI,AI,1
2026-08-12 19:00:36,P267,17,,daily,female,21.webp,AI,AI,1
2026-08-12 19:00:36,P267,17,,daily,female,22.webp,REAL,REAL,1
2026-08-12 19:00:36,P267,17,,daily,female,23.jpg,REAL,REAL,1
2026-08-12 19:00:36,P267,17,,daily,female,24.mp4,AI,AI,1
2026-08-12 19:00:36,P267,17,,daily,female,25.mov,REAL,REAL,1
2026-08-12 19:00:36,P267,17,,daily,female,26.mov,AI,AI,1
2026-08-12 19:00:36,P267,17,,daily,female,27.jpeg,REAL,AI,0
2026-08-12 19:00:36,P267,17,,daily,female,28.jpg,REAL,REAL,1
2026-08-12 19:00:36,P267,17,,daily,female,29.png,REAL,REAL,1
2026-08-12 19:00:36,P267,17,,daily,female,30.jpg,REAL,REAL,1
2026-08-12 19:00:36,P267,17,,daily,female,31.jpg,AI,AI,1
2026-08-12 19:00:36,P267,17,,daily,female,32.png,REAL,AI,0
2026-08-12 19:00:36,P267,17,,daily,female,33.png,AI,REAL,0
2026-08-12 19:00:36,P267,17,,daily,female,34.png,AI,REAL,0
2026-08-12 19:00:36,P267,17,,daily,female,35.png,REAL,AI,0
2026-08-12 19:00:36,P267,17,,daily,female,36.jpg,REAL,REAL,1
2026-08-12 19:00:36,P267,17,,daily,female,37.mp4,REAL,REAL,1
2026-08-12 19:00:36,P267,17,,daily,female,38.mp4,AI,AI,1
2026-08-13 10:54:04,P268,62,,daily,female,1.jpg,REAL,AI,0
2026-08-13 10:54:04,P268,62,,daily,female,2.jpg,REAL,REAL,1
2026-08-13 10:54:04,P268,62,,daily,female,3.jpg,REAL,REAL,1
2026-08-13 10:54:04,P268,62,,daily,female,4.mp4,REAL,AI,0
2026-08-13 10:54:04,P268,62,,daily,female,5.png,REAL,AI,0
2026-08-13 10:54:04,P268,62,,daily,female,6.png,REAL,AI,0
2026-08-13 10:54:04,P268,62,,daily,female,7.jpeg,AI,REAL,0
2026-08-13 10:54:04,P268,62,,daily,female,8.avif,AI,REAL,0
2026-08-13 10:54:04,P268,62,,daily,female,9.png,AI,AI,1
2026-08-13 10:54:04,P268,62,,daily,female,10.webp,AI,REAL,0
2026-08-13 10:54:04,P268,62,,daily,female,11.jpg,AI,REAL,0
2026-08-13 10:54:04,P268,62,,daily,female,12.png,REAL,AI,0
2026-08-13 10:54:04,P268,62,,daily,female,13.jpg,REAL,AI,0
2026-08-13 10:54:04,P268,62,,daily,female,14.mp4,AI,REAL,0
2026-08-13 10:54:04,P268,62,,daily,female,15.png,REAL,AI,0
2026-08-13 10:54:04,P268,62,,daily,female,16.mp4,AI,REAL,0
2026-08-13 10:54:04,P268,62,,daily,female,17.mp4,AI,AI,1
2026-08-13 10:54:04,P268,62,,daily,female,18.png,REAL,AI,0
2026-08-13 10:54:04,P268,62,,daily,female,19.png,AI,REAL,0
2026-08-13 10:54:04,P268,62,,daily,female,20.png,REAL,AI,0
2026-08-13 10:54:04,P268,62,,daily,female,21.webp,REAL,AI,0
2026-08-13 10:54:04,P268,62,,daily,female,22.webp,AI,REAL,0
2026-08-13 10:54:04,P268,62,,daily,female,23.jpg,AI,REAL,0
2026-08-13 10:54:04,P268,62,,daily,female,24.mp4,REAL,AI,0
2026-08-13 10:54:04,P268,62,,daily,female,25.mov,REAL,REAL,1
2026-08-13 10:54:04,P268,62,,daily,female,26.mov,AI,AI,1
2026-08-13 10:54:04,P268,62,,daily,female,27.jpeg,REAL,AI,0
2026-08-13 10:54:04,P268,62,,daily,female,28.jpg,REAL,REAL,1
2026-08-13 10:54:04,P268,62,,daily,female,29.png,AI,REAL,0
2026-08-13 10:54:04,P268,62,,daily,female,30.jpg,REAL,REAL,1
2026-08-13 10:54:04,P268,62,,daily,female,31.jpg,REAL,AI,0
2026-08-13 10:54:04,P268,62,,daily,female,32.png,REAL,AI,0
2026-08-13 10:54:04,P268,62,,daily,female,33.png,REAL,REAL,1
2026-08-13 10:54:04,P268,62,,daily,female,34.png,REAL,REAL,1
2026-08-13 10:54:04,P268,62,,daily,female,35.png,REAL,AI,0
2026-08-13 10:54:04,P268,62,,daily,female,36.jpg,AI,REAL,0
2026-08-13 10:54:04,P268,62,,daily,female,37.mp4,AI,REAL,0
2026-08-13 10:54:04,P268,62,,daily,female,38.mp4,REAL,AI,0
2026-08-13 11:26:34,P269,21,,occasionally,male,1.jpg,AI,AI,1
2026-08-13 11:26:34,P269,21,,occasionally,male,2.jpg,AI,REAL,0
2026-08-13 11:26:34,P269,21,,occasionally,male,3.jpg,REAL,REAL,1
2026-08-13 11:26:34,P269,21,,occasionally,male,4.mp4,AI,AI,1
2026-08-13 11:26:34,P269,21,,occasionally,male,5.png,AI,AI,1
2026-08-13 11:26:34,P269,21,,occasionally,male,6.png,REAL,AI,0
2026-08-13 11:26:34,P269,21,,occasionally,male,7.jpeg,AI,REAL,0
2026-08-13 11:26:34,P269,21,,occasionally,male,8.avif,REAL,REAL,1
2026-08-13 11:26:34,P269,21,,occasionally,male,9.png,AI,AI,1
2026-08-13 11:26:34,P269,21,,occasionally,male,10.webp,AI,REAL,0
2026-08-13 11:26:34,P269,21,,occasionally,male,11.jpg,AI,REAL,0
2026-08-13 11:26:34,P269,21,,occasionally,male,12.png,REAL,AI,0
2026-08-13 11:26:34,P269,21,,occasionally,male,13.jpg,AI,AI,1
2026-08-13 11:26:34,P269,21,,occasionally,male,14.mp4,AI,REAL,0
2026-08-13 11:26:34,P269,21,,occasionally,male,15.png,AI,AI,1
2026-08-13 11:26:34,P269,21,,occasionally,male,16.mp4,REAL,REAL,1
2026-08-13 11:26:34,P269,21,,occasionally,male,17.mp4,AI,AI,1
2026-08-13 11:26:34,P269,21,,occasionally,male,18.png,AI,AI,1
2026-08-13 11:26:34,P269,21,,occasionally,male,19.png,AI,REAL,0
2026-08-13 11:26:34,P269,21,,occasionally,male,20.png,AI,AI,1
2026-08-13 11:26:34,P269,21,,occasionally,male,21.webp,REAL,AI,0
2026-08-13 11:26:34,P269,21,,occasionally,male,22.webp,AI,REAL,0
2026-08-13 11:26:34,P269,21,,occasionally,male,23.jpg,REAL,REAL,1
2026-08-13 11:26:34,P269,21,,occasionally,male,24.mp4,AI,AI,1
2026-08-13 11:26:34,P269,21,,occasionally,male,25.mov,REAL,REAL,1
2026-08-13 11:26:34,P269,21,,occasionally,male,26.mov,AI,AI,1
2026-08-13 11:26:34,P269,21,,occasionally,male,27.jpeg,REAL,AI,0
2026-08-13 11:26:34,P269,21,,occasionally,male,28.jpg,AI,REAL,0
2026-08-13 11:26:34,P269,21,,occasionally,male,29.png,REAL,REAL,1
2026-08-13 11:26:34,P269,21,,occasionally,male,30.jpg,REAL,REAL,1
2026-08-13 11:26:34,P269,21,,occasionally,male,31.jpg,AI,AI,1
2026-08-13 11:26:34,P269,21,,occasionally,male,32.png,REAL,AI,0
2026-08-13 11:26:34,P269,21,,occasionally,male,33.png,REAL,REAL,1
2026-08-13 11:26:34,P269,21,,occasionally,male,34.png,REAL,REAL,1
2026-08-13 11:26:34,P269,21,,occasionally,male,35.png,AI,AI,1
2026-08-13 11:26:34,P269,21,,occasionally,male,36.jpg,AI,REAL,0
2026-08-13 11:26:34,P269,21,,occasionally,male,37.mp4,AI,REAL,0
2026-08-13 11:26:34,P269,21,,occasionally,male,38.mp4,REAL,AI,0
2026-08-13 11:41:45,P270,17,,daily,male,1.jpg,AI,AI,1
2026-08-13 11:41:45,P270,17,,daily,male,2.jpg,REAL,REAL,1
2026-08-13 11:41:45,P270,17,,daily,male,3.jpg,REAL,REAL,1
2026-08-13 11:41:45,P270,17,,daily,male,4.mp4,REAL,AI,0
2026-08-13 11:41:45,P270,17,,daily,male,5.png,REAL,AI,0
2026-08-13 11:41:45,P270,17,,daily,male,6.png,AI,AI,1
2026-08-13 11:41:45,P270,17,,daily,male,7.jpeg,AI,REAL,0
2026-08-13 11:41:45,P270,17,,daily,male,8.avif,AI,REAL,0
2026-08-13 11:41:45,P270,17,,daily,male,9.png,AI,AI,1
2026-08-13 11:41:45,P270,17,,daily,male,10.webp,REAL,REAL,1
2026-08-13 11:41:45,P270,17,,daily,male,11.jpg,REAL,REAL,1
2026-08-13 11:41:45,P270,17,,daily,male,12.png,REAL,AI,0
2026-08-13 11:41:45,P270,17,,daily,male,13.jpg,REAL,AI,0
2026-08-13 11:41:45,P270,17,,daily,male,14.mp4,AI,REAL,0
2026-08-13 11:41:45,P270,17,,daily,male,15.png,AI,AI,1
2026-08-13 11:41:45,P270,17,,daily,male,16.mp4,REAL,REAL,1
2026-08-13 11:41:45,P270,17,,daily,male,17.mp4,REAL,AI,0
2026-08-13 11:41:45,P270,17,,daily,male,18.png,AI,AI,1
2026-08-13 11:41:45,P270,17,,daily,male,19.png,AI,REAL,0
2026-08-13 11:41:45,P270,17,,daily,male,20.png,REAL,AI,0
2026-08-13 11:41:45,P270,17,,daily,male,21.webp,REAL,AI,0
2026-08-13 11:41:45,P270,17,,daily,male,22.webp,REAL,REAL,1
2026-08-13 11:41:45,P270,17,,daily,male,23.jpg,REAL,REAL,1
2026-08-13 11:41:45,P270,17,,daily,male,24.mp4,REAL,AI,0
2026-08-13 11:41:45,P270,17,,daily,male,25.mov,REAL,REAL,1
2026-08-13 11:41:45,P270,17,,daily,male,26.mov,AI,AI,1
2026-08-13 11:41:45,P270,17,,daily,male,27.jpeg,REAL,AI,0
2026-08-13 11:41:45,P270,17,,daily,male,28.jpg,REAL,REAL,1
2026-08-13 11:41:45,P270,17,,daily,male,29.png,REAL,REAL,1
2026-08-13 11:41:45,P270,17,,daily,male,30.jpg,REAL,REAL,1
2026-08-13 11:41:45,P270,17,,daily,male,31.jpg,AI,AI,1
2026-08-13 11:41:45,P270,17,,daily,male,32.png,REAL,AI,0
2026-08-13 11:41:45,P270,17,,daily,male,33.png,AI,REAL,0
2026-08-13 11:41:45,P270,17,,daily,male,34.png,AI,REAL,0
2026-08-13 11:41:45,P270,17,,daily,male,35.png,AI,AI,1
2026-08-13 11:41:45,P270,17,,daily,male,36.jpg,REAL,REAL,1
2026-08-13 11:41:45,P270,17,,daily,male,37.mp4,AI,REAL,0
2026-08-13 11:41:45,P270,17,,daily,male,38.mp4,AI,AI,1
2026-08-13 11:43:12,P271,51,,frequently,male,1.jpg,AI,AI,1
2026-08-13 11:43:12,P271,51,,frequently,male,2.jpg,REAL,REAL,1
2026-08-13 11:43:12,P271,51,,frequently,male,3.jpg,AI,REAL,0
2026-08-13 11:43:12,P271,51,,frequently,male,4.mp4,REAL,AI,0
2026-08-13 11:43:12,P271,51,,frequently,male,5.png,AI,AI,1
2026-08-13 11:43:12,P271,51,,frequently,male,6.png,AI,AI,1
2026-08-13 11:43:12,P271,51,,frequently,male,7.jpeg,AI,REAL,0
2026-08-13 11:43:12,P271,51,,frequently,male,8.avif,REAL,REAL,1
2026-08-13 11:43:12,P271,51,,frequently,male,9.png,AI,AI,1
2026-08-13 11:43:12,P271,51,,frequently,male,10.webp,AI,REAL,0
2026-08-13 11:43:12,P271,51,,frequently,male,11.jpg,REAL,REAL,1
2026-08-13 11:43:12,P271,51,,frequently,male,12.png,REAL,AI,0
2026-08-13 11:43:12,P271,51,,frequently,male,13.jpg,REAL,AI,0
2026-08-13 11:43:12,P271,51,,frequently,male,14.mp4,AI,REAL,0
2026-08-13 11:43:12,P271,51,,frequently,male,15.png,AI,AI,1
2026-08-13 11:43:12,P271,51,,frequently,male,16.mp4,REAL,REAL,1
2026-08-13 11:43:12,P271,51,,frequently,male,17.mp4,AI,AI,1
2026-08-13 11:43:12,P271,51,,frequently,male,18.png,REAL,AI,0
2026-08-13 11:43:12,P271,51,,frequently,male,19.png,AI,REAL,0
2026-08-13 11:43:12,P271,51,,frequently,male,20.png,AI,AI,1
2026-08-13 11:43:12,P271,51,,frequently,male,21.webp,REAL,AI,0
2026-08-13 11:43:12,P271,51,,frequently,male,22.webp,AI,REAL,0
2026-08-13 11:43:12,P271,51,,frequently,male,23.jpg,REAL,REAL,1
2026-08-13 11:43:12,P271,51,,frequently,male,24.mp4,AI,AI,1
2026-08-13 11:43:12,P271,51,,frequently,male,25.mov,AI,REAL,0
2026-08-13 11:43:12,P271,51,,frequently,male,26.mov,REAL,AI,0
2026-08-13 11:43:12,P271,51,,frequently,male,27.jpeg,REAL,AI,0
2026-08-13 11:43:12,P271,51,,frequently,male,28.jpg,REAL,REAL,1
2026-08-13 11:43:12,P271,51,,frequently,male,29.png,AI,REAL,0
2026-08-13 11:43:12,P271,51,,frequently,male,30.jpg,AI,REAL,0
2026-08-13 11:43:12,P271,51,,frequently,male,31.jpg,AI,AI,1
2026-08-13 11:43:12,P271,51,,frequently,male,32.png,REAL,AI,0
2026-08-13 11:43:12,P271,51,,frequently,male,33.png,REAL,REAL,1
2026-08-13 11:43:12,P271,51,,frequently,male,34.png,REAL,REAL,1
2026-08-13 11:43:12,P271,51,,frequently,male,35.png,REAL,AI,0
2026-08-13 11:43:12,P271,51,,frequently,male,36.jpg,AI,REAL,0
2026-08-13 11:43:12,P271,51,,frequently,male,37.mp4,AI,REAL,0
2026-08-13 11:43:12,P271,51,,frequently,male,38.mp4,AI,AI,1
2026-08-13 12:11:50,P272,17,,daily,female,1.jpg,AI,AI,1
2026-08-13 12:11:50,P272,17,,daily,female,2.jpg,REAL,REAL,1
2026-08-13 12:11:50,P272,17,,daily,female,3.jpg,REAL,REAL,1
2026-08-13 12:11:50,P272,17,,daily,female,4.mp4,AI,AI,1
2026-08-13 12:11:50,P272,17,,daily,female,5.png,REAL,AI,0
2026-08-13 12:11:50,P272,17,,daily,female,6.png,REAL,AI,0
2026-08-13 12:11:50,P272,17,,daily,female,7.jpeg,AI,REAL,0
2026-08-13 12:11:50,P272,17,,daily,female,8.avif,AI,REAL,0
2026-08-13 12:11:50,P272,17,,daily,female,9.png,REAL,AI,0
2026-08-13 12:11:50,P272,17,,daily,female,10.webp,REAL,REAL,1
2026-08-13 12:11:50,P272,17,,daily,female,11.jpg,REAL,REAL,1
2026-08-13 12:11:50,P272,17,,daily,female,12.png,REAL,AI,0
2026-08-13 12:11:50,P272,17,,daily,female,13.jpg,AI,AI,1
2026-08-13 12:11:50,P272,17,,daily,female,14.mp4,AI,REAL,0
2026-08-13 12:11:50,P272,17,,daily,female,15.png,AI,AI,1
2026-08-13 12:11:50,P272,17,,daily,female,16.mp4,REAL,REAL,1
2026-08-13 12:11:50,P272,17,,daily,female,17.mp4,AI,AI,1
2026-08-13 12:11:50,P272,17,,daily,female,18.png,AI,AI,1
2026-08-13 12:11:50,P272,17,,daily,female,19.png,AI,REAL,0
2026-08-13 12:11:50,P272,17,,daily,female,20.png,AI,AI,1
2026-08-13 12:11:50,P272,17,,daily,female,21.webp,REAL,AI,0
2026-08-13 12:11:50,P272,17,,daily,female,22.webp,REAL,REAL,1
2026-08-13 12:11:50,P272,17,,daily,female,23.jpg,REAL,REAL,1
2026-08-13 12:11:50,P272,17,,daily,female,24.mp4,AI,AI,1
2026-08-13 12:11:50,P272,17,,daily,female,25.mov,REAL,REAL,1
2026-08-13 12:11:50,P272,17,,daily,female,26.mov,REAL,AI,0
2026-08-13 12:11:50,P272,17,,daily,female,27.jpeg,REAL,AI,0
2026-08-13 12:11:50,P272,17,,daily,female,28.jpg,REAL,REAL,1
2026-08-13 12:11:50,P272,17,,daily,female,29.png,AI,REAL,0
2026-08-13 12:11:50,P272,17,,daily,female,30.jpg,REAL,REAL,1
2026-08-13 12:11:50,P272,17,,daily,female,31.jpg,AI,AI,1
2026-08-13 12:11:50,P272,17,,daily,female,32.png,REAL,AI,0
2026-08-13 12:11:50,P272,17,,daily,female,33.png,REAL,REAL,1
2026-08-13 12:11:50,P272,17,,daily,female,34.png,REAL,REAL,1
2026-08-13 12:11:50,P272,17,,daily,female,35.png,AI,AI,1
2026-08-13 12:11:50,P272,17,,daily,female,36.jpg,AI,REAL,0
2026-08-13 12:11:50,P272,17,,daily,female,37.mp4,AI,REAL,0
2026-08-13 12:11:50,P272,17,,daily,female,38.mp4,AI,AI,1
2026-08-13 12:50:41,P273,22,,frequently,male,1.jpg,AI,AI,1
2026-08-13 12:50:41,P273,22,,frequently,male,2.jpg,AI,REAL,0
2026-08-13 12:50:41,P273,22,,frequently,male,3.jpg,AI,REAL,0
2026-08-13 12:50:41,P273,22,,frequently,male,4.mp4,AI,AI,1
2026-08-13 12:50:41,P273,22,,frequently,male,5.png,AI,AI,1
2026-08-13 12:50:41,P273,22,,frequently,male,6.png,AI,AI,1
2026-08-13 12:50:41,P273,22,,frequently,male,7.jpeg,AI,REAL,0
2026-08-13 12:50:41,P273,22,,frequently,male,8.avif,REAL,REAL,1
2026-08-13 12:50:41,P273,22,,frequently,male,9.png,AI,AI,1
2026-08-13 12:50:41,P273,22,,frequently,male,10.webp,AI,REAL,0
2026-08-13 12:50:41,P273,22,,frequently,male,11.jpg,REAL,REAL,1
2026-08-13 12:50:41,P273,22,,frequently,male,12.png,REAL,AI,0
2026-08-13 12:50:41,P273,22,,frequently,male,13.jpg,REAL,AI,0
2026-08-13 12:50:41,P273,22,,frequently,male,14.mp4,REAL,REAL,1
2026-08-13 12:50:41,P273,22,,frequently,male,15.png,AI,AI,1
2026-08-13 12:50:41,P273,22,,frequently,male,16.mp4,AI,REAL,0
2026-08-13 12:50:41,P273,22,,frequently,male,17.mp4,REAL,AI,0
2026-08-13 12:50:41,P273,22,,frequently,male,18.png,AI,AI,1
2026-08-13 12:50:41,P273,22,,frequently,male,19.png,REAL,REAL,1
2026-08-13 12:50:41,P273,22,,frequently,male,20.png,AI,AI,1
2026-08-13 12:50:41,P273,22,,frequently,male,21.webp,REAL,AI,0
2026-08-13 12:50:41,P273,22,,frequently,male,22.webp,AI,REAL,0
2026-08-13 12:50:41,P273,22,,frequently,male,23.jpg,REAL,REAL,1
2026-08-13 12:50:41,P273,22,,frequently,male,24.mp4,AI,AI,1
2026-08-13 12:50:41,P273,22,,frequently,male,25.mov,REAL,REAL,1
2026-08-13 12:50:41,P273,22,,frequently,male,26.mov,AI,AI,1
2026-08-13 12:50:41,P273,22,,frequently,male,27.jpeg,REAL,AI,0
2026-08-13 12:50:41,P273,22,,frequently,male,28.jpg,AI,REAL,0
2026-08-13 12:50:41,P273,22,,frequently,male,29.png,REAL,REAL,1
2026-08-13 12:50:41,P273,22,,frequently,male,30.jpg,REAL,REAL,1
2026-08-13 12:50:41,P273,22,,frequently,male,31.jpg,AI,AI,1
2026-08-13 12:50:41,P273,22,,frequently,male,32.png,AI,AI,1
2026-08-13 12:50:41,P273,22,,frequently,male,33.png,REAL,REAL,1
2026-08-13 12:50:41,P273,22,,frequently,male,34.png,REAL,REAL,1
2026-08-13 12:50:41,P273,22,,frequently,male,35.png,AI,AI,1
2026-08-13 12:50:41,P273,22,,frequently,male,36.jpg,AI,REAL,0
2026-08-13 12:50:41,P273,22,,frequently,male,37.mp4,REAL,REAL,1
2026-08-13 12:50:41,P273,22,,frequently,male,38.mp4,AI,AI,1
2026-08-13 14:05:28,P274,13,,occasionally,prefer_not_to_say,1.jpg,AI,AI,1
2026-08-13 14:05:28,P274,13,,occasionally,prefer_not_to_say,2.jpg,AI,REAL,0
2026-08-13 14:05:28,P274,13,,occasionally,prefer_not_to_say,3.jpg,AI,REAL,0
2026-08-13 14:05:28,P274,13,,occasionally,prefer_not_to_say,4.mp4,AI,AI,1
2026-08-13 14:05:28,P274,13,,occasionally,prefer_not_to_say,5.png,AI,AI,1
2026-08-13 14:05:28,P274,13,,occasionally,prefer_not_to_say,6.png,REAL,AI,0
2026-08-13 14:05:28,P274,13,,occasionally,prefer_not_to_say,7.jpeg,AI,REAL,0
2026-08-13 14:05:28,P274,13,,occasionally,prefer_not_to_say,8.avif,AI,REAL,0
2026-08-13 14:05:28,P274,13,,occasionally,prefer_not_to_say,9.png,REAL,AI,0
2026-08-13 14:05:28,P274,13,,occasionally,prefer_not_to_say,10.webp,REAL,REAL,1
2026-08-13 14:05:28,P274,13,,occasionally,prefer_not_to_say,11.jpg,REAL,REAL,1
2026-08-13 14:05:28,P274,13,,occasionally,prefer_not_to_say,12.png,REAL,AI,0
2026-08-13 14:05:28,P274,13,,occasionally,prefer_not_to_say,13.jpg,REAL,AI,0
2026-08-13 14:05:28,P274,13,,occasionally,prefer_not_to_say,14.mp4,REAL,REAL,1
2026-08-13 14:05:28,P274,13,,occasionally,prefer_not_to_say,15.png,REAL,AI,0
2026-08-13 14:05:28,P274,13,,occasionally,prefer_not_to_say,16.mp4,AI,REAL,0
2026-08-13 14:05:28,P274,13,,occasionally,prefer_not_to_say,17.mp4,AI,AI,1
2026-08-13 14:05:28,P274,13,,occasionally,prefer_not_to_say,18.png,AI,AI,1
2026-08-13 14:05:28,P274,13,,occasionally,prefer_not_to_say,19.png,AI,REAL,0
2026-08-13 14:05:28,P274,13,,occasionally,prefer_not_to_say,20.png,AI,AI,1
2026-08-13 14:05:28,P274,13,,occasionally,prefer_not_to_say,21.webp,REAL,AI,0
2026-08-13 14:05:28,P274,13,,occasionally,prefer_not_to_say,22.webp,REAL,REAL,1
2026-08-13 14:05:28,P274,13,,occasionally,prefer_not_to_say,23.jpg,REAL,REAL,1
2026-08-13 14:05:28,P274,13,,occasionally,prefer_not_to_say,24.mp4,AI,AI,1
2026-08-13 14:05:28,P274,13,,occasionally,prefer_not_to_say,25.mov,REAL,REAL,1
2026-08-13 14:05:28,P274,13,,occasionally,prefer_not_to_say,26.mov,AI,AI,1
2026-08-13 14:05:28,P274,13,,occasionally,prefer_not_to_say,27.jpeg,AI,AI,1
2026-08-13 14:05:28,P274,13,,occasionally,prefer_not_to_say,28.jpg,REAL,REAL,1
2026-08-13 14:05:28,P274,13,,occasionally,prefer_not_to_say,29.png,REAL,REAL,1
2026-08-13 14:05:28,P274,13,,occasionally,prefer_not_to_say,30.jpg,REAL,REAL,1
2026-08-13 14:05:28,P274,13,,occasionally,prefer_not_to_say,31.jpg,AI,AI,1
2026-08-13 14:05:28,P274,13,,occasionally,prefer_not_to_say,32.png,REAL,AI,0
2026-08-13 14:05:28,P274,13,,occasionally,prefer_not_to_say,33.png,REAL,REAL,1
2026-08-13 14:05:28,P274,13,,occasionally,prefer_not_to_say,34.png,REAL,REAL,1
2026-08-13 14:05:28,P274,13,,occasionally,prefer_not_to_say,35.png,REAL,AI,0
2026-08-13 14:05:28,P274,13,,occasionally,prefer_not_to_say,36.jpg,REAL,REAL,1
2026-08-13 14:05:28,P274,13,,occasionally,prefer_not_to_say,37.mp4,REAL,REAL,1
2026-08-13 14:05:28,P274,13,,occasionally,prefer_not_to_say,38.mp4,REAL,AI,0
2026-08-13 14:11:43,P275,37,,daily,prefer_not_to_say,1.jpg,REAL,AI,0
2026-08-13 14:11:43,P275,37,,daily,prefer_not_to_say,2.jpg,AI,REAL,0
2026-08-13 14:11:43,P275,37,,daily,prefer_not_to_say,3.jpg,AI,REAL,0
2026-08-13 14:11:43,P275,37,,daily,prefer_not_to_say,4.mp4,REAL,AI,0
2026-08-13 14:11:43,P275,37,,daily,prefer_not_to_say,5.png,REAL,AI,0
2026-08-13 14:11:43,P275,37,,daily,prefer_not_to_say,6.png,REAL,AI,0
2026-08-13 14:11:43,P275,37,,daily,prefer_not_to_say,7.jpeg,REAL,REAL,1
2026-08-13 14:11:43,P275,37,,daily,prefer_not_to_say,8.avif,AI,REAL,0
2026-08-13 14:11:43,P275,37,,daily,prefer_not_to_say,9.png,AI,AI,1
2026-08-13 14:11:43,P275,37,,daily,prefer_not_to_say,10.webp,REAL,REAL,1
2026-08-13 14:11:43,P275,37,,daily,prefer_not_to_say,11.jpg,AI,REAL,0
2026-08-13 14:11:43,P275,37,,daily,prefer_not_to_say,12.png,REAL,AI,0
2026-08-13 14:11:43,P275,37,,daily,prefer_not_to_say,13.jpg,REAL,AI,0
2026-08-13 14:11:43,P275,37,,daily,prefer_not_to_say,14.mp4,AI,REAL,0
2026-08-13 14:11:43,P275,37,,daily,prefer_not_to_say,15.png,REAL,AI,0
2026-08-13 14:11:43,P275,37,,daily,prefer_not_to_say,16.mp4,AI,REAL,0
2026-08-13 14:11:43,P275,37,,daily,prefer_not_to_say,17.mp4,REAL,AI,0
2026-08-13 14:11:43,P275,37,,daily,prefer_not_to_say,18.png,AI,AI,1
2026-08-13 14:11:43,P275,37,,daily,prefer_not_to_say,19.png,REAL,REAL,1
2026-08-13 14:11:43,P275,37,,daily,prefer_not_to_say,20.png,REAL,AI,0
2026-08-13 14:11:43,P275,37,,daily,prefer_not_to_say,21.webp,REAL,AI,0
2026-08-13 14:11:43,P275,37,,daily,prefer_not_to_say,22.webp,AI,REAL,0
2026-08-13 14:11:43,P275,37,,daily,prefer_not_to_say,23.jpg,REAL,REAL,1
2026-08-13 14:11:43,P275,37,,daily,prefer_not_to_say,24.mp4,AI,AI,1
2026-08-13 14:11:43,P275,37,,daily,prefer_not_to_say,25.mov,REAL,REAL,1
2026-08-13 14:11:43,P275,37,,daily,prefer_not_to_say,26.mov,REAL,AI,0
2026-08-13 14:11:43,P275,37,,daily,prefer_not_to_say,27.jpeg,REAL,AI,0
2026-08-13 14:11:43,P275,37,,daily,prefer_not_to_say,28.jpg,AI,REAL,0
2026-08-13 14:11:43,P275,37,,daily,prefer_not_to_say,29.png,AI,REAL,0
2026-08-13 14:11:43,P275,37,,daily,prefer_not_to_say,30.jpg,REAL,REAL,1
2026-08-13 14:11:43,P275,37,,daily,prefer_not_to_say,31.jpg,REAL,AI,0
2026-08-13 14:11:43,P275,37,,daily,prefer_not_to_say,32.png,REAL,AI,0
2026-08-13 14:11:43,P275,37,,daily,prefer_not_to_say,33.png,AI,REAL,0
2026-08-13 14:11:43,P275,37,,daily,prefer_not_to_say,34.png,AI,REAL,0
2026-08-13 14:11:43,P275,37,,daily,prefer_not_to_say,35.png,REAL,AI,0
2026-08-13 14:11:43,P275,37,,daily,prefer_not_to_say,36.jpg,REAL,REAL,1
2026-08-13 14:11:43,P275,37,,daily,prefer_not_to_say,37.mp4,AI,REAL,0
2026-08-13 14:11:43,P275,37,,daily,prefer_not_to_say,38.mp4,REAL,AI,0
2026-08-13 14:38:39,P276,11,,never,male,1.jpg,AI,AI,1
2026-08-13 14:38:39,P276,11,,never,male,2.jpg,AI,REAL,0
2026-08-13 14:38:39,P276,11,,never,male,3.jpg,AI,REAL,0
2026-08-13 14:38:39,P276,11,,never,male,4.mp4,REAL,AI,0
2026-08-13 14:38:39,P276,11,,never,male,5.png,AI,AI,1
2026-08-13 14:38:39,P276,11,,never,male,6.png,REAL,AI,0
2026-08-13 14:38:39,P276,11,,never,male,7.jpeg,AI,REAL,0
2026-08-13 14:38:39,P276,11,,never,male,8.avif,AI,REAL,0
2026-08-13 14:38:39,P276,11,,never,male,9.png,REAL,AI,0
2026-08-13 14:38:39,P276,11,,never,male,10.webp,REAL,REAL,1
2026-08-13 14:38:39,P276,11,,never,male,11.jpg,AI,REAL,0
2026-08-13 14:38:39,P276,11,,never,male,12.png,REAL,AI,0
2026-08-13 14:38:39,P276,11,,never,male,13.jpg,REAL,AI,0
2026-08-13 14:38:39,P276,11,,never,male,14.mp4,AI,REAL,0
2026-08-13 14:38:39,P276,11,,never,male,15.png,AI,AI,1
2026-08-13 14:38:39,P276,11,,never,male,16.mp4,REAL,REAL,1
2026-08-13 14:38:39,P276,11,,never,male,17.mp4,REAL,AI,0
2026-08-13 14:38:39,P276,11,,never,male,18.png,AI,AI,1
2026-08-13 14:38:39,P276,11,,never,male,19.png,AI,REAL,0
2026-08-13 14:38:39,P276,11,,never,male,20.png,REAL,AI,0
2026-08-13 14:38:39,P276,11,,never,male,21.webp,REAL,AI,0
2026-08-13 14:38:39,P276,11,,never,male,22.webp,AI,REAL,0
2026-08-13 14:38:39,P276,11,,never,male,23.jpg,AI,REAL,0
2026-08-13 14:38:39,P276,11,,never,male,24.mp4,AI,AI,1
2026-08-13 14:38:39,P276,11,,never,male,25.mov,AI,REAL,0
2026-08-13 14:38:39,P276,11,,never,male,26.mov,REAL,AI,0
2026-08-13 14:38:39,P276,11,,never,male,27.jpeg,REAL,AI,0
2026-08-13 14:38:39,P276,11,,never,male,28.jpg,AI,REAL,0
2026-08-13 14:38:39,P276,11,,never,male,29.png,AI,REAL,0
2026-08-13 14:38:39,P276,11,,never,male,30.jpg,AI,REAL,0
2026-08-13 14:38:39,P276,11,,never,male,31.jpg,AI,AI,1
2026-08-13 14:38:39,P276,11,,never,male,32.png,REAL,AI,0
2026-08-13 14:38:39,P276,11,,never,male,33.png,REAL,REAL,1
2026-08-13 14:38:39,P276,11,,never,male,34.png,AI,REAL,0
2026-08-13 14:38:39,P276,11,,never,male,35.png,AI,AI,1
2026-08-13 14:38:39,P276,11,,never,male,36.jpg,AI,REAL,0
2026-08-13 14:38:39,P276,11,,never,male,37.mp4,AI,REAL,0
2026-08-13 14:38:39,P276,11,,never,male,38.mp4,REAL,AI,0
2026-08-13 14:46:17,P277,9,,never,male,1.jpg,AI,AI,1
2026-08-13 14:46:17,P277,9,,never,male,2.jpg,AI,REAL,0
2026-08-13 14:46:17,P277,9,,never,male,3.jpg,REAL,REAL,1
2026-08-13 14:46:17,P277,9,,never,male,4.mp4,AI,AI,1
2026-08-13 14:46:17,P277,9,,never,male,5.png,AI,AI,1
2026-08-13 14:46:17,P277,9,,never,male,6.png,REAL,AI,0
2026-08-13 14:46:17,P277,9,,never,male,7.jpeg,AI,REAL,0
2026-08-13 14:46:17,P277,9,,never,male,8.avif,REAL,REAL,1
2026-08-13 14:46:17,P277,9,,never,male,9.png,AI,AI,1
2026-08-13 14:46:17,P277,9,,never,male,10.webp,AI,REAL,0
2026-08-13 14:46:17,P277,9,,never,male,11.jpg,AI,REAL,0
2026-08-13 14:46:17,P277,9,,never,male,12.png,AI,AI,1
2026-08-13 14:46:17,P277,9,,never,male,13.jpg,AI,AI,1
2026-08-13 14:46:17,P277,9,,never,male,14.mp4,AI,REAL,0
2026-08-13 14:46:17,P277,9,,never,male,15.png,REAL,AI,0
2026-08-13 14:46:17,P277,9,,never,male,16.mp4,REAL,REAL,1
2026-08-13 14:46:17,P277,9,,never,male,17.mp4,REAL,AI,0
2026-08-13 14:46:17,P277,9,,never,male,18.png,REAL,AI,0
2026-08-13 14:46:17,P277,9,,never,male,19.png,AI,REAL,0
2026-08-13 14:46:17,P277,9,,never,male,20.png,AI,AI,1
2026-08-13 14:46:17,P277,9,,never,male,21.webp,REAL,AI,0
2026-08-13 14:46:17,P277,9,,never,male,22.webp,REAL,REAL,1
2026-08-13 14:46:17,P277,9,,never,male,23.jpg,REAL,REAL,1
2026-08-13 14:46:17,P277,9,,never,male,24.mp4,REAL,AI,0
2026-08-13 14:46:17,P277,9,,never,male,25.mov,REAL,REAL,1
2026-08-13 14:46:17,P277,9,,never,male,26.mov,AI,AI,1
2026-08-13 14:46:17,P277,9,,never,male,27.jpeg,REAL,AI,0
2026-08-13 14:46:17,P277,9,,never,male,28.jpg,REAL,REAL,1
2026-08-13 14:46:17,P277,9,,never,male,29.png,AI,REAL,0
2026-08-13 14:46:17,P277,9,,never,male,30.jpg,AI,REAL,0
2026-08-13 14:46:17,P277,9,,never,male,31.jpg,AI,AI,1
2026-08-13 14:46:17,P277,9,,never,male,32.png,AI,AI,1
2026-08-13 14:46:17,P277,9,,never,male,33.png,REAL,REAL,1
2026-08-13 14:46:17,P277,9,,never,male,34.png,REAL,REAL,1
2026-08-13 14:46:17,P277,9,,never,male,35.png,REAL,AI,0
2026-08-13 14:46:17,P277,9,,never,male,36.jpg,REAL,REAL,1
2026-08-13 14:46:17,P277,9,,never,male,37.mp4,REAL,REAL,1
2026-08-13 14:46:17,P277,9,,never,male,38.mp4,AI,AI,1
2026-08-13 15:34:33,P277,11,,never,male,1.jpg,AI,AI,1
2026-08-13 15:34:33,P277,11,,never,male,2.jpg,AI,REAL,0
2026-08-13 15:34:33,P277,11,,never,male,3.jpg,REAL,REAL,1
2026-08-13 15:34:33,P277,11,,never,male,4.mp4,AI,AI,1
2026-08-13 15:34:33,P277,11,,never,male,5.png,REAL,AI,0
2026-08-13 15:34:33,P277,11,,never,male,6.png,REAL,AI,0
2026-08-13 15:34:33,P277,11,,never,male,7.jpeg,AI,REAL,0
2026-08-13 15:34:33,P277,11,,never,male,8.avif,REAL,REAL,1
2026-08-13 15:34:33,P277,11,,never,male,9.png,REAL,AI,0
2026-08-13 15:34:33,P277,11,,never,male,10.webp,AI,REAL,0
2026-08-13 15:34:33,P277,11,,never,male,11.jpg,REAL,REAL,1
2026-08-13 15:34:33,P277,11,,never,male,12.png,AI,AI,1
2026-08-13 15:34:33,P277,11,,never,male,13.jpg,REAL,AI,0
2026-08-13 15:34:33,P277,11,,never,male,14.mp4,AI,REAL,0
2026-08-13 15:34:33,P277,11,,never,male,15.png,AI,AI,1
2026-08-13 15:34:33,P277,11,,never,male,16.mp4,AI,REAL,0
2026-08-13 15:34:33,P277,11,,never,male,17.mp4,REAL,AI,0
2026-08-13 15:34:33,P277,11,,never,male,18.png,AI,AI,1
2026-08-13 15:34:33,P277,11,,never,male,19.png,AI,REAL,0
2026-08-13 15:34:33,P277,11,,never,male,20.png,AI,AI,1
2026-08-13 15:34:33,P277,11,,never,male,21.webp,REAL,AI,0
2026-08-13 15:34:33,P277,11,,never,male,22.webp,REAL,REAL,1
2026-08-13 15:34:33,P277,11,,never,male,23.jpg,REAL,REAL,1
2026-08-13 15:34:33,P277,11,,never,male,24.mp4,AI,AI,1
2026-08-13 15:34:33,P277,11,,never,male,25.mov,REAL,REAL,1
2026-08-13 15:34:33,P277,11,,never,male,26.mov,REAL,AI,0
2026-08-13 15:34:33,P277,11,,never,male,27.jpeg,REAL,AI,0
2026-08-13 15:34:33,P277,11,,never,male,28.jpg,REAL,REAL,1
2026-08-13 15:34:33,P277,11,,never,male,29.png,AI,REAL,0
2026-08-13 15:34:33,P277,11,,never,male,30.jpg,REAL,REAL,1
2026-08-13 15:34:33,P277,11,,never,male,31.jpg,AI,AI,1
2026-08-13 15:34:33,P277,11,,never,male,32.png,REAL,AI,0
2026-08-13 15:34:33,P277,11,,never,male,33.png,AI,REAL,0
2026-08-13 15:34:33,P277,11,,never,male,34.png,AI,REAL,0
2026-08-13 15:34:33,P277,11,,never,male,35.png,AI,AI,1
2026-08-13 15:34:33,P277,11,,never,male,36.jpg,AI,REAL,0
2026-08-13 15:34:33,P277,11,,never,male,37.mp4,AI,REAL,0
2026-08-13 15:34:33,P277,11,,never,male,38.mp4,REAL,AI,0
2026-08-13 14:48:25,P278,13,,never,male,1.jpg,AI,AI,1
2026-08-13 14:48:25,P278,13,,never,male,2.jpg,REAL,REAL,1
2026-08-13 14:48:25,P278,13,,never,male,3.jpg,AI,REAL,0
2026-08-13 14:48:25,P278,13,,never,male,4.mp4,AI,AI,1
2026-08-13 14:48:25,P278,13,,never,male,5.png,AI,AI,1
2026-08-13 14:48:25,P278,13,,never,male,6.png,REAL,AI,0
2026-08-13 14:48:25,P278,13,,never,male,7.jpeg,AI,REAL,0
2026-08-13 14:48:25,P278,13,,never,male,8.avif,AI,REAL,0
2026-08-13 14:48:25,P278,13,,never,male,9.png,AI,AI,1
2026-08-13 14:48:25,P278,13,,never,male,10.webp,REAL,REAL,1
2026-08-13 14:48:25,P278,13,,never,male,11.jpg,REAL,REAL,1
2026-08-13 14:48:25,P278,13,,never,male,12.png,REAL,AI,0
2026-08-13 14:48:25,P278,13,,never,male,13.jpg,REAL,AI,0
2026-08-13 14:48:25,P278,13,,never,male,14.mp4,AI,REAL,0
2026-08-13 14:48:25,P278,13,,never,male,15.png,AI,AI,1
2026-08-13 14:48:25,P278,13,,never,male,16.mp4,AI,REAL,0
2026-08-13 14:48:25,P278,13,,never,male,17.mp4,AI,AI,1
2026-08-13 14:48:25,P278,13,,never,male,18.png,AI,AI,1
2026-08-13 14:48:25,P278,13,,never,male,19.png,AI,REAL,0
2026-08-13 14:48:25,P278,13,,never,male,20.png,AI,AI,1
2026-08-13 14:48:25,P278,13,,never,male,21.webp,REAL,AI,0
2026-08-13 14:48:25,P278,13,,never,male,22.webp,REAL,REAL,1
2026-08-13 14:48:25,P278,13,,never,male,23.jpg,REAL,REAL,1
2026-08-13 14:48:25,P278,13,,never,male,24.mp4,AI,AI,1
2026-08-13 14:48:25,P278,13,,never,male,25.mov,REAL,REAL,1
2026-08-13 14:48:25,P278,13,,never,male,26.mov,AI,AI,1
2026-08-13 14:48:25,P278,13,,never,male,27.jpeg,REAL,AI,0
2026-08-13 14:48:25,P278,13,,never,male,28.jpg,REAL,REAL,1
2026-08-13 14:48:25,P278,13,,never,male,29.png,AI,REAL,0
2026-08-13 14:48:25,P278,13,,never,male,30.jpg,REAL,REAL,1
2026-08-13 14:48:25,P278,13,,never,male,31.jpg,AI,AI,1
2026-08-13 14:48:25,P278,13,,never,male,32.png,REAL,AI,0
2026-08-13 14:48:25,P278,13,,never,male,33.png,REAL,REAL,1
2026-08-13 14:48:25,P278,13,,never,male,34.png,REAL,REAL,1
2026-08-13 14:48:25,P278,13,,never,male,35.png,AI,AI,1
2026-08-13 14:48:25,P278,13,,never,male,36.jpg,REAL,REAL,1
2026-08-13 14:48:25,P278,13,,never,male,37.mp4,REAL,REAL,1
2026-08-13 14:48:25,P278,13,,never,male,38.mp4,REAL,AI,0
2026-08-13 15:26:20,P279,11,,never,male,1.jpg,AI,AI,1
2026-08-13 15:26:20,P279,11,,never,male,2.jpg,AI,REAL,0
2026-08-13 15:26:20,P279,11,,never,male,3.jpg,REAL,REAL,1
2026-08-13 15:26:20,P279,11,,never,male,4.mp4,REAL,AI,0
2026-08-13 15:26:20,P279,11,,never,male,5.png,AI,AI,1
2026-08-13 15:26:20,P279,11,,never,male,6.png,AI,AI,1
2026-08-13 15:26:20,P279,11,,never,male,7.jpeg,AI,REAL,0
2026-08-13 15:26:20,P279,11,,never,male,8.avif,AI,REAL,0
2026-08-13 15:26:20,P279,11,,never,male,9.png,REAL,AI,0
2026-08-13 15:26:20,P279,11,,never,male,10.webp,AI,REAL,0
2026-08-13 15:26:20,P279,11,,never,male,11.jpg,REAL,REAL,1
2026-08-13 15:26:20,P279,11,,never,male,12.png,REAL,AI,0
2026-08-13 15:26:20,P279,11,,never,male,13.jpg,REAL,AI,0
2026-08-13 15:26:20,P279,11,,never,male,14.mp4,REAL,REAL,1
2026-08-13 15:26:20,P279,11,,never,male,15.png,AI,AI,1
2026-08-13 15:26:20,P279,11,,never,male,16.mp4,AI,REAL,0
2026-08-13 15:26:20,P279,11,,never,male,17.mp4,AI,AI,1
2026-08-13 15:26:20,P279,11,,never,male,18.png,REAL,AI,0
2026-08-13 15:26:20,P279,11,,never,male,19.png,AI,REAL,0
2026-08-13 15:26:20,P279,11,,never,male,20.png,REAL,AI,0
2026-08-13 15:26:20,P279,11,,never,male,21.webp,REAL,AI,0
2026-08-13 15:26:20,P279,11,,never,male,22.webp,AI,REAL,0
2026-08-13 15:26:20,P279,11,,never,male,23.jpg,AI,REAL,0
2026-08-13 15:26:20,P279,11,,never,male,24.mp4,AI,AI,1
2026-08-13 15:26:20,P279,11,,never,male,25.mov,REAL,REAL,1
2026-08-13 15:26:20,P279,11,,never,male,26.mov,AI,AI,1
2026-08-13 15:26:20,P279,11,,never,male,27.jpeg,REAL,AI,0
2026-08-13 15:26:20,P279,11,,never,male,28.jpg,AI,REAL,0
2026-08-13 15:26:20,P279,11,,never,male,29.png,AI,REAL,0
2026-08-13 15:26:20,P279,11,,never,male,30.jpg,AI,REAL,0
2026-08-13 15:26:20,P279,11,,never,male,31.jpg,AI,AI,1
2026-08-13 15:26:20,P279,11,,never,male,32.png,REAL,AI,0
2026-08-13 15:26:20,P279,11,,never,male,33.png,REAL,REAL,1
2026-08-13 15:26:20,P279,11,,never,male,34.png,REAL,REAL,1
2026-08-13 15:26:20,P279,11,,never,male,35.png,AI,AI,1
2026-08-13 15:26:20,P279,11,,never,male,36.jpg,AI,REAL,0
2026-08-13 15:26:20,P279,11,,never,male,37.mp4,REAL,REAL,1
2026-08-13 15:26:20,P279,11,,never,male,38.mp4,AI,AI,1
2026-08-13 15:38:45,P280,11,,never,male,1.jpg,AI,AI,1
2026-08-13 15:38:45,P280,11,,never,male,2.jpg,AI,REAL,0
2026-08-13 15:38:45,P280,11,,never,male,3.jpg,AI,REAL,0
2026-08-13 15:38:45,P280,11,,never,male,4.mp4,REAL,AI,0
2026-08-13 15:38:45,P280,11,,never,male,5.png,REAL,AI,0
2026-08-13 15:38:45,P280,11,,never,male,6.png,AI,AI,1
2026-08-13 15:38:45,P280,11,,never,male,7.jpeg,AI,REAL,0
2026-08-13 15:38:45,P280,11,,never,male,8.avif,AI,REAL,0
2026-08-13 15:38:45,P280,11,,never,male,9.png,REAL,AI,0
2026-08-13 15:38:45,P280,11,,never,male,10.webp,REAL,REAL,1
2026-08-13 15:38:45,P280,11,,never,male,11.jpg,REAL,REAL,1
2026-08-13 15:38:45,P280,11,,never,male,12.png,AI,AI,1
2026-08-13 15:38:45,P280,11,,never,male,13.jpg,AI,AI,1
2026-08-13 15:38:45,P280,11,,never,male,14.mp4,REAL,REAL,1
2026-08-13 15:38:45,P280,11,,never,male,15.png,AI,AI,1
2026-08-13 15:38:45,P280,11,,never,male,16.mp4,AI,REAL,0
2026-08-13 15:38:45,P280,11,,never,male,17.mp4,REAL,AI,0
2026-08-13 15:38:45,P280,11,,never,male,18.png,AI,AI,1
2026-08-13 15:38:45,P280,11,,never,male,19.png,AI,REAL,0
2026-08-13 15:38:45,P280,11,,never,male,20.png,AI,AI,1
2026-08-13 15:38:45,P280,11,,never,male,21.webp,AI,AI,1
2026-08-13 15:38:45,P280,11,,never,male,22.webp,AI,REAL,0
2026-08-13 15:38:45,P280,11,,never,male,23.jpg,REAL,REAL,1
2026-08-13 15:38:45,P280,11,,never,male,24.mp4,AI,AI,1
2026-08-13 15:38:45,P280,11,,never,male,25.mov,REAL,REAL,1
2026-08-13 15:38:45,P280,11,,never,male,26.mov,AI,AI,1
2026-08-13 15:38:45,P280,11,,never,male,27.jpeg,REAL,AI,0
2026-08-13 15:38:45,P280,11,,never,male,28.jpg,AI,REAL,0
2026-08-13 15:38:45,P280,11,,never,male,29.png,REAL,REAL,1
2026-08-13 15:38:45,P280,11,,never,male,30.jpg,AI,REAL,0
2026-08-13 15:38:45,P280,11,,never,male,31.jpg,AI,AI,1
2026-08-13 15:38:45,P280,11,,never,male,32.png,AI,AI,1
2026-08-13 15:38:45,P280,11,,never,male,33.png,AI,REAL,0
2026-08-13 15:38:45,P280,11,,never,male,34.png,REAL,REAL,1
2026-08-13 15:38:45,P280,11,,never,male,35.png,AI,AI,1
2026-08-13 15:38:45,P280,11,,never,male,36.jpg,REAL,REAL,1
2026-08-13 15:38:45,P280,11,,never,male,37.mp4,REAL,REAL,1
2026-08-13 15:38:45,P280,11,,never,male,38.mp4,REAL,AI,0
2026-08-13 15:49:47,P281,11,,never,male,1.jpg,AI,AI,1
2026-08-13 15:49:47,P281,11,,never,male,2.jpg,REAL,REAL,1
2026-08-13 15:49:47,P281,11,,never,male,3.jpg,AI,REAL,0
2026-08-13 15:49:47,P281,11,,never,male,4.mp4,AI,AI,1
2026-08-13 15:49:47,P281,11,,never,male,5.png,AI,AI,1
2026-08-13 15:49:47,P281,11,,never,male,6.png,REAL,AI,0
2026-08-13 15:49:47,P281,11,,never,male,7.jpeg,AI,REAL,0
2026-08-13 15:49:47,P281,11,,never,male,8.avif,AI,REAL,0
2026-08-13 15:49:47,P281,11,,never,male,9.png,AI,AI,1
2026-08-13 15:49:47,P281,11,,never,male,10.webp,REAL,REAL,1
2026-08-13 15:49:47,P281,11,,never,male,11.jpg,REAL,REAL,1
2026-08-13 15:49:47,P281,11,,never,male,12.png,AI,AI,1
2026-08-13 15:49:47,P281,11,,never,male,13.jpg,REAL,AI,0
2026-08-13 15:49:47,P281,11,,never,male,14.mp4,AI,REAL,0
2026-08-13 15:49:47,P281,11,,never,male,15.png,AI,AI,1
2026-08-13 15:49:47,P281,11,,never,male,16.mp4,AI,REAL,0
2026-08-13 15:49:47,P281,11,,never,male,17.mp4,AI,AI,1
2026-08-13 15:49:47,P281,11,,never,male,18.png,AI,AI,1
2026-08-13 15:49:47,P281,11,,never,male,19.png,REAL,REAL,1
2026-08-13 15:49:47,P281,11,,never,male,20.png,REAL,AI,0
2026-08-13 15:49:47,P281,11,,never,male,21.webp,REAL,AI,0
2026-08-13 15:49:47,P281,11,,never,male,22.webp,AI,REAL,0
2026-08-13 15:49:47,P281,11,,never,male,23.jpg,REAL,REAL,1
2026-08-13 15:49:47,P281,11,,never,male,24.mp4,AI,AI,1
2026-08-13 15:49:47,P281,11,,never,male,25.mov,REAL,REAL,1
2026-08-13 15:49:47,P281,11,,never,male,26.mov,AI,AI,1
2026-08-13 15:49:47,P281,11,,never,male,27.jpeg,AI,AI,1
2026-08-13 15:49:47,P281,11,,never,male,28.jpg,REAL,REAL,1
2026-08-13 15:49:47,P281,11,,never,male,29.png,REAL,REAL,1
2026-08-13 15:49:47,P281,11,,never,male,30.jpg,AI,REAL,0
2026-08-13 15:49:47,P281,11,,never,male,31.jpg,AI,AI,1
2026-08-13 15:49:47,P281,11,,never,male,32.png,AI,AI,1
2026-08-13 15:49:47,P281,11,,never,male,33.png,REAL,REAL,1
2026-08-13 15:49:47,P281,11,,never,male,34.png,REAL,REAL,1
2026-08-13 15:49:47,P281,11,,never,male,35.png,AI,AI,1
2026-08-13 15:49:47,P281,11,,never,male,36.jpg,AI,REAL,0
2026-08-13 15:49:47,P281,11,,never,male,37.mp4,AI,REAL,0
2026-08-13 15:49:47,P281,11,,never,male,38.mp4,REAL,AI,0
2026-08-13 15:57:33,P282,9,,never,male,1.jpg,REAL,AI,0
2026-08-13 15:57:33,P282,9,,never,male,2.jpg,AI,REAL,0
2026-08-13 15:57:33,P282,9,,never,male,3.jpg,AI,REAL,0
2026-08-13 15:57:33,P282,9,,never,male,4.mp4,REAL,AI,0
2026-08-13 15:57:33,P282,9,,never,male,5.png,REAL,AI,0
2026-08-13 15:57:33,P282,9,,never,male,6.png,AI,AI,1
2026-08-13 15:57:33,P282,9,,never,male,7.jpeg,AI,REAL,0
2026-08-13 15:57:33,P282,9,,never,male,8.avif,REAL,REAL,1
2026-08-13 15:57:33,P282,9,,never,male,9.png,AI,AI,1
2026-08-13 15:57:33,P282,9,,never,male,10.webp,REAL,REAL,1
2026-08-13 15:57:33,P282,9,,never,male,11.jpg,REAL,REAL,1
2026-08-13 15:57:33,P282,9,,never,male,12.png,AI,AI,1
2026-08-13 15:57:33,P282,9,,never,male,13.jpg,REAL,AI,0
2026-08-13 15:57:33,P282,9,,never,male,14.mp4,REAL,REAL,1
2026-08-13 15:57:33,P282,9,,never,male,15.png,REAL,AI,0
2026-08-13 15:57:33,P282,9,,never,male,16.mp4,AI,REAL,0
2026-08-13 15:57:33,P282,9,,never,male,17.mp4,REAL,AI,0
2026-08-13 15:57:33,P282,9,,never,male,18.png,REAL,AI,0
2026-08-13 15:57:33,P282,9,,never,male,19.png,AI,REAL,0
2026-08-13 15:57:33,P282,9,,never,male,20.png,AI,AI,1
2026-08-13 15:57:33,P282,9,,never,male,21.webp,REAL,AI,0
2026-08-13 15:57:33,P282,9,,never,male,22.webp,AI,REAL,0
2026-08-13 15:57:33,P282,9,,never,male,23.jpg,REAL,REAL,1
2026-08-13 15:57:33,P282,9,,never,male,24.mp4,AI,AI,1
2026-08-13 15:57:33,P282,9,,never,male,25.mov,AI,REAL,0
2026-08-13 15:57:33,P282,9,,never,male,26.mov,AI,AI,1
2026-08-13 15:57:33,P282,9,,never,male,27.jpeg,REAL,AI,0
2026-08-13 15:57:33,P282,9,,never,male,28.jpg,AI,REAL,0
2026-08-13 15:57:33,P282,9,,never,male,29.png,AI,REAL,0
2026-08-13 15:57:33,P282,9,,never,male,30.jpg,REAL,REAL,1
2026-08-13 15:57:33,P282,9,,never,male,31.jpg,AI,AI,1
2026-08-13 15:57:33,P282,9,,never,male,32.png,REAL,AI,0
2026-08-13 15:57:33,P282,9,,never,male,33.png,AI,REAL,0
2026-08-13 15:57:33,P282,9,,never,male,34.png,REAL,REAL,1
2026-08-13 15:57:33,P282,9,,never,male,35.png,AI,AI,1
2026-08-13 15:57:33,P282,9,,never,male,36.jpg,AI,REAL,0
2026-08-13 15:57:33,P282,9,,never,male,37.mp4,AI,REAL,0
2026-08-13 15:57:33,P282,9,,never,male,38.mp4,AI,AI,1
2026-08-13 16:01:40,P283,13,,occasionally,prefer_not_to_say,1.jpg,AI,AI,1
2026-08-13 16:01:40,P283,13,,occasionally,prefer_not_to_say,2.jpg,REAL,REAL,1
2026-08-13 16:01:40,P283,13,,occasionally,prefer_not_to_say,3.jpg,AI,REAL,0
2026-08-13 16:01:40,P283,13,,occasionally,prefer_not_to_say,4.mp4,AI,AI,1
2026-08-13 16:01:40,P283,13,,occasionally,prefer_not_to_say,5.png,REAL,AI,0
2026-08-13 16:01:40,P283,13,,occasionally,prefer_not_to_say,6.png,REAL,AI,0
2026-08-13 16:01:40,P283,13,,occasionally,prefer_not_to_say,7.jpeg,AI,REAL,0
2026-08-13 16:01:40,P283,13,,occasionally,prefer_not_to_say,8.avif,AI,REAL,0
2026-08-13 16:01:40,P283,13,,occasionally,prefer_not_to_say,9.png,AI,AI,1
2026-08-13 16:01:40,P283,13,,occasionally,prefer_not_to_say,10.webp,REAL,REAL,1
2026-08-13 16:01:40,P283,13,,occasionally,prefer_not_to_say,11.jpg,REAL,REAL,1
2026-08-13 16:01:40,P283,13,,occasionally,prefer_not_to_say,12.png,REAL,AI,0
2026-08-13 16:01:40,P283,13,,occasionally,prefer_not_to_say,13.jpg,REAL,AI,0
2026-08-13 16:01:40,P283,13,,occasionally,prefer_not_to_say,14.mp4,REAL,REAL,1
2026-08-13 16:01:40,P283,13,,occasionally,prefer_not_to_say,15.png,AI,AI,1
2026-08-13 16:01:40,P283,13,,occasionally,prefer_not_to_say,16.mp4,AI,REAL,0
2026-08-13 16:01:40,P283,13,,occasionally,prefer_not_to_say,17.mp4,AI,AI,1
2026-08-13 16:01:40,P283,13,,occasionally,prefer_not_to_say,18.png,AI,AI,1
2026-08-13 16:01:40,P283,13,,occasionally,prefer_not_to_say,19.png,AI,REAL,0
2026-08-13 16:01:40,P283,13,,occasionally,prefer_not_to_say,20.png,AI,AI,1
2026-08-13 16:01:40,P283,13,,occasionally,prefer_not_to_say,21.webp,REAL,AI,0
2026-08-13 16:01:40,P283,13,,occasionally,prefer_not_to_say,22.webp,AI,REAL,0
2026-08-13 16:01:40,P283,13,,occasionally,prefer_not_to_say,23.jpg,REAL,REAL,1
2026-08-13 16:01:40,P283,13,,occasionally,prefer_not_to_say,24.mp4,AI,AI,1
2026-08-13 16:01:40,P283,13,,occasionally,prefer_not_to_say,25.mov,REAL,REAL,1
2026-08-13 16:01:40,P283,13,,occasionally,prefer_not_to_say,26.mov,AI,AI,1
2026-08-13 16:01:40,P283,13,,occasionally,prefer_not_to_say,27.jpeg,REAL,AI,0
2026-08-13 16:01:40,P283,13,,occasionally,prefer_not_to_say,28.jpg,REAL,REAL,1
2026-08-13 16:01:40,P283,13,,occasionally,prefer_not_to_say,29.png,AI,REAL,0
2026-08-13 16:01:40,P283,13,,occasionally,prefer_not_to_say,30.jpg,REAL,REAL,1
2026-08-13 16:01:40,P283,13,,occasionally,prefer_not_to_say,31.jpg,AI,AI,1
2026-08-13 16:01:40,P283,13,,occasionally,prefer_not_to_say,32.png,AI,AI,1
2026-08-13 16:01:40,P283,13,,occasionally,prefer_not_to_say,33.png,REAL,REAL,1
2026-08-13 16:01:40,P283,13,,occasionally,prefer_not_to_say,34.png,AI,REAL,0
2026-08-13 16:01:40,P283,13,,occasionally,prefer_not_to_say,35.png,AI,AI,1
2026-08-13 16:01:40,P283,13,,occasionally,prefer_not_to_say,36.jpg,AI,REAL,0
2026-08-13 16:01:40,P283,13,,occasionally,prefer_not_to_say,37.mp4,REAL,REAL,1
2026-08-13 16:01:40,P283,13,,occasionally,prefer_not_to_say,38.mp4,REAL,AI,0
2026-08-13 16:07:07,P284,50,,daily,male,1.jpg,AI,AI,1
2026-08-13 16:07:07,P284,50,,daily,male,2.jpg,AI,REAL,0
2026-08-13 16:07:07,P284,50,,daily,male,3.jpg,AI,REAL,0
2026-08-13 16:07:07,P284,50,,daily,male,4.mp4,REAL,AI,0
2026-08-13 16:07:07,P284,50,,daily,male,5.png,REAL,AI,0
2026-08-13 16:07:07,P284,50,,daily,male,6.png,AI,AI,1
2026-08-13 16:07:07,P284,50,,daily,male,7.jpeg,AI,REAL,0
2026-08-13 16:07:07,P284,50,,daily,male,8.avif,AI,REAL,0
2026-08-13 16:07:07,P284,50,,daily,male,9.png,REAL,AI,0
2026-08-13 16:07:07,P284,50,,daily,male,10.webp,REAL,REAL,1
2026-08-13 16:07:07,P284,50,,daily,male,11.jpg,REAL,REAL,1
2026-08-13 16:07:07,P284,50,,daily,male,12.png,REAL,AI,0
2026-08-13 16:07:07,P284,50,,daily,male,13.jpg,AI,AI,1
2026-08-13 16:07:07,P284,50,,daily,male,14.mp4,AI,REAL,0
2026-08-13 16:07:07,P284,50,,daily,male,15.png,AI,AI,1
2026-08-13 16:07:07,P284,50,,daily,male,16.mp4,REAL,REAL,1
2026-08-13 16:07:07,P284,50,,daily,male,17.mp4,REAL,AI,0
2026-08-13 16:07:07,P284,50,,daily,male,18.png,AI,AI,1
2026-08-13 16:07:07,P284,50,,daily,male,19.png,REAL,REAL,1
2026-08-13 16:07:07,P284,50,,daily,male,20.png,AI,AI,1
2026-08-13 16:07:07,P284,50,,daily,male,21.webp,REAL,AI,0
2026-08-13 16:07:07,P284,50,,daily,male,22.webp,AI,REAL,0
2026-08-13 16:07:07,P284,50,,daily,male,23.jpg,REAL,REAL,1
2026-08-13 16:07:07,P284,50,,daily,male,24.mp4,REAL,AI,0
2026-08-13 16:07:07,P284,50,,daily,male,25.mov,REAL,REAL,1
2026-08-13 16:07:07,P284,50,,daily,male,26.mov,AI,AI,1
2026-08-13 16:07:07,P284,50,,daily,male,27.jpeg,REAL,AI,0
2026-08-13 16:07:07,P284,50,,daily,male,28.jpg,AI,REAL,0
2026-08-13 16:07:07,P284,50,,daily,male,29.png,AI,REAL,0
2026-08-13 16:07:07,P284,50,,daily,male,30.jpg,AI,REAL,0
2026-08-13 16:07:07,P284,50,,daily,male,31.jpg,REAL,AI,0
2026-08-13 16:07:07,P284,50,,daily,male,32.png,REAL,AI,0
2026-08-13 16:07:07,P284,50,,daily,male,33.png,AI,REAL,0
2026-08-13 16:07:07,P284,50,,daily,male,34.png,AI,REAL,0
2026-08-13 16:07:07,P284,50,,daily,male,35.png,AI,AI,1
2026-08-13 16:07:07,P284,50,,daily,male,36.jpg,REAL,REAL,1
2026-08-13 16:07:07,P284,50,,daily,male,37.mp4,AI,REAL,0
2026-08-13 16:07:07,P284,50,,daily,male,38.mp4,REAL,AI,0
2026-08-13 17:09:27,P285,17,,daily,female,1.jpg,AI,AI,1
2026-08-13 17:09:27,P285,17,,daily,female,2.jpg,AI,REAL,0
2026-08-13 17:09:27,P285,17,,daily,female,3.jpg,AI,REAL,0
2026-08-13 17:09:27,P285,17,,daily,female,4.mp4,REAL,AI,0
2026-08-13 17:09:27,P285,17,,daily,female,5.png,REAL,AI,0
2026-08-13 17:09:27,P285,17,,daily,female,6.png,AI,AI,1
2026-08-13 17:09:27,P285,17,,daily,female,7.jpeg,AI,REAL,0
2026-08-13 17:09:27,P285,17,,daily,female,8.avif,AI,REAL,0
2026-08-13 17:09:27,P285,17,,daily,female,9.png,AI,AI,1
2026-08-13 17:09:27,P285,17,,daily,female,10.webp,REAL,REAL,1
2026-08-13 17:09:27,P285,17,,daily,female,11.jpg,REAL,REAL,1
2026-08-13 17:09:27,P285,17,,daily,female,12.png,REAL,AI,0
2026-08-13 17:09:27,P285,17,,daily,female,13.jpg,REAL,AI,0
2026-08-13 17:09:27,P285,17,,daily,female,14.mp4,AI,REAL,0
2026-08-13 17:09:27,P285,17,,daily,female,15.png,REAL,AI,0
2026-08-13 17:09:27,P285,17,,daily,female,16.mp4,AI,REAL,0
2026-08-13 17:09:27,P285,17,,daily,female,17.mp4,AI,AI,1
2026-08-13 17:09:27,P285,17,,daily,female,18.png,AI,AI,1
2026-08-13 17:09:27,P285,17,,daily,female,19.png,AI,REAL,0
2026-08-13 17:09:27,P285,17,,daily,female,20.png,REAL,AI,0
2026-08-13 17:09:27,P285,17,,daily,female,21.webp,REAL,AI,0
2026-08-13 17:09:27,P285,17,,daily,female,22.webp,AI,REAL,0
2026-08-13 17:09:27,P285,17,,daily,female,23.jpg,REAL,REAL,1
2026-08-13 17:09:27,P285,17,,daily,female,24.mp4,AI,AI,1
2026-08-13 17:09:27,P285,17,,daily,female,25.mov,REAL,REAL,1
2026-08-13 17:09:27,P285,17,,daily,female,26.mov,REAL,AI,0
2026-08-13 17:09:27,P285,17,,daily,female,27.jpeg,REAL,AI,0
2026-08-13 17:09:27,P285,17,,daily,female,28.jpg,REAL,REAL,1
2026-08-13 17:09:27,P285,17,,daily,female,29.png,REAL,REAL,1
2026-08-13 17:09:27,P285,17,,daily,female,30.jpg,REAL,REAL,1
2026-08-13 17:09:27,P285,17,,daily,female,31.jpg,AI,AI,1
2026-08-13 17:09:27,P285,17,,daily,female,32.png,REAL,AI,0
2026-08-13 17:09:27,P285,17,,daily,female,33.png,AI,REAL,0
2026-08-13 17:09:27,P285,17,,daily,female,34.png,REAL,REAL,1
2026-08-13 17:09:27,P285,17,,daily,female,35.png,AI,AI,1
2026-08-13 17:09:27,P285,17,,daily,female,36.jpg,REAL,REAL,1
2026-08-13 17:09:27,P285,17,,daily,female,37.mp4,AI,REAL,0
2026-08-13 17:09:27,P285,17,,daily,female,38.mp4,REAL,AI,0
2026-08-13 17:28:49,P286,54,,never,male,1.jpg,AI,AI,1
2026-08-13 17:28:49,P286,54,,never,male,2.jpg,REAL,REAL,1
2026-08-13 17:28:49,P286,54,,never,male,3.jpg,AI,REAL,0
2026-08-13 17:28:49,P286,54,,never,male,4.mp4,AI,AI,1
2026-08-13 17:28:49,P286,54,,never,male,5.png,REAL,AI,0
2026-08-13 17:28:49,P286,54,,never,male,6.png,REAL,AI,0
2026-08-13 17:28:49,P286,54,,never,male,7.jpeg,AI,REAL,0
2026-08-13 17:28:49,P286,54,,never,male,8.avif,AI,REAL,0
2026-08-13 17:28:49,P286,54,,never,male,9.png,REAL,AI,0
2026-08-13 17:28:49,P286,54,,never,male,10.webp,AI,REAL,0
2026-08-13 17:28:49,P286,54,,never,male,11.jpg,AI,REAL,0
2026-08-13 17:28:49,P286,54,,never,male,12.png,REAL,AI,0
2026-08-13 17:28:49,P286,54,,never,male,13.jpg,REAL,AI,0
2026-08-13 17:28:49,P286,54,,never,male,14.mp4,REAL,REAL,1
2026-08-13 17:28:49,P286,54,,never,male,15.png,AI,AI,1
2026-08-13 17:28:49,P286,54,,never,male,16.mp4,AI,REAL,0
2026-08-13 17:28:49,P286,54,,never,male,17.mp4,AI,AI,1
2026-08-13 17:28:49,P286,54,,never,male,18.png,AI,AI,1
2026-08-13 17:28:49,P286,54,,never,male,19.png,REAL,REAL,1
2026-08-13 17:28:49,P286,54,,never,male,20.png,REAL,AI,0
2026-08-13 17:28:49,P286,54,,never,male,21.webp,AI,AI,1
2026-08-13 17:28:49,P286,54,,never,male,22.webp,REAL,REAL,1
2026-08-13 17:28:49,P286,54,,never,male,23.jpg,REAL,REAL,1
2026-08-13 17:28:49,P286,54,,never,male,24.mp4,REAL,AI,0
2026-08-13 17:28:49,P286,54,,never,male,25.mov,AI,REAL,0
2026-08-13 17:28:49,P286,54,,never,male,26.mov,AI,AI,1
2026-08-13 17:28:49,P286,54,,never,male,27.jpeg,REAL,AI,0
2026-08-13 17:28:49,P286,54,,never,male,28.jpg,REAL,REAL,1
2026-08-13 17:28:49,P286,54,,never,male,29.png,AI,REAL,0
2026-08-13 17:28:49,P286,54,,never,male,30.jpg,REAL,REAL,1
2026-08-13 17:28:49,P286,54,,never,male,31.jpg,AI,AI,1
2026-08-13 17:28:49,P286,54,,never,male,32.png,REAL,AI,0
2026-08-13 17:28:49,P286,54,,never,male,33.png,REAL,REAL,1
2026-08-13 17:28:49,P286,54,,never,male,34.png,REAL,REAL,1
2026-08-13 17:28:49,P286,54,,never,male,35.png,REAL,AI,0
2026-08-13 17:28:49,P286,54,,never,male,36.jpg,REAL,REAL,1
2026-08-13 17:28:49,P286,54,,never,male,37.mp4,AI,REAL,0
2026-08-13 17:28:49,P286,54,,never,male,38.mp4,REAL,AI,0
2026-08-13 17:49:06,P287,46,,daily,female,1.jpg,REAL,AI,0
2026-08-13 17:49:06,P287,46,,daily,female,2.jpg,AI,REAL,0
2026-08-13 17:49:06,P287,46,,daily,female,3.jpg,AI,REAL,0
2026-08-13 17:49:06,P287,46,,daily,female,4.mp4,REAL,AI,0
2026-08-13 17:49:06,P287,46,,daily,female,5.png,REAL,AI,0
2026-08-13 17:49:06,P287,46,,daily,female,6.png,REAL,AI,0
2026-08-13 17:49:06,P287,46,,daily,female,7.jpeg,AI,REAL,0
2026-08-13 17:49:06,P287,46,,daily,female,8.avif,AI,REAL,0
2026-08-13 17:49:06,P287,46,,daily,female,9.png,AI,AI,1
2026-08-13 17:49:06,P287,46,,daily,female,10.webp,AI,REAL,0
2026-08-13 17:49:06,P287,46,,daily,female,11.jpg,AI,REAL,0
2026-08-13 17:49:06,P287,46,,daily,female,12.png,REAL,AI,0
2026-08-13 17:49:06,P287,46,,daily,female,13.jpg,REAL,AI,0
2026-08-13 17:49:06,P287,46,,daily,female,14.mp4,AI,REAL,0
2026-08-13 17:49:06,P287,46,,daily,female,15.png,REAL,AI,0
2026-08-13 17:49:06,P287,46,,daily,female,16.mp4,AI,REAL,0
2026-08-13 17:49:06,P287,46,,daily,female,17.mp4,REAL,AI,0
2026-08-13 17:49:06,P287,46,,daily,female,18.png,REAL,AI,0
2026-08-13 17:49:06,P287,46,,daily,female,19.png,AI,REAL,0
2026-08-13 17:49:06,P287,46,,daily,female,20.png,REAL,AI,0
2026-08-13 17:49:06,P287,46,,daily,female,21.webp,REAL,AI,0
2026-08-13 17:49:06,P287,46,,daily,female,22.webp,REAL,REAL,1
2026-08-13 17:49:06,P287,46,,daily,female,23.jpg,REAL,REAL,1
2026-08-13 17:49:06,P287,46,,daily,female,24.mp4,AI,AI,1
2026-08-13 17:49:06,P287,46,,daily,female,25.mov,REAL,REAL,1
2026-08-13 17:49:06,P287,46,,daily,female,26.mov,REAL,AI,0
2026-08-13 17:49:06,P287,46,,daily,female,27.jpeg,REAL,AI,0
2026-08-13 17:49:06,P287,46,,daily,female,28.jpg,REAL,REAL,1
2026-08-13 17:49:06,P287,46,,daily,female,29.png,REAL,REAL,1
2026-08-13 17:49:06,P287,46,,daily,female,30.jpg,AI,REAL,0
2026-08-13 17:49:06,P287,46,,daily,female,31.jpg,AI,AI,1
2026-08-13 17:49:06,P287,46,,daily,female,32.png,REAL,AI,0
2026-08-13 17:49:06,P287,46,,daily,female,33.png,REAL,REAL,1
2026-08-13 17:49:06,P287,46,,daily,female,34.png,REAL,REAL,1
2026-08-13 17:49:06,P287,46,,daily,female,35.png,AI,AI,1
2026-08-13 17:49:06,P287,46,,daily,female,36.jpg,REAL,REAL,1
2026-08-13 17:49:06,P287,46,,daily,female,37.mp4,AI,REAL,0
2026-08-13 17:49:06,P287,46,,daily,female,38.mp4,REAL,AI,0
2026-08-13 17:50:50,P288,22,,daily,female,1.jpg,REAL,AI,0
2026-08-13 17:50:50,P288,22,,daily,female,2.jpg,REAL,REAL,1
2026-08-13 17:50:50,P288,22,,daily,female,3.jpg,REAL,REAL,1
2026-08-13 17:50:50,P288,22,,daily,female,4.mp4,AI,AI,1
2026-08-13 17:50:50,P288,22,,daily,female,5.png,REAL,AI,0
2026-08-13 17:50:50,P288,22,,daily,female,6.png,AI,AI,1
2026-08-13 17:50:50,P288,22,,daily,female,7.jpeg,REAL,REAL,1
2026-08-13 17:50:50,P288,22,,daily,female,8.avif,AI,REAL,0
2026-08-13 17:50:50,P288,22,,daily,female,9.png,AI,AI,1
2026-08-13 17:50:50,P288,22,,daily,female,10.webp,REAL,REAL,1
2026-08-13 17:50:50,P288,22,,daily,female,11.jpg,AI,REAL,0
2026-08-13 17:50:50,P288,22,,daily,female,12.png,REAL,AI,0
2026-08-13 17:50:50,P288,22,,daily,female,13.jpg,REAL,AI,0
2026-08-13 17:50:50,P288,22,,daily,female,14.mp4,AI,REAL,0
2026-08-13 17:50:50,P288,22,,daily,female,15.png,AI,AI,1
2026-08-13 17:50:50,P288,22,,daily,female,16.mp4,REAL,REAL,1
2026-08-13 17:50:50,P288,22,,daily,female,17.mp4,AI,AI,1
2026-08-13 17:50:50,P288,22,,daily,female,18.png,REAL,AI,0
2026-08-13 17:50:50,P288,22,,daily,female,19.png,AI,REAL,0
2026-08-13 17:50:50,P288,22,,daily,female,20.png,AI,AI,1
2026-08-13 17:50:50,P288,22,,daily,female,21.webp,AI,AI,1
2026-08-13 17:50:50,P288,22,,daily,female,22.webp,AI,REAL,0
2026-08-13 17:50:50,P288,22,,daily,female,23.jpg,REAL,REAL,1
2026-08-13 17:50:50,P288,22,,daily,female,24.mp4,REAL,AI,0
2026-08-13 17:50:50,P288,22,,daily,female,25.mov,AI,REAL,0
2026-08-13 17:50:50,P288,22,,daily,female,26.mov,AI,AI,1
2026-08-13 17:50:50,P288,22,,daily,female,27.jpeg,REAL,AI,0
2026-08-13 17:50:50,P288,22,,daily,female,28.jpg,REAL,REAL,1
2026-08-13 17:50:50,P288,22,,daily,female,29.png,AI,REAL,0
2026-08-13 17:50:50,P288,22,,daily,female,30.jpg,REAL,REAL,1
2026-08-13 17:50:50,P288,22,,daily,female,31.jpg,REAL,AI,0
2026-08-13 17:50:50,P288,22,,daily,female,32.png,REAL,AI,0
2026-08-13 17:50:50,P288,22,,daily,female,33.png,AI,REAL,0
2026-08-13 17:50:50,P288,22,,daily,female,34.png,AI,REAL,0
2026-08-13 17:50:50,P288,22,,daily,female,35.png,AI,AI,1
2026-08-13 17:50:50,P288,22,,daily,female,36.jpg,REAL,REAL,1
2026-08-13 17:50:50,P288,22,,daily,female,37.mp4,REAL,REAL,1
2026-08-13 17:50:50,P288,22,,daily,female,38.mp4,REAL,AI,0
2026-08-13 19:42:58,P289,17,,never,male,1.jpg,REAL,AI,0
2026-08-13 19:42:58,P289,17,,never,male,2.jpg,REAL,REAL,1
2026-08-13 19:42:58,P289,17,,never,male,3.jpg,REAL,REAL,1
2026-08-13 19:42:58,P289,17,,never,male,4.mp4,AI,AI,1
2026-08-13 19:42:58,P289,17,,never,male,5.png,AI,AI,1
2026-08-13 19:42:58,P289,17,,never,male,6.png,REAL,AI,0
2026-08-13 19:42:58,P289,17,,never,male,7.jpeg,AI,REAL,0
2026-08-13 19:42:58,P289,17,,never,male,8.avif,REAL,REAL,1
2026-08-13 19:42:58,P289,17,,never,male,9.png,AI,AI,1
2026-08-13 19:42:58,P289,17,,never,male,10.webp,REAL,REAL,1
2026-08-13 19:42:58,P289,17,,never,male,11.jpg,AI,REAL,0
2026-08-13 19:42:58,P289,17,,never,male,12.png,AI,AI,1
2026-08-13 19:42:58,P289,17,,never,male,13.jpg,REAL,AI,0
2026-08-13 19:42:58,P289,17,,never,male,14.mp4,AI,REAL,0
2026-08-13 19:42:58,P289,17,,never,male,15.png,AI,AI,1
2026-08-13 19:42:58,P289,17,,never,male,16.mp4,REAL,REAL,1
2026-08-13 19:42:58,P289,17,,never,male,17.mp4,AI,AI,1
2026-08-13 19:42:58,P289,17,,never,male,18.png,REAL,AI,0
2026-08-13 19:42:58,P289,17,,never,male,19.png,REAL,REAL,1
2026-08-13 19:42:58,P289,17,,never,male,20.png,AI,AI,1
2026-08-13 19:42:58,P289,17,,never,male,21.webp,AI,AI,1
2026-08-13 19:42:58,P289,17,,never,male,22.webp,REAL,REAL,1
2026-08-13 19:42:58,P289,17,,never,male,23.jpg,REAL,REAL,1
2026-08-13 19:42:58,P289,17,,never,male,24.mp4,AI,AI,1
2026-08-13 19:42:58,P289,17,,never,male,25.mov,REAL,REAL,1
2026-08-13 19:42:58,P289,17,,never,male,26.mov,REAL,AI,0
2026-08-13 19:42:58,P289,17,,never,male,27.jpeg,AI,AI,1
2026-08-13 19:42:58,P289,17,,never,male,28.jpg,AI,REAL,0
2026-08-13 19:42:58,P289,17,,never,male,29.png,REAL,REAL,1
2026-08-13 19:42:58,P289,17,,never,male,30.jpg,REAL,REAL,1
2026-08-13 19:42:58,P289,17,,never,male,31.jpg,REAL,AI,0
2026-08-13 19:42:58,P289,17,,never,male,32.png,REAL,AI,0
2026-08-13 19:42:58,P289,17,,never,male,33.png,REAL,REAL,1
2026-08-13 19:42:58,P289,17,,never,male,34.png,AI,REAL,0
2026-08-13 19:42:58,P289,17,,never,male,35.png,AI,AI,1
2026-08-13 19:42:58,P289,17,,never,male,36.jpg,REAL,REAL,1
2026-08-13 19:42:58,P289,17,,never,male,37.mp4,AI,REAL,0
2026-08-13 19:42:58,P289,17,,never,male,38.mp4,AI,AI,1
2026-08-13 19:52:37,P290,16,,daily,female,1.jpg,AI,AI,1
2026-08-13 19:52:37,P290,16,,daily,female,2.jpg,REAL,REAL,1
2026-08-13 19:52:37,P290,16,,daily,female,3.jpg,AI,REAL,0
2026-08-13 19:52:37,P290,16,,daily,female,4.mp4,AI,AI,1
2026-08-13 19:52:37,P290,16,,daily,female,5.png,REAL,AI,0
2026-08-13 19:52:37,P290,16,,daily,female,6.png,AI,AI,1
2026-08-13 19:52:37,P290,16,,daily,female,7.jpeg,AI,REAL,0
2026-08-13 19:52:37,P290,16,,daily,female,8.avif,AI,REAL,0
2026-08-13 19:52:37,P290,16,,daily,female,9.png,REAL,AI,0
2026-08-13 19:52:37,P290,16,,daily,female,10.webp,REAL,REAL,1
2026-08-13 19:52:37,P290,16,,daily,female,11.jpg,AI,REAL,0
2026-08-13 19:52:37,P290,16,,daily,female,12.png,REAL,AI,0
2026-08-13 19:52:37,P290,16,,daily,female,13.jpg,REAL,AI,0
2026-08-13 19:52:37,P290,16,,daily,female,14.mp4,REAL,REAL,1
2026-08-13 19:52:37,P290,16,,daily,female,15.png,AI,AI,1
2026-08-13 19:52:37,P290,16,,daily,female,16.mp4,REAL,REAL,1
2026-08-13 19:52:37,P290,16,,daily,female,17.mp4,AI,AI,1
2026-08-13 19:52:37,P290,16,,daily,female,18.png,REAL,AI,0
2026-08-13 19:52:37,P290,16,,daily,female,19.png,AI,REAL,0
2026-08-13 19:52:37,P290,16,,daily,female,20.png,REAL,AI,0
2026-08-13 19:52:37,P290,16,,daily,female,21.webp,REAL,AI,0
2026-08-13 19:52:37,P290,16,,daily,female,22.webp,AI,REAL,0
2026-08-13 19:52:37,P290,16,,daily,female,23.jpg,REAL,REAL,1
2026-08-13 19:52:37,P290,16,,daily,female,24.mp4,AI,AI,1
2026-08-13 19:52:37,P290,16,,daily,female,25.mov,AI,REAL,0
2026-08-13 19:52:37,P290,16,,daily,female,26.mov,AI,AI,1
2026-08-13 19:52:37,P290,16,,daily,female,27.jpeg,REAL,AI,0
2026-08-13 19:52:37,P290,16,,daily,female,28.jpg,REAL,REAL,1
2026-08-13 19:52:37,P290,16,,daily,female,29.png,REAL,REAL,1
2026-08-13 19:52:37,P290,16,,daily,female,30.jpg,REAL,REAL,1
2026-08-13 19:52:37,P290,16,,daily,female,31.jpg,REAL,AI,0
2026-08-13 19:52:37,P290,16,,daily,female,32.png,REAL,AI,0
2026-08-13 19:52:37,P290,16,,daily,female,33.png,AI,REAL,0
2026-08-13 19:52:37,P290,16,,daily,female,34.png,REAL,REAL,1
2026-08-13 19:52:37,P290,16,,daily,female,35.png,AI,AI,1
2026-08-13 19:52:37,P290,16,,daily,female,36.jpg,REAL,REAL,1
2026-08-13 19:52:37,P290,16,,daily,female,37.mp4,REAL,REAL,1
2026-08-13 19:52:37,P290,16,,daily,female,38.mp4,REAL,AI,0
2026-08-13 19:57:46,P291,19,,daily,male,1.jpg,REAL,AI,0
2026-08-13 19:57:46,P291,19,,daily,male,2.jpg,AI,REAL,0
2026-08-13 19:57:46,P291,19,,daily,male,3.jpg,REAL,REAL,1
2026-08-13 19:57:46,P291,19,,daily,male,4.mp4,REAL,AI,0
2026-08-13 19:57:46,P291,19,,daily,male,5.png,REAL,AI,0
2026-08-13 19:57:46,P291,19,,daily,male,6.png,AI,AI,1
2026-08-13 19:57:46,P291,19,,daily,male,7.jpeg,AI,REAL,0
2026-08-13 19:57:46,P291,19,,daily,male,8.avif,REAL,REAL,1
2026-08-13 19:57:46,P291,19,,daily,male,9.png,AI,AI,1
2026-08-13 19:57:46,P291,19,,daily,male,10.webp,REAL,REAL,1
2026-08-13 19:57:46,P291,19,,daily,male,11.jpg,AI,REAL,0
2026-08-13 19:57:46,P291,19,,daily,male,12.png,REAL,AI,0
2026-08-13 19:57:46,P291,19,,daily,male,13.jpg,AI,AI,1
2026-08-13 19:57:46,P291,19,,daily,male,14.mp4,AI,REAL,0
2026-08-13 19:57:46,P291,19,,daily,male,15.png,AI,AI,1
2026-08-13 19:57:46,P291,19,,daily,male,16.mp4,REAL,REAL,1
2026-08-13 19:57:46,P291,19,,daily,male,17.mp4,REAL,AI,0
2026-08-13 19:57:46,P291,19,,daily,male,18.png,AI,AI,1
2026-08-13 19:57:46,P291,19,,daily,male,19.png,AI,REAL,0
2026-08-13 19:57:46,P291,19,,daily,male,20.png,REAL,AI,0
2026-08-13 19:57:46,P291,19,,daily,male,21.webp,REAL,AI,0
2026-08-13 19:57:46,P291,19,,daily,male,22.webp,AI,REAL,0
2026-08-13 19:57:46,P291,19,,daily,male,23.jpg,REAL,REAL,1
2026-08-13 19:57:46,P291,19,,daily,male,24.mp4,AI,AI,1
2026-08-13 19:57:46,P291,19,,daily,male,25.mov,REAL,REAL,1
2026-08-13 19:57:46,P291,19,,daily,male,26.mov,REAL,AI,0
2026-08-13 19:57:46,P291,19,,daily,male,27.jpeg,REAL,AI,0
2026-08-13 19:57:46,P291,19,,daily,male,28.jpg,AI,REAL,0
2026-08-13 19:57:46,P291,19,,daily,male,29.png,REAL,REAL,1
2026-08-13 19:57:46,P291,19,,daily,male,30.jpg,REAL,REAL,1
2026-08-13 19:57:46,P291,19,,daily,male,31.jpg,AI,AI,1
2026-08-13 19:57:46,P291,19,,daily,male,32.png,AI,AI,1
2026-08-13 19:57:46,P291,19,,daily,male,33.png,AI,REAL,0
2026-08-13 19:57:46,P291,19,,daily,male,34.png,REAL,REAL,1
2026-08-13 19:57:46,P291,19,,daily,male,35.png,AI,AI,1
2026-08-13 19:57:46,P291,19,,daily,male,36.jpg,REAL,REAL,1
2026-08-13 19:57:46,P291,19,,daily,male,37.mp4,AI,REAL,0
2026-08-13 19:57:46,P291,19,,daily,male,38.mp4,AI,AI,1
2026-08-13 21:01:56,P292,13,,daily,prefer_not_to_say,1.jpg,REAL,AI,0
2026-08-13 21:01:56,P292,13,,daily,prefer_not_to_say,2.jpg,REAL,REAL,1
2026-08-13 21:01:56,P292,13,,daily,prefer_not_to_say,3.jpg,REAL,REAL,1
2026-08-13 21:01:56,P292,13,,daily,prefer_not_to_say,4.mp4,REAL,AI,0
2026-08-13 21:01:56,P292,13,,daily,prefer_not_to_say,5.png,REAL,AI,0
2026-08-13 21:01:56,P292,13,,daily,prefer_not_to_say,6.png,REAL,AI,0
2026-08-13 21:01:56,P292,13,,daily,prefer_not_to_say,7.jpeg,AI,REAL,0
2026-08-13 21:01:56,P292,13,,daily,prefer_not_to_say,8.avif,REAL,REAL,1
2026-08-13 21:01:56,P292,13,,daily,prefer_not_to_say,9.png,REAL,AI,0
2026-08-13 21:01:56,P292,13,,daily,prefer_not_to_say,10.webp,REAL,REAL,1
2026-08-13 21:01:56,P292,13,,daily,prefer_not_to_say,11.jpg,AI,REAL,0
2026-08-13 21:01:56,P292,13,,daily,prefer_not_to_say,12.png,REAL,AI,0
2026-08-13 21:01:56,P292,13,,daily,prefer_not_to_say,13.jpg,REAL,AI,0
2026-08-13 21:01:56,P292,13,,daily,prefer_not_to_say,14.mp4,AI,REAL,0
2026-08-13 21:01:56,P292,13,,daily,prefer_not_to_say,15.png,REAL,AI,0
2026-08-13 21:01:56,P292,13,,daily,prefer_not_to_say,16.mp4,REAL,REAL,1
2026-08-13 21:01:56,P292,13,,daily,prefer_not_to_say,17.mp4,AI,AI,1
2026-08-13 21:01:56,P292,13,,daily,prefer_not_to_say,18.png,REAL,AI,0
2026-08-13 21:01:56,P292,13,,daily,prefer_not_to_say,19.png,REAL,REAL,1
2026-08-13 21:01:56,P292,13,,daily,prefer_not_to_say,20.png,REAL,AI,0
2026-08-13 21:01:56,P292,13,,daily,prefer_not_to_say,21.webp,REAL,AI,0
2026-08-13 21:01:56,P292,13,,daily,prefer_not_to_say,22.webp,REAL,REAL,1
2026-08-13 21:01:56,P292,13,,daily,prefer_not_to_say,23.jpg,REAL,REAL,1
2026-08-13 21:01:56,P292,13,,daily,prefer_not_to_say,24.mp4,REAL,AI,0
2026-08-13 21:01:56,P292,13,,daily,prefer_not_to_say,25.mov,REAL,REAL,1
2026-08-13 21:01:56,P292,13,,daily,prefer_not_to_say,26.mov,REAL,AI,0
2026-08-13 21:01:56,P292,13,,daily,prefer_not_to_say,27.jpeg,REAL,AI,0
2026-08-13 21:01:56,P292,13,,daily,prefer_not_to_say,28.jpg,REAL,REAL,1
2026-08-13 21:01:56,P292,13,,daily,prefer_not_to_say,29.png,REAL,REAL,1
2026-08-13 21:01:56,P292,13,,daily,prefer_not_to_say,30.jpg,REAL,REAL,1
2026-08-13 21:01:56,P292,13,,daily,prefer_not_to_say,31.jpg,REAL,AI,0
2026-08-13 21:01:56,P292,13,,daily,prefer_not_to_say,32.png,REAL,AI,0
2026-08-13 21:01:56,P292,13,,daily,prefer_not_to_say,33.png,REAL,REAL,1
2026-08-13 21:01:56,P292,13,,daily,prefer_not_to_say,34.png,REAL,REAL,1
2026-08-13 21:01:56,P292,13,,daily,prefer_not_to_say,35.png,REAL,AI,0
2026-08-13 21:01:56,P292,13,,daily,prefer_not_to_say,36.jpg,REAL,REAL,1
2026-08-13 21:01:56,P292,13,,daily,prefer_not_to_say,37.mp4,AI,REAL,0
2026-08-13 21:01:56,P292,13,,daily,prefer_not_to_say,38.mp4,AI,AI,1
2026-08-13 21:55:48,P293,50,,daily,female,1.jpg,AI,AI,1
2026-08-13 21:55:48,P293,50,,daily,female,2.jpg,REAL,REAL,1
2026-08-13 21:55:48,P293,50,,daily,female,3.jpg,REAL,REAL,1
2026-08-13 21:55:48,P293,50,,daily,female,4.mp4,AI,AI,1
2026-08-13 21:55:48,P293,50,,daily,female,5.png,REAL,AI,0
2026-08-13 21:55:48,P293,50,,daily,female,6.png,REAL,AI,0
2026-08-13 21:55:48,P293,50,,daily,female,7.jpeg,AI,REAL,0
2026-08-13 21:55:48,P293,50,,daily,female,8.avif,REAL,REAL,1
2026-08-13 21:55:48,P293,50,,daily,female,9.png,REAL,AI,0
2026-08-13 21:55:48,P293,50,,daily,female,10.webp,REAL,REAL,1
2026-08-13 21:55:48,P293,50,,daily,female,11.jpg,AI,REAL,0
2026-08-13 21:55:48,P293,50,,daily,female,12.png,REAL,AI,0
2026-08-13 21:55:48,P293,50,,daily,female,13.jpg,REAL,AI,0
2026-08-13 21:55:48,P293,50,,daily,female,14.mp4,AI,REAL,0
2026-08-13 21:55:48,P293,50,,daily,female,15.png,REAL,AI,0
2026-08-13 21:55:48,P293,50,,daily,female,16.mp4,REAL,REAL,1
2026-08-13 21:55:48,P293,50,,daily,female,17.mp4,AI,AI,1
2026-08-13 21:55:48,P293,50,,daily,female,18.png,AI,AI,1
2026-08-13 21:55:48,P293,50,,daily,female,19.png,REAL,REAL,1
2026-08-13 21:55:48,P293,50,,daily,female,20.png,REAL,AI,0
2026-08-13 21:55:48,P293,50,,daily,female,21.webp,REAL,AI,0
2026-08-13 21:55:48,P293,50,,daily,female,22.webp,REAL,REAL,1
2026-08-13 21:55:48,P293,50,,daily,female,23.jpg,REAL,REAL,1
2026-08-13 21:55:48,P293,50,,daily,female,24.mp4,AI,AI,1
2026-08-13 21:55:48,P293,50,,daily,female,25.mov,REAL,REAL,1
2026-08-13 21:55:48,P293,50,,daily,female,26.mov,AI,AI,1
2026-08-13 21:55:48,P293,50,,daily,female,27.jpeg,REAL,AI,0
2026-08-13 21:55:48,P293,50,,daily,female,28.jpg,REAL,REAL,1
2026-08-13 21:55:48,P293,50,,daily,female,29.png,REAL,REAL,1
2026-08-13 21:55:48,P293,50,,daily,female,30.jpg,REAL,REAL,1
2026-08-13 21:55:48,P293,50,,daily,female,31.jpg,AI,AI,1
2026-08-13 21:55:48,P293,50,,daily,female,32.png,REAL,AI,0
2026-08-13 21:55:48,P293,50,,daily,female,33.png,REAL,REAL,1
2026-08-13 21:55:48,P293,50,,daily,female,34.png,REAL,REAL,1
2026-08-13 21:55:48,P293,50,,daily,female,35.png,REAL,AI,0
2026-08-13 21:55:48,P293,50,,daily,female,36.jpg,AI,REAL,0
2026-08-13 21:55:48,P293,50,,daily,female,37.mp4,AI,REAL,0
2026-08-13 21:55:48,P293,50,,daily,female,38.mp4,REAL,AI,0
2026-08-14 07:05:01,P294,60,,daily,female,1.jpg,AI,AI,1
2026-08-14 07:05:01,P294,60,,daily,female,2.jpg,REAL,REAL,1
2026-08-14 07:05:01,P294,60,,daily,female,3.jpg,AI,REAL,0
2026-08-14 07:05:01,P294,60,,daily,female,4.mp4,REAL,AI,0
2026-08-14 07:05:01,P294,60,,daily,female,5.png,AI,AI,1
2026-08-14 07:05:01,P294,60,,daily,female,6.png,REAL,AI,0
2026-08-14 07:05:01,P294,60,,daily,female,7.jpeg,AI,REAL,0
2026-08-14 07:05:01,P294,60,,daily,female,8.avif,REAL,REAL,1
2026-08-14 07:05:01,P294,60,,daily,female,9.png,REAL,AI,0
2026-08-14 07:05:01,P294,60,,daily,female,10.webp,REAL,REAL,1
2026-08-14 07:05:01,P294,60,,daily,female,11.jpg,REAL,REAL,1
2026-08-14 07:05:01,P294,60,,daily,female,12.png,REAL,AI,0
2026-08-14 07:05:01,P294,60,,daily,female,13.jpg,REAL,AI,0
2026-08-14 07:05:01,P294,60,,daily,female,14.mp4,REAL,REAL,1
2026-08-14 07:05:01,P294,60,,daily,female,15.png,AI,AI,1
2026-08-14 07:05:01,P294,60,,daily,female,16.mp4,REAL,REAL,1
2026-08-14 07:05:01,P294,60,,daily,female,17.mp4,AI,AI,1
2026-08-14 07:05:01,P294,60,,daily,female,18.png,REAL,AI,0
2026-08-14 07:05:01,P294,60,,daily,female,19.png,AI,REAL,0
2026-08-14 07:05:01,P294,60,,daily,female,20.png,REAL,AI,0
2026-08-14 07:05:01,P294,60,,daily,female,21.webp,AI,AI,1
2026-08-14 07:05:01,P294,60,,daily,female,22.webp,AI,REAL,0
2026-08-14 07:05:01,P294,60,,daily,female,23.jpg,REAL,REAL,1
2026-08-14 07:05:01,P294,60,,daily,female,24.mp4,AI,AI,1
2026-08-14 07:05:01,P294,60,,daily,female,25.mov,REAL,REAL,1
2026-08-14 07:05:01,P294,60,,daily,female,26.mov,REAL,AI,0
2026-08-14 07:05:01,P294,60,,daily,female,27.jpeg,REAL,AI,0
2026-08-14 07:05:01,P294,60,,daily,female,28.jpg,REAL,REAL,1
2026-08-14 07:05:01,P294,60,,daily,female,29.png,AI,REAL,0
2026-08-14 07:05:01,P294,60,,daily,female,30.jpg,REAL,REAL,1
2026-08-14 07:05:01,P294,60,,daily,female,31.jpg,AI,AI,1
2026-08-14 07:05:01,P294,60,,daily,female,32.png,REAL,AI,0
2026-08-14 07:05:01,P294,60,,daily,female,33.png,REAL,REAL,1
2026-08-14 07:05:01,P294,60,,daily,female,34.png,REAL,REAL,1
2026-08-14 07:05:01,P294,60,,daily,female,35.png,REAL,AI,0
2026-08-14 07:05:01,P294,60,,daily,female,36.jpg,REAL,REAL,1
2026-08-14 07:05:01,P294,60,,daily,female,37.mp4,AI,REAL,0
2026-08-14 07:05:01,P294,60,,daily,female,38.mp4,AI,AI,1
2026-08-14 08:12:58,P295,25,,daily,male,1.jpg,REAL,AI,0
2026-08-14 08:12:58,P295,25,,daily,male,2.jpg,REAL,REAL,1
2026-08-14 08:12:58,P295,25,,daily,male,3.jpg,REAL,REAL,1
2026-08-14 08:12:58,P295,25,,daily,male,4.mp4,AI,AI,1
2026-08-14 08:12:58,P295,25,,daily,male,5.png,AI,AI,1
2026-08-14 08:12:58,P295,25,,daily,male,6.png,REAL,AI,0
2026-08-14 08:12:58,P295,25,,daily,male,7.jpeg,REAL,REAL,1
2026-08-14 08:12:58,P295,25,,daily,male,8.avif,REAL,REAL,1
2026-08-14 08:12:58,P295,25,,daily,male,9.png,REAL,AI,0
2026-08-14 08:12:58,P295,25,,daily,male,10.webp,REAL,REAL,1
2026-08-14 08:12:58,P295,25,,daily,male,11.jpg,REAL,REAL,1
2026-08-14 08:12:58,P295,25,,daily,male,12.png,AI,AI,1
2026-08-14 08:12:58,P295,25,,daily,male,13.jpg,REAL,AI,0
2026-08-14 08:12:58,P295,25,,daily,male,14.mp4,AI,REAL,0
2026-08-14 08:12:58,P295,25,,daily,male,15.png,AI,AI,1
2026-08-14 08:12:58,P295,25,,daily,male,16.mp4,REAL,REAL,1
2026-08-14 08:12:58,P295,25,,daily,male,17.mp4,AI,AI,1
2026-08-14 08:12:58,P295,25,,daily,male,18.png,AI,AI,1
2026-08-14 08:12:58,P295,25,,daily,male,19.png,REAL,REAL,1
2026-08-14 08:12:58,P295,25,,daily,male,20.png,AI,AI,1
2026-08-14 08:12:58,P295,25,,daily,male,21.webp,REAL,AI,0
2026-08-14 08:12:58,P295,25,,daily,male,22.webp,AI,REAL,0
2026-08-14 08:12:58,P295,25,,daily,male,23.jpg,REAL,REAL,1
2026-08-14 08:12:58,P295,25,,daily,male,24.mp4,AI,AI,1
2026-08-14 08:12:58,P295,25,,daily,male,25.mov,REAL,REAL,1
2026-08-14 08:12:58,P295,25,,daily,male,26.mov,AI,AI,1
2026-08-14 08:12:58,P295,25,,daily,male,27.jpeg,REAL,AI,0
2026-08-14 08:12:58,P295,25,,daily,male,28.jpg,REAL,REAL,1
2026-08-14 08:12:58,P295,25,,daily,male,29.png,REAL,REAL,1
2026-08-14 08:12:58,P295,25,,daily,male,30.jpg,REAL,REAL,1
2026-08-14 08:12:58,P295,25,,daily,male,31.jpg,REAL,AI,0
2026-08-14 08:12:58,P295,25,,daily,male,32.png,AI,AI,1
2026-08-14 08:12:58,P295,25,,daily,male,33.png,AI,REAL,0
2026-08-14 08:12:58,P295,25,,daily,male,34.png,AI,REAL,0
2026-08-14 08:12:58,P295,25,,daily,male,35.png,REAL,AI,0
2026-08-14 08:12:58,P295,25,,daily,male,36.jpg,REAL,REAL,1
2026-08-14 08:12:58,P295,25,,daily,male,37.mp4,REAL,REAL,1
2026-08-14 08:12:58,P295,25,,daily,male,38.mp4,REAL,AI,0
2026-08-14 09:57:46,P296,59,,frequently,male,1.jpg,AI,AI,1
2026-08-14 09:57:46,P296,59,,frequently,male,2.jpg,REAL,REAL,1
2026-08-14 09:57:46,P296,59,,frequently,male,3.jpg,AI,REAL,0
2026-08-14 09:57:46,P296,59,,frequently,male,4.mp4,REAL,AI,0
2026-08-14 09:57:46,P296,59,,frequently,male,5.png,REAL,AI,0
2026-08-14 09:57:46,P296,59,,frequently,male,6.png,REAL,AI,0
2026-08-14 09:57:46,P296,59,,frequently,male,7.jpeg,AI,REAL,0
2026-08-14 09:57:46,P296,59,,frequently,male,8.avif,AI,REAL,0
2026-08-14 09:57:46,P296,59,,frequently,male,9.png,AI,AI,1
2026-08-14 09:57:46,P296,59,,frequently,male,10.webp,REAL,REAL,1
2026-08-14 09:57:46,P296,59,,frequently,male,11.jpg,AI,REAL,0
2026-08-14 09:57:46,P296,59,,frequently,male,12.png,REAL,AI,0
2026-08-14 09:57:46,P296,59,,frequently,male,13.jpg,REAL,AI,0
2026-08-14 09:57:46,P296,59,,frequently,male,14.mp4,REAL,REAL,1
2026-08-14 09:57:46,P296,59,,frequently,male,15.png,REAL,AI,0
2026-08-14 09:57:46,P296,59,,frequently,male,16.mp4,AI,REAL,0
2026-08-14 09:57:46,P296,59,,frequently,male,17.mp4,AI,AI,1
2026-08-14 09:57:46,P296,59,,frequently,male,18.png,REAL,AI,0
2026-08-14 09:57:46,P296,59,,frequently,male,19.png,AI,REAL,0
2026-08-14 09:57:46,P296,59,,frequently,male,20.png,REAL,AI,0
2026-08-14 09:57:46,P296,59,,frequently,male,21.webp,REAL,AI,0
2026-08-14 09:57:46,P296,59,,frequently,male,22.webp,AI,REAL,0
2026-08-14 09:57:46,P296,59,,frequently,male,23.jpg,AI,REAL,0
2026-08-14 09:57:46,P296,59,,frequently,male,24.mp4,REAL,AI,0
2026-08-14 09:57:46,P296,59,,frequently,male,25.mov,REAL,REAL,1
2026-08-14 09:57:46,P296,59,,frequently,male,26.mov,REAL,AI,0
2026-08-14 09:57:46,P296,59,,frequently,male,27.jpeg,REAL,AI,0
2026-08-14 09:57:46,P296,59,,frequently,male,28.jpg,AI,REAL,0
2026-08-14 09:57:46,P296,59,,frequently,male,29.png,AI,REAL,0
2026-08-14 09:57:46,P296,59,,frequently,male,30.jpg,REAL,REAL,1
2026-08-14 09:57:46,P296,59,,frequently,male,31.jpg,AI,AI,1
2026-08-14 09:57:46,P296,59,,frequently,male,32.png,REAL,AI,0
2026-08-14 09:57:46,P296,59,,frequently,male,33.png,AI,REAL,0
2026-08-14 09:57:46,P296,59,,frequently,male,34.png,AI,REAL,0
2026-08-14 09:57:46,P296,59,,frequently,male,35.png,REAL,AI,0
2026-08-14 09:57:46,P296,59,,frequently,male,36.jpg,AI,REAL,0
2026-08-14 09:57:46,P296,59,,frequently,male,37.mp4,AI,REAL,0
2026-08-14 09:57:46,P296,59,,frequently,male,38.mp4,AI,AI,1
2026-08-14 19:56:02,P297,29,,never,male,1.jpg,REAL,AI,0
2026-08-14 19:56:02,P297,29,,never,male,2.jpg,REAL,REAL,1
2026-08-14 19:56:02,P297,29,,never,male,3.jpg,AI,REAL,0
2026-08-14 19:56:02,P297,29,,never,male,4.mp4,AI,AI,1
2026-08-14 19:56:02,P297,29,,never,male,5.png,AI,AI,1
2026-08-14 19:56:02,P297,29,,never,male,6.png,REAL,AI,0
2026-08-14 19:56:02,P297,29,,never,male,7.jpeg,AI,REAL,0
2026-08-14 19:56:02,P297,29,,never,male,8.avif,REAL,REAL,1
2026-08-14 19:56:02,P297,29,,never,male,9.png,REAL,AI,0
2026-08-14 19:56:02,P297,29,,never,male,10.webp,REAL,REAL,1
2026-08-14 19:56:02,P297,29,,never,male,11.jpg,REAL,REAL,1
2026-08-14 19:56:02,P297,29,,never,male,12.png,REAL,AI,0
2026-08-14 19:56:02,P297,29,,never,male,13.jpg,REAL,AI,0
2026-08-14 19:56:02,P297,29,,never,male,14.mp4,AI,REAL,0
2026-08-14 19:56:02,P297,29,,never,male,15.png,REAL,AI,0
2026-08-14 19:56:02,P297,29,,never,male,16.mp4,REAL,REAL,1
2026-08-14 19:56:02,P297,29,,never,male,17.mp4,AI,AI,1
2026-08-14 19:56:02,P297,29,,never,male,18.png,REAL,AI,0
2026-08-14 19:56:02,P297,29,,never,male,19.png,AI,REAL,0
2026-08-14 19:56:02,P297,29,,never,male,20.png,REAL,AI,0
2026-08-14 19:56:02,P297,29,,never,male,21.webp,AI,AI,1
2026-08-14 19:56:02,P297,29,,never,male,22.webp,AI,REAL,0
2026-08-14 19:56:02,P297,29,,never,male,23.jpg,REAL,REAL,1
2026-08-14 19:56:02,P297,29,,never,male,24.mp4,AI,AI,1
2026-08-14 19:56:02,P297,29,,never,male,25.mov,REAL,REAL,1
2026-08-14 19:56:02,P297,29,,never,male,26.mov,AI,AI,1
2026-08-14 19:56:02,P297,29,,never,male,27.jpeg,AI,AI,1
2026-08-14 19:56:02,P297,29,,never,male,28.jpg,AI,REAL,0
2026-08-14 19:56:02,P297,29,,never,male,29.png,REAL,REAL,1
2026-08-14 19:56:02,P297,29,,never,male,30.jpg,REAL,REAL,1
2026-08-14 19:56:02,P297,29,,never,male,31.jpg,REAL,AI,0
2026-08-14 19:56:02,P297,29,,never,male,32.png,AI,AI,1
2026-08-14 19:56:02,P297,29,,never,male,33.png,REAL,REAL,1
2026-08-14 19:56:02,P297,29,,never,male,34.png,REAL,REAL,1
2026-08-14 19:56:02,P297,29,,never,male,35.png,REAL,AI,0
2026-08-14 19:56:02,P297,29,,never,male,36.jpg,AI,REAL,0
2026-08-14 19:56:02,P297,29,,never,male,37.mp4,REAL,REAL,1
2026-08-14 19:56:02,P297,29,,never,male,38.mp4,REAL,AI,0
2026-08-14 20:00:46,P298,41,,frequently,female,1.jpg,AI,AI,1
2026-08-14 20:00:46,P298,41,,frequently,female,2.jpg,AI,REAL,0
2026-08-14 20:00:46,P298,41,,frequently,female,3.jpg,REAL,REAL,1
2026-08-14 20:00:46,P298,41,,frequently,female,4.mp4,REAL,AI,0
2026-08-14 20:00:46,P298,41,,frequently,female,5.png,AI,AI,1
2026-08-14 20:00:46,P298,41,,frequently,female,6.png,REAL,AI,0
2026-08-14 20:00:46,P298,41,,frequently,female,7.jpeg,REAL,REAL,1
2026-08-14 20:00:46,P298,41,,frequently,female,8.avif,AI,REAL,0
2026-08-14 20:00:46,P298,41,,frequently,female,9.png,REAL,AI,0
2026-08-14 20:00:46,P298,41,,frequently,female,10.webp,REAL,REAL,1
2026-08-14 20:00:46,P298,41,,frequently,female,11.jpg,AI,REAL,0
2026-08-14 20:00:46,P298,41,,frequently,female,12.png,REAL,AI,0
2026-08-14 20:00:46,P298,41,,frequently,female,13.jpg,REAL,AI,0
2026-08-14 20:00:46,P298,41,,frequently,female,14.mp4,AI,REAL,0
2026-08-14 20:00:46,P298,41,,frequently,female,15.png,AI,AI,1
2026-08-14 20:00:46,P298,41,,frequently,female,16.mp4,AI,REAL,0
2026-08-14 20:00:46,P298,41,,frequently,female,17.mp4,REAL,AI,0
2026-08-14 20:00:46,P298,41,,frequently,female,18.png,REAL,AI,0
2026-08-14 20:00:46,P298,41,,frequently,female,19.png,AI,REAL,0
2026-08-14 20:00:46,P298,41,,frequently,female,20.png,REAL,AI,0
2026-08-14 20:00:46,P298,41,,frequently,female,21.webp,REAL,AI,0
2026-08-14 20:00:46,P298,41,,frequently,female,22.webp,AI,REAL,0
2026-08-14 20:00:46,P298,41,,frequently,female,23.jpg,REAL,REAL,1
2026-08-14 20:00:46,P298,41,,frequently,female,24.mp4,AI,AI,1
2026-08-14 20:00:46,P298,41,,frequently,female,25.mov,REAL,REAL,1
2026-08-14 20:00:46,P298,41,,frequently,female,26.mov,AI,AI,1
2026-08-14 20:00:46,P298,41,,frequently,female,27.jpeg,REAL,AI,0
2026-08-14 20:00:46,P298,41,,frequently,female,28.jpg,REAL,REAL,1
2026-08-14 20:00:46,P298,41,,frequently,female,29.png,AI,REAL,0
2026-08-14 20:00:46,P298,41,,frequently,female,30.jpg,REAL,REAL,1
2026-08-14 20:00:46,P298,41,,frequently,female,31.jpg,REAL,AI,0
2026-08-14 20:00:46,P298,41,,frequently,female,32.png,REAL,AI,0
2026-08-14 20:00:46,P298,41,,frequently,female,33.png,AI,REAL,0
2026-08-14 20:00:46,P298,41,,frequently,female,34.png,REAL,REAL,1
2026-08-14 20:00:46,P298,41,,frequently,female,35.png,AI,AI,1
2026-08-14 20:00:46,P298,41,,frequently,female,36.jpg,AI,REAL,0
2026-08-14 20:00:46,P298,41,,frequently,female,37.mp4,AI,REAL,0
2026-08-14 20:00:46,P298,41,,frequently,female,38.mp4,AI,AI,1
2026-08-14 20:07:42,P299,50,,frequently,male,1.jpg,AI,AI,1
2026-08-14 20:07:42,P299,50,,frequently,male,2.jpg,REAL,REAL,1
2026-08-14 20:07:42,P299,50,,frequently,male,3.jpg,REAL,REAL,1
2026-08-14 20:07:42,P299,50,,frequently,male,4.mp4,REAL,AI,0
2026-08-14 20:07:42,P299,50,,frequently,male,5.png,REAL,AI,0
2026-08-14 20:07:42,P299,50,,frequently,male,6.png,REAL,AI,0
2026-08-14 20:07:42,P299,50,,frequently,male,7.jpeg,REAL,REAL,1
2026-08-14 20:07:42,P299,50,,frequently,male,8.avif,REAL,REAL,1
2026-08-14 20:07:42,P299,50,,frequently,male,9.png,REAL,AI,0
2026-08-14 20:07:42,P299,50,,frequently,male,10.webp,AI,REAL,0
2026-08-14 20:07:42,P299,50,,frequently,male,11.jpg,AI,REAL,0
2026-08-14 20:07:42,P299,50,,frequently,male,12.png,REAL,AI,0
2026-08-14 20:07:42,P299,50,,frequently,male,13.jpg,REAL,AI,0
2026-08-14 20:07:42,P299,50,,frequently,male,14.mp4,REAL,REAL,1
2026-08-14 20:07:42,P299,50,,frequently,male,15.png,AI,AI,1
2026-08-14 20:07:42,P299,50,,frequently,male,16.mp4,REAL,REAL,1
2026-08-14 20:07:42,P299,50,,frequently,male,17.mp4,AI,AI,1
2026-08-14 20:07:42,P299,50,,frequently,male,18.png,AI,AI,1
2026-08-14 20:07:42,P299,50,,frequently,male,19.png,AI,REAL,0
2026-08-14 20:07:42,P299,50,,frequently,male,20.png,AI,AI,1
2026-08-14 20:07:42,P299,50,,frequently,male,21.webp,AI,AI,1
2026-08-14 20:07:42,P299,50,,frequently,male,22.webp,AI,REAL,0
2026-08-14 20:07:42,P299,50,,frequently,male,23.jpg,REAL,REAL,1
2026-08-14 20:07:42,P299,50,,frequently,male,24.mp4,AI,AI,1
2026-08-14 20:07:42,P299,50,,frequently,male,25.mov,REAL,REAL,1
2026-08-14 20:07:42,P299,50,,frequently,male,26.mov,AI,AI,1
2026-08-14 20:07:42,P299,50,,frequently,male,27.jpeg,REAL,AI,0
2026-08-14 20:07:42,P299,50,,frequently,male,28.jpg,REAL,REAL,1
2026-08-14 20:07:42,P299,50,,frequently,male,29.png,AI,REAL,0
2026-08-14 20:07:42,P299,50,,frequently,male,30.jpg,AI,REAL,0
2026-08-14 20:07:42,P299,50,,frequently,male,31.jpg,AI,AI,1
2026-08-14 20:07:42,P299,50,,frequently,male,32.png,AI,AI,1
2026-08-14 20:07:42,P299,50,,frequently,male,33.png,AI,REAL,0
2026-08-14 20:07:42,P299,50,,frequently,male,34.png,REAL,REAL,1
2026-08-14 20:07:42,P299,50,,frequently,male,35.png,REAL,AI,0
2026-08-14 20:07:42,P299,50,,frequently,male,36.jpg,AI,REAL,0
2026-08-14 20:07:42,P299,50,,frequently,male,37.mp4,AI,REAL,0
2026-08-14 20:07:42,P299,50,,frequently,male,38.mp4,AI,AI,1
2026-08-14 20:08:44,P300,40,,daily,male,1.jpg,AI,AI,1
2026-08-14 20:08:44,P300,40,,daily,male,2.jpg,REAL,REAL,1
2026-08-14 20:08:44,P300,40,,daily,male,3.jpg,REAL,REAL,1
2026-08-14 20:08:44,P300,40,,daily,male,4.mp4,AI,AI,1
2026-08-14 20:08:44,P300,40,,daily,male,5.png,REAL,AI,0
2026-08-14 20:08:44,P300,40,,daily,male,6.png,REAL,AI,0
2026-08-14 20:08:44,P300,40,,daily,male,7.jpeg,REAL,REAL,1
2026-08-14 20:08:44,P300,40,,daily,male,8.avif,AI,REAL,0
2026-08-14 20:08:44,P300,40,,daily,male,9.png,REAL,AI,0
2026-08-14 20:08:44,P300,40,,daily,male,10.webp,REAL,REAL,1
2026-08-14 20:08:44,P300,40,,daily,male,11.jpg,AI,REAL,0
2026-08-14 20:08:44,P300,40,,daily,male,12.png,REAL,AI,0
2026-08-14 20:08:44,P300,40,,daily,male,13.jpg,REAL,AI,0
2026-08-14 20:08:44,P300,40,,daily,male,14.mp4,AI,REAL,0
2026-08-14 20:08:44,P300,40,,daily,male,15.png,REAL,AI,0
2026-08-14 20:08:44,P300,40,,daily,male,16.mp4,REAL,REAL,1
2026-08-14 20:08:44,P300,40,,daily,male,17.mp4,REAL,AI,0
2026-08-14 20:08:44,P300,40,,daily,male,18.png,REAL,AI,0
2026-08-14 20:08:44,P300,40,,daily,male,19.png,AI,REAL,0
2026-08-14 20:08:44,P300,40,,daily,male,20.png,REAL,AI,0
2026-08-14 20:08:44,P300,40,,daily,male,21.webp,REAL,AI,0
2026-08-14 20:08:44,P300,40,,daily,male,22.webp,REAL,REAL,1
2026-08-14 20:08:44,P300,40,,daily,male,23.jpg,REAL,REAL,1
2026-08-14 20:08:44,P300,40,,daily,male,24.mp4,REAL,AI,0
2026-08-14 20:08:44,P300,40,,daily,male,25.mov,REAL,REAL,1
2026-08-14 20:08:44,P300,40,,daily,male,26.mov,REAL,AI,0
2026-08-14 20:08:44,P300,40,,daily,male,27.jpeg,REAL,AI,0
2026-08-14 20:08:44,P300,40,,daily,male,28.jpg,REAL,REAL,1
2026-08-14 20:08:44,P300,40,,daily,male,29.png,REAL,REAL,1
2026-08-14 20:08:44,P300,40,,daily,male,30.jpg,AI,REAL,0
2026-08-14 20:08:44,P300,40,,daily,male,31.jpg,AI,AI,1
2026-08-14 20:08:44,P300,40,,daily,male,32.png,REAL,AI,0
2026-08-14 20:08:44,P300,40,,daily,male,33.png,REAL,REAL,1
2026-08-14 20:08:44,P300,40,,daily,male,34.png,REAL,REAL,1
2026-08-14 20:08:44,P300,40,,daily,male,35.png,AI,AI,1
2026-08-14 20:08:44,P300,40,,daily,male,36.jpg,AI,REAL,0
2026-08-14 20:08:44,P300,40,,daily,male,37.mp4,REAL,REAL,1
2026-08-14 20:08:44,P300,40,,daily,male,38.mp4,REAL,AI,0
2026-08-14 20:09:27,P301,49,,daily,prefer_not_to_say,1.jpg,REAL,AI,0
2026-08-14 20:09:27,P301,49,,daily,prefer_not_to_say,2.jpg,AI,REAL,0
2026-08-14 20:09:27,P301,49,,daily,prefer_not_to_say,3.jpg,AI,REAL,0
2026-08-14 20:09:27,P301,49,,daily,prefer_not_to_say,4.mp4,AI,AI,1
2026-08-14 20:09:27,P301,49,,daily,prefer_not_to_say,5.png,AI,AI,1
2026-08-14 20:09:27,P301,49,,daily,prefer_not_to_say,6.png,AI,AI,1
2026-08-14 20:09:27,P301,49,,daily,prefer_not_to_say,7.jpeg,REAL,REAL,1
2026-08-14 20:09:27,P301,49,,daily,prefer_not_to_say,8.avif,AI,REAL,0
2026-08-14 20:09:27,P301,49,,daily,prefer_not_to_say,9.png,REAL,AI,0
2026-08-14 20:09:27,P301,49,,daily,prefer_not_to_say,10.webp,AI,REAL,0
2026-08-14 20:09:27,P301,49,,daily,prefer_not_to_say,11.jpg,REAL,REAL,1
2026-08-14 20:09:27,P301,49,,daily,prefer_not_to_say,12.png,REAL,AI,0
2026-08-14 20:09:27,P301,49,,daily,prefer_not_to_say,13.jpg,REAL,AI,0
2026-08-14 20:09:27,P301,49,,daily,prefer_not_to_say,14.mp4,AI,REAL,0
2026-08-14 20:09:27,P301,49,,daily,prefer_not_to_say,15.png,AI,AI,1
2026-08-14 20:09:27,P301,49,,daily,prefer_not_to_say,16.mp4,REAL,REAL,1
2026-08-14 20:09:27,P301,49,,daily,prefer_not_to_say,17.mp4,AI,AI,1
2026-08-14 20:09:27,P301,49,,daily,prefer_not_to_say,18.png,REAL,AI,0
2026-08-14 20:09:27,P301,49,,daily,prefer_not_to_say,19.png,AI,REAL,0
2026-08-14 20:09:27,P301,49,,daily,prefer_not_to_say,20.png,AI,AI,1
2026-08-14 20:09:27,P301,49,,daily,prefer_not_to_say,21.webp,AI,AI,1
2026-08-14 20:09:27,P301,49,,daily,prefer_not_to_say,22.webp,REAL,REAL,1
2026-08-14 20:09:27,P301,49,,daily,prefer_not_to_say,23.jpg,REAL,REAL,1
2026-08-14 20:09:27,P301,49,,daily,prefer_not_to_say,24.mp4,REAL,AI,0
2026-08-14 20:09:27,P301,49,,daily,prefer_not_to_say,25.mov,REAL,REAL,1
2026-08-14 20:09:27,P301,49,,daily,prefer_not_to_say,26.mov,AI,AI,1
2026-08-14 20:09:27,P301,49,,daily,prefer_not_to_say,27.jpeg,REAL,AI,0
2026-08-14 20:09:27,P301,49,,daily,prefer_not_to_say,28.jpg,REAL,REAL,1
2026-08-14 20:09:27,P301,49,,daily,prefer_not_to_say,29.png,AI,REAL,0
2026-08-14 20:09:27,P301,49,,daily,prefer_not_to_say,30.jpg,AI,REAL,0
2026-08-14 20:09:27,P301,49,,daily,prefer_not_to_say,31.jpg,REAL,AI,0
2026-08-14 20:09:27,P301,49,,daily,prefer_not_to_say,32.png,REAL,AI,0
2026-08-14 20:09:27,P301,49,,daily,prefer_not_to_say,33.png,AI,REAL,0
2026-08-14 20:09:27,P301,49,,daily,prefer_not_to_say,34.png,AI,REAL,0
2026-08-14 20:09:27,P301,49,,daily,prefer_not_to_say,35.png,REAL,AI,0
2026-08-14 20:09:27,P301,49,,daily,prefer_not_to_say,36.jpg,REAL,REAL,1
2026-08-14 20:09:27,P301,49,,daily,prefer_not_to_say,37.mp4,AI,REAL,0
2026-08-14 20:09:27,P301,49,,daily,prefer_not_to_say,38.mp4,REAL,AI,0
2026-08-14 23:39:08,P302,21,,daily,female,1.jpg,AI,AI,1
2026-08-14 23:39:08,P302,21,,daily,female,2.jpg,REAL,REAL,1
2026-08-14 23:39:08,P302,21,,daily,female,3.jpg,AI,REAL,0
2026-08-14 23:39:08,P302,21,,daily,female,4.mp4,REAL,AI,0
2026-08-14 23:39:08,P302,21,,daily,female,5.png,REAL,AI,0
2026-08-14 23:39:08,P302,21,,daily,female,6.png,REAL,AI,0
2026-08-14 23:39:08,P302,21,,daily,female,7.jpeg,AI,REAL,0
2026-08-14 23:39:08,P302,21,,daily,female,8.avif,AI,REAL,0
2026-08-14 23:39:08,P302,21,,daily,female,9.png,REAL,AI,0
2026-08-14 23:39:08,P302,21,,daily,female,10.webp,AI,REAL,0
2026-08-14 23:39:08,P302,21,,daily,female,11.jpg,REAL,REAL,1
2026-08-14 23:39:08,P302,21,,daily,female,12.png,AI,AI,1
2026-08-14 23:39:08,P302,21,,daily,female,13.jpg,REAL,AI,0
2026-08-14 23:39:08,P302,21,,daily,female,14.mp4,AI,REAL,0
2026-08-14 23:39:08,P302,21,,daily,female,15.png,AI,AI,1
2026-08-14 23:39:08,P302,21,,daily,female,16.mp4,AI,REAL,0
2026-08-14 23:39:08,P302,21,,daily,female,17.mp4,AI,AI,1
2026-08-14 23:39:08,P302,21,,daily,female,18.png,AI,AI,1
2026-08-14 23:39:08,P302,21,,daily,female,19.png,REAL,REAL,1
2026-08-14 23:39:08,P302,21,,daily,female,20.png,REAL,AI,0
2026-08-14 23:39:08,P302,21,,daily,female,21.webp,AI,AI,1
2026-08-14 23:39:08,P302,21,,daily,female,22.webp,AI,REAL,0
2026-08-14 23:39:08,P302,21,,daily,female,23.jpg,REAL,REAL,1
2026-08-14 23:39:08,P302,21,,daily,female,24.mp4,AI,AI,1
2026-08-14 23:39:08,P302,21,,daily,female,25.mov,REAL,REAL,1
2026-08-14 23:39:08,P302,21,,daily,female,26.mov,AI,AI,1
2026-08-14 23:39:08,P302,21,,daily,female,27.jpeg,REAL,AI,0
2026-08-14 23:39:08,P302,21,,daily,female,28.jpg,REAL,REAL,1
2026-08-14 23:39:08,P302,21,,daily,female,29.png,REAL,REAL,1
2026-08-14 23:39:08,P302,21,,daily,female,30.jpg,AI,REAL,0
2026-08-14 23:39:08,P302,21,,daily,female,31.jpg,AI,AI,1
2026-08-14 23:39:08,P302,21,,daily,female,32.png,REAL,AI,0
2026-08-14 23:39:08,P302,21,,daily,female,33.png,REAL,REAL,1
2026-08-14 23:39:08,P302,21,,daily,female,34.png,REAL,REAL,1
2026-08-14 23:39:08,P302,21,,daily,female,35.png,AI,AI,1
2026-08-14 23:39:08,P302,21,,daily,female,36.jpg,REAL,REAL,1
2026-08-14 23:39:08,P302,21,,daily,female,37.mp4,AI,REAL,0
2026-08-14 23:39:08,P302,21,,daily,female,38.mp4,AI,AI,1
2026-08-15 00:36:27,P303,22,,daily,female,1.jpg,AI,AI,1
2026-08-15 00:36:27,P303,22,,daily,female,2.jpg,REAL,REAL,1
2026-08-15 00:36:27,P303,22,,daily,female,3.jpg,REAL,REAL,1
2026-08-15 00:36:27,P303,22,,daily,female,4.mp4,AI,AI,1
2026-08-15 00:36:27,P303,22,,daily,female,5.png,REAL,AI,0
2026-08-15 00:36:27,P303,22,,daily,female,6.png,REAL,AI,0
2026-08-15 00:36:27,P303,22,,daily,female,7.jpeg,AI,REAL,0
2026-08-15 00:36:27,P303,22,,daily,female,8.avif,REAL,REAL,1
2026-08-15 00:36:27,P303,22,,daily,female,9.png,REAL,AI,0
2026-08-15 00:36:27,P303,22,,daily,female,10.webp,REAL,REAL,1
2026-08-15 00:36:27,P303,22,,daily,female,11.jpg,AI,REAL,0
2026-08-15 00:36:27,P303,22,,daily,female,12.png,AI,AI,1
2026-08-15 00:36:27,P303,22,,daily,female,13.jpg,REAL,AI,0
2026-08-15 00:36:27,P303,22,,daily,female,14.mp4,REAL,REAL,1
2026-08-15 00:36:27,P303,22,,daily,female,15.png,AI,AI,1
2026-08-15 00:36:27,P303,22,,daily,female,16.mp4,AI,REAL,0
2026-08-15 00:36:27,P303,22,,daily,female,17.mp4,REAL,AI,0
2026-08-15 00:36:27,P303,22,,daily,female,18.png,AI,AI,1
2026-08-15 00:36:27,P303,22,,daily,female,19.png,AI,REAL,0
2026-08-15 00:36:27,P303,22,,daily,female,20.png,REAL,AI,0
2026-08-15 00:36:27,P303,22,,daily,female,21.webp,REAL,AI,0
2026-08-15 00:36:27,P303,22,,daily,female,22.webp,AI,REAL,0
2026-08-15 00:36:27,P303,22,,daily,female,23.jpg,REAL,REAL,1
2026-08-15 00:36:27,P303,22,,daily,female,24.mp4,AI,AI,1
2026-08-15 00:36:27,P303,22,,daily,female,25.mov,AI,REAL,0
2026-08-15 00:36:27,P303,22,,daily,female,26.mov,REAL,AI,0
2026-08-15 00:36:27,P303,22,,daily,female,27.jpeg,REAL,AI,0
2026-08-15 00:36:27,P303,22,,daily,female,28.jpg,REAL,REAL,1
2026-08-15 00:36:27,P303,22,,daily,female,29.png,AI,REAL,0
2026-08-15 00:36:27,P303,22,,daily,female,30.jpg,REAL,REAL,1
2026-08-15 00:36:27,P303,22,,daily,female,31.jpg,AI,AI,1
2026-08-15 00:36:27,P303,22,,daily,female,32.png,REAL,AI,0
2026-08-15 00:36:27,P303,22,,daily,female,33.png,REAL,REAL,1
2026-08-15 00:36:27,P303,22,,daily,female,34.png,REAL,REAL,1
2026-08-15 00:36:27,P303,22,,daily,female,35.png,AI,AI,1
2026-08-15 00:36:27,P303,22,,daily,female,36.jpg,AI,REAL,0
2026-08-15 00:36:27,P303,22,,daily,female,37.mp4,REAL,REAL,1
2026-08-15 00:36:27,P303,22,,daily,female,38.mp4,AI,AI,1
2026-08-15 07:39:08,P304,50,,frequently,female,1.jpg,AI,AI,1
2026-08-15 07:39:08,P304,50,,frequently,female,2.jpg,AI,REAL,0
2026-08-15 07:39:08,P304,50,,frequently,female,3.jpg,AI,REAL,0
2026-08-15 07:39:08,P304,50,,frequently,female,4.mp4,REAL,AI,0
2026-08-15 07:39:08,P304,50,,frequently,female,5.png,REAL,AI,0
2026-08-15 07:39:08,P304,50,,frequently,female,6.png,REAL,AI,0
2026-08-15 07:39:08,P304,50,,frequently,female,7.jpeg,AI,REAL,0
2026-08-15 07:39:08,P304,50,,frequently,female,8.avif,AI,REAL,0
2026-08-15 07:39:08,P304,50,,frequently,female,9.png,REAL,AI,0
2026-08-15 07:39:08,P304,50,,frequently,female,10.webp,REAL,REAL,1
2026-08-15 07:39:08,P304,50,,frequently,female,11.jpg,REAL,REAL,1
2026-08-15 07:39:08,P304,50,,frequently,female,12.png,REAL,AI,0
2026-08-15 07:39:08,P304,50,,frequently,female,13.jpg,REAL,AI,0
2026-08-15 07:39:08,P304,50,,frequently,female,14.mp4,AI,REAL,0
2026-08-15 07:39:08,P304,50,,frequently,female,15.png,AI,AI,1
2026-08-15 07:39:08,P304,50,,frequently,female,16.mp4,AI,REAL,0
2026-08-15 07:39:08,P304,50,,frequently,female,17.mp4,AI,AI,1
2026-08-15 07:39:08,P304,50,,frequently,female,18.png,AI,AI,1
2026-08-15 07:39:08,P304,50,,frequently,female,19.png,REAL,REAL,1
2026-08-15 07:39:08,P304,50,,frequently,female,20.png,REAL,AI,0
2026-08-15 07:39:08,P304,50,,frequently,female,21.webp,AI,AI,1
2026-08-15 07:39:08,P304,50,,frequently,female,22.webp,AI,REAL,0
2026-08-15 07:39:08,P304,50,,frequently,female,23.jpg,REAL,REAL,1
2026-08-15 07:39:08,P304,50,,frequently,female,24.mp4,AI,AI,1
2026-08-15 07:39:08,P304,50,,frequently,female,25.mov,REAL,REAL,1
2026-08-15 07:39:08,P304,50,,frequently,female,26.mov,AI,AI,1
2026-08-15 07:39:08,P304,50,,frequently,female,27.jpeg,AI,AI,1
2026-08-15 07:39:08,P304,50,,frequently,female,28.jpg,AI,REAL,0
2026-08-15 07:39:08,P304,50,,frequently,female,29.png,REAL,REAL,1
2026-08-15 07:39:08,P304,50,,frequently,female,30.jpg,REAL,REAL,1
2026-08-15 07:39:08,P304,50,,frequently,female,31.jpg,AI,AI,1
2026-08-15 07:39:08,P304,50,,frequently,female,32.png,REAL,AI,0
2026-08-15 07:39:08,P304,50,,frequently,female,33.png,REAL,REAL,1
2026-08-15 07:39:08,P304,50,,frequently,female,34.png,REAL,REAL,1
2026-08-15 07:39:08,P304,50,,frequently,female,35.png,REAL,AI,0
2026-08-15 07:39:08,P304,50,,frequently,female,36.jpg,REAL,REAL,1
2026-08-15 07:39:08,P304,50,,frequently,female,37.mp4,AI,REAL,0
2026-08-15 07:39:08,P304,50,,frequently,female,38.mp4,REAL,AI,0
2026-08-15 08:53:26,P305,35,,frequently,female,1.jpg,AI,AI,1
2026-08-15 08:53:26,P305,35,,frequently,female,2.jpg,AI,REAL,0
2026-08-15 08:53:26,P305,35,,frequently,female,3.jpg,AI,REAL,0
2026-08-15 08:53:26,P305,35,,frequently,female,4.mp4,REAL,AI,0
2026-08-15 08:53:26,P305,35,,frequently,female,5.png,REAL,AI,0
2026-08-15 08:53:26,P305,35,,frequently,female,6.png,REAL,AI,0
2026-08-15 08:53:26,P305,35,,frequently,female,7.jpeg,REAL,REAL,1
2026-08-15 08:53:26,P305,35,,frequently,female,8.avif,AI,REAL,0
2026-08-15 08:53:26,P305,35,,frequently,female,9.png,AI,AI,1
2026-08-15 08:53:26,P305,35,,frequently,female,10.webp,AI,REAL,0
2026-08-15 08:53:26,P305,35,,frequently,female,11.jpg,AI,REAL,0
2026-08-15 08:53:26,P305,35,,frequently,female,12.png,REAL,AI,0
2026-08-15 08:53:26,P305,35,,frequently,female,13.jpg,REAL,AI,0
2026-08-15 08:53:26,P305,35,,frequently,female,14.mp4,AI,REAL,0
2026-08-15 08:53:26,P305,35,,frequently,female,15.png,AI,AI,1
2026-08-15 08:53:26,P305,35,,frequently,female,16.mp4,AI,REAL,0
2026-08-15 08:53:26,P305,35,,frequently,female,17.mp4,AI,AI,1
2026-08-15 08:53:26,P305,35,,frequently,female,18.png,AI,AI,1
2026-08-15 08:53:26,P305,35,,frequently,female,19.png,AI,REAL,0
2026-08-15 08:53:26,P305,35,,frequently,female,20.png,REAL,AI,0
2026-08-15 08:53:26,P305,35,,frequently,female,21.webp,REAL,AI,0
2026-08-15 08:53:26,P305,35,,frequently,female,22.webp,REAL,REAL,1
2026-08-15 08:53:26,P305,35,,frequently,female,23.jpg,REAL,REAL,1
2026-08-15 08:53:26,P305,35,,frequently,female,24.mp4,AI,AI,1
2026-08-15 08:53:26,P305,35,,frequently,female,25.mov,AI,REAL,0
2026-08-15 08:53:26,P305,35,,frequently,female,26.mov,REAL,AI,0
2026-08-15 08:53:26,P305,35,,frequently,female,27.jpeg,REAL,AI,0
2026-08-15 08:53:26,P305,35,,frequently,female,28.jpg,REAL,REAL,1
2026-08-15 08:53:26,P305,35,,frequently,female,29.png,REAL,REAL,1
2026-08-15 08:53:26,P305,35,,frequently,female,30.jpg,REAL,REAL,1
2026-08-15 08:53:26,P305,35,,frequently,female,31.jpg,AI,AI,1
2026-08-15 08:53:26,P305,35,,frequently,female,32.png,REAL,AI,0
2026-08-15 08:53:26,P305,35,,frequently,female,33.png,REAL,REAL,1
2026-08-15 08:53:26,P305,35,,frequently,female,34.png,REAL,REAL,1
2026-08-15 08:53:26,P305,35,,frequently,female,35.png,AI,AI,1
2026-08-15 08:53:26,P305,35,,frequently,female,36.jpg,AI,REAL,0
2026-08-15 08:53:26,P305,35,,frequently,female,37.mp4,AI,REAL,0
2026-08-15 08:53:26,P305,35,,frequently,female,38.mp4,AI,AI,1
2026-08-15 09:43:15,P306,15,,occasionally,female,1.jpg,AI,AI,1
2026-08-15 09:43:15,P306,15,,occasionally,female,2.jpg,REAL,REAL,1
2026-08-15 09:43:15,P306,15,,occasionally,female,3.jpg,AI,REAL,0
2026-08-15 09:43:15,P306,15,,occasionally,female,4.mp4,AI,AI,1
2026-08-15 09:43:15,P306,15,,occasionally,female,5.png,REAL,AI,0
2026-08-15 09:43:15,P306,15,,occasionally,female,6.png,AI,AI,1
2026-08-15 09:43:15,P306,15,,occasionally,female,7.jpeg,AI,REAL,0
2026-08-15 09:43:15,P306,15,,occasionally,female,8.avif,AI,REAL,0
2026-08-15 09:43:15,P306,15,,occasionally,female,9.png,REAL,AI,0
2026-08-15 09:43:15,P306,15,,occasionally,female,10.webp,REAL,REAL,1
2026-08-15 09:43:15,P306,15,,occasionally,female,11.jpg,REAL,REAL,1
2026-08-15 09:43:15,P306,15,,occasionally,female,12.png,AI,AI,1
2026-08-15 09:43:15,P306,15,,occasionally,female,13.jpg,REAL,AI,0
2026-08-15 09:43:15,P306,15,,occasionally,female,14.mp4,AI,REAL,0
2026-08-15 09:43:15,P306,15,,occasionally,female,15.png,AI,AI,1
2026-08-15 09:43:15,P306,15,,occasionally,female,16.mp4,AI,REAL,0
2026-08-15 09:43:15,P306,15,,occasionally,female,17.mp4,AI,AI,1
2026-08-15 09:43:15,P306,15,,occasionally,female,18.png,AI,AI,1
2026-08-15 09:43:15,P306,15,,occasionally,female,19.png,AI,REAL,0
2026-08-15 09:43:15,P306,15,,occasionally,female,20.png,AI,AI,1
2026-08-15 09:43:15,P306,15,,occasionally,female,21.webp,AI,AI,1
2026-08-15 09:43:15,P306,15,,occasionally,female,22.webp,AI,REAL,0
2026-08-15 09:43:15,P306,15,,occasionally,female,23.jpg,REAL,REAL,1
2026-08-15 09:43:15,P306,15,,occasionally,female,24.mp4,REAL,AI,0
2026-08-15 09:43:15,P306,15,,occasionally,female,25.mov,REAL,REAL,1
2026-08-15 09:43:15,P306,15,,occasionally,female,26.mov,REAL,AI,0
2026-08-15 09:43:15,P306,15,,occasionally,female,27.jpeg,REAL,AI,0
2026-08-15 09:43:15,P306,15,,occasionally,female,28.jpg,REAL,REAL,1
2026-08-15 09:43:15,P306,15,,occasionally,female,29.png,REAL,REAL,1
2026-08-15 09:43:15,P306,15,,occasionally,female,30.jpg,REAL,REAL,1
2026-08-15 09:43:15,P306,15,,occasionally,female,31.jpg,AI,AI,1
2026-08-15 09:43:15,P306,15,,occasionally,female,32.png,REAL,AI,0
2026-08-15 09:43:15,P306,15,,occasionally,female,33.png,REAL,REAL,1
2026-08-15 09:43:15,P306,15,,occasionally,female,34.png,REAL,REAL,1
2026-08-15 09:43:15,P306,15,,occasionally,female,35.png,AI,AI,1
2026-08-15 09:43:15,P306,15,,occasionally,female,36.jpg,REAL,REAL,1
2026-08-15 09:43:15,P306,15,,occasionally,female,37.mp4,REAL,REAL,1
2026-08-15 09:43:15,P306,15,,occasionally,female,38.mp4,REAL,AI,0
2026-08-15 09:48:02,P307,52,,daily,male,1.jpg,AI,AI,1
2026-08-15 09:48:02,P307,52,,daily,male,2.jpg,AI,REAL,0
2026-08-15 09:48:02,P307,52,,daily,male,3.jpg,AI,REAL,0
2026-08-15 09:48:02,P307,52,,daily,male,4.mp4,AI,AI,1
2026-08-15 09:48:02,P307,52,,daily,male,5.png,REAL,AI,0
2026-08-15 09:48:02,P307,52,,daily,male,6.png,AI,AI,1
2026-08-15 09:48:02,P307,52,,daily,male,7.jpeg,AI,REAL,0
2026-08-15 09:48:02,P307,52,,daily,male,8.avif,REAL,REAL,1
2026-08-15 09:48:02,P307,52,,daily,male,9.png,REAL,AI,0
2026-08-15 09:48:02,P307,52,,daily,male,10.webp,REAL,REAL,1
2026-08-15 09:48:02,P307,52,,daily,male,11.jpg,AI,REAL,0
2026-08-15 09:48:02,P307,52,,daily,male,12.png,REAL,AI,0
2026-08-15 09:48:02,P307,52,,daily,male,13.jpg,REAL,AI,0
2026-08-15 09:48:02,P307,52,,daily,male,14.mp4,AI,REAL,0
2026-08-15 09:48:02,P307,52,,daily,male,15.png,AI,AI,1
2026-08-15 09:48:02,P307,52,,daily,male,16.mp4,AI,REAL,0
2026-08-15 09:48:02,P307,52,,daily,male,17.mp4,AI,AI,1
2026-08-15 09:48:02,P307,52,,daily,male,18.png,REAL,AI,0
2026-08-15 09:48:02,P307,52,,daily,male,19.png,REAL,REAL,1
2026-08-15 09:48:02,P307,52,,daily,male,20.png,AI,AI,1
2026-08-15 09:48:02,P307,52,,daily,male,21.webp,AI,AI,1
2026-08-15 09:48:02,P307,52,,daily,male,22.webp,AI,REAL,0
2026-08-15 09:48:02,P307,52,,daily,male,23.jpg,REAL,REAL,1
2026-08-15 09:48:02,P307,52,,daily,male,24.mp4,AI,AI,1
2026-08-15 09:48:02,P307,52,,daily,male,25.mov,AI,REAL,0
2026-08-15 09:48:02,P307,52,,daily,male,26.mov,AI,AI,1
2026-08-15 09:48:02,P307,52,,daily,male,27.jpeg,REAL,AI,0
2026-08-15 09:48:02,P307,52,,daily,male,28.jpg,REAL,REAL,1
2026-08-15 09:48:02,P307,52,,daily,male,29.png,AI,REAL,0
2026-08-15 09:48:02,P307,52,,daily,male,30.jpg,REAL,REAL,1
2026-08-15 09:48:02,P307,52,,daily,male,31.jpg,REAL,AI,0
2026-08-15 09:48:02,P307,52,,daily,male,32.png,REAL,AI,0
2026-08-15 09:48:02,P307,52,,daily,male,33.png,REAL,REAL,1
2026-08-15 09:48:02,P307,52,,daily,male,34.png,REAL,REAL,1
2026-08-15 09:48:02,P307,52,,daily,male,35.png,REAL,AI,0
2026-08-15 09:48:02,P307,52,,daily,male,36.jpg,AI,REAL,0
2026-08-15 09:48:02,P307,52,,daily,male,37.mp4,AI,REAL,0
2026-08-15 09:48:02,P307,52,,daily,male,38.mp4,REAL,AI,0
2026-08-15 13:19:43,P308,73,,daily,female,1.jpg,REAL,AI,0
2026-08-15 13:19:43,P308,73,,daily,female,2.jpg,REAL,REAL,1
2026-08-15 13:19:43,P308,73,,daily,female,3.jpg,REAL,REAL,1
2026-08-15 13:19:43,P308,73,,daily,female,4.mp4,AI,AI,1
2026-08-15 13:19:43,P308,73,,daily,female,5.png,REAL,AI,0
2026-08-15 13:19:43,P308,73,,daily,female,6.png,REAL,AI,0
2026-08-15 13:19:43,P308,73,,daily,female,7.jpeg,AI,REAL,0
2026-08-15 13:19:43,P308,73,,daily,female,8.avif,AI,REAL,0
2026-08-15 13:19:43,P308,73,,daily,female,9.png,REAL,AI,0
2026-08-15 13:19:43,P308,73,,daily,female,10.webp,REAL,REAL,1
2026-08-15 13:19:43,P308,73,,daily,female,11.jpg,REAL,REAL,1
2026-08-15 13:19:43,P308,73,,daily,female,12.png,REAL,AI,0
2026-08-15 13:19:43,P308,73,,daily,female,13.jpg,REAL,AI,0
2026-08-15 13:19:43,P308,73,,daily,female,14.mp4,AI,REAL,0
2026-08-15 13:19:43,P308,73,,daily,female,15.png,REAL,AI,0
2026-08-15 13:19:43,P308,73,,daily,female,16.mp4,AI,REAL,0
2026-08-15 13:19:43,P308,73,,daily,female,17.mp4,REAL,AI,0
2026-08-15 13:19:43,P308,73,,daily,female,18.png,REAL,AI,0
2026-08-15 13:19:43,P308,73,,daily,female,19.png,REAL,REAL,1
2026-08-15 13:19:43,P308,73,,daily,female,20.png,REAL,AI,0
2026-08-15 13:19:43,P308,73,,daily,female,21.webp,REAL,AI,0
2026-08-15 13:19:43,P308,73,,daily,female,22.webp,AI,REAL,0
2026-08-15 13:19:43,P308,73,,daily,female,23.jpg,REAL,REAL,1
2026-08-15 13:19:43,P308,73,,daily,female,24.mp4,REAL,AI,0
2026-08-15 13:19:43,P308,73,,daily,female,25.mov,REAL,REAL,1
2026-08-15 13:19:43,P308,73,,daily,female,26.mov,REAL,AI,0
2026-08-15 13:19:43,P308,73,,daily,female,27.jpeg,REAL,AI,0
2026-08-15 13:19:43,P308,73,,daily,female,28.jpg,AI,REAL,0
2026-08-15 13:19:43,P308,73,,daily,female,29.png,AI,REAL,0
2026-08-15 13:19:43,P308,73,,daily,female,30.jpg,AI,REAL,0
2026-08-15 13:19:43,P308,73,,daily,female,31.jpg,REAL,AI,0
2026-08-15 13:19:43,P308,73,,daily,female,32.png,REAL,AI,0
2026-08-15 13:19:43,P308,73,,daily,female,33.png,REAL,REAL,1
2026-08-15 13:19:43,P308,73,,daily,female,34.png,REAL,REAL,1
2026-08-15 13:19:43,P308,73,,daily,female,35.png,REAL,AI,0
2026-08-15 13:19:43,P308,73,,daily,female,36.jpg,REAL,REAL,1
2026-08-15 13:19:43,P308,73,,daily,female,37.mp4,AI,REAL,0
2026-08-15 13:19:43,P308,73,,daily,female,38.mp4,REAL,AI,0
2026-08-15 13:20:05,P309,21,,daily,male,1.jpg,REAL,AI,0
2026-08-15 13:20:05,P309,21,,daily,male,2.jpg,REAL,REAL,1
2026-08-15 13:20:05,P309,21,,daily,male,3.jpg,REAL,REAL,1
2026-08-15 13:20:05,P309,21,,daily,male,4.mp4,AI,AI,1
2026-08-15 13:20:05,P309,21,,daily,male,5.png,AI,AI,1
2026-08-15 13:20:05,P309,21,,daily,male,6.png,AI,AI,1
2026-08-15 13:20:05,P309,21,,daily,male,7.jpeg,AI,REAL,0
2026-08-15 13:20:05,P309,21,,daily,male,8.avif,REAL,REAL,1
2026-08-15 13:20:05,P309,21,,daily,male,9.png,AI,AI,1
2026-08-15 13:20:05,P309,21,,daily,male,10.webp,AI,REAL,0
2026-08-15 13:20:05,P309,21,,daily,male,11.jpg,AI,REAL,0
2026-08-15 13:20:05,P309,21,,daily,male,12.png,AI,AI,1
2026-08-15 13:20:05,P309,21,,daily,male,13.jpg,REAL,AI,0
2026-08-15 13:20:05,P309,21,,daily,male,14.mp4,AI,REAL,0
2026-08-15 13:20:05,P309,21,,daily,male,15.png,AI,AI,1
2026-08-15 13:20:05,P309,21,,daily,male,16.mp4,REAL,REAL,1
2026-08-15 13:20:05,P309,21,,daily,male,17.mp4,AI,AI,1
2026-08-15 13:20:05,P309,21,,daily,male,18.png,AI,AI,1
2026-08-15 13:20:05,P309,21,,daily,male,19.png,REAL,REAL,1
2026-08-15 13:20:05,P309,21,,daily,male,20.png,REAL,AI,0
2026-08-15 13:20:05,P309,21,,daily,male,21.webp,REAL,AI,0
2026-08-15 13:20:05,P309,21,,daily,male,22.webp,AI,REAL,0
2026-08-15 13:20:05,P309,21,,daily,male,23.jpg,REAL,REAL,1
2026-08-15 13:20:05,P309,21,,daily,male,24.mp4,REAL,AI,0
2026-08-15 13:20:05,P309,21,,daily,male,25.mov,REAL,REAL,1
2026-08-15 13:20:05,P309,21,,daily,male,26.mov,REAL,AI,0
2026-08-15 13:20:05,P309,21,,daily,male,27.jpeg,REAL,AI,0
2026-08-15 13:20:05,P309,21,,daily,male,28.jpg,REAL,REAL,1
2026-08-15 13:20:05,P309,21,,daily,male,29.png,REAL,REAL,1
2026-08-15 13:20:05,P309,21,,daily,male,30.jpg,AI,REAL,0
2026-08-15 13:20:05,P309,21,,daily,male,31.jpg,AI,AI,1
2026-08-15 13:20:05,P309,21,,daily,male,32.png,REAL,AI,0
2026-08-15 13:20:05,P309,21,,daily,male,33.png,REAL,REAL,1
2026-08-15 13:20:05,P309,21,,daily,male,34.png,REAL,REAL,1
2026-08-15 13:20:05,P309,21,,daily,male,35.png,REAL,AI,0
2026-08-15 13:20:05,P309,21,,daily,male,36.jpg,REAL,REAL,1
2026-08-15 13:20:05,P309,21,,daily,male,37.mp4,REAL,REAL,1
2026-08-15 13:20:05,P309,21,,daily,male,38.mp4,AI,AI,1
2026-08-15 13:21:19,P310,49,,daily,male,1.jpg,AI,AI,1
2026-08-15 13:21:19,P310,49,,daily,male,2.jpg,REAL,REAL,1
2026-08-15 13:21:19,P310,49,,daily,male,3.jpg,REAL,REAL,1
2026-08-15 13:21:19,P310,49,,daily,male,4.mp4,REAL,AI,0
2026-08-15 13:21:19,P310,49,,daily,male,5.png,REAL,AI,0
2026-08-15 13:21:19,P310,49,,daily,male,6.png,AI,AI,1
2026-08-15 13:21:19,P310,49,,daily,male,7.jpeg,REAL,REAL,1
2026-08-15 13:21:19,P310,49,,daily,male,8.avif,AI,REAL,0
2026-08-15 13:21:19,P310,49,,daily,male,9.png,REAL,AI,0
2026-08-15 13:21:19,P310,49,,daily,male,10.webp,AI,REAL,0
2026-08-15 13:21:19,P310,49,,daily,male,11.jpg,REAL,REAL,1
2026-08-15 13:21:19,P310,49,,daily,male,12.png,REAL,AI,0
2026-08-15 13:21:19,P310,49,,daily,male,13.jpg,REAL,AI,0
2026-08-15 13:21:19,P310,49,,daily,male,14.mp4,AI,REAL,0
2026-08-15 13:21:19,P310,49,,daily,male,15.png,REAL,AI,0
2026-08-15 13:21:19,P310,49,,daily,male,16.mp4,AI,REAL,0
2026-08-15 13:21:19,P310,49,,daily,male,17.mp4,AI,AI,1
2026-08-15 13:21:19,P310,49,,daily,male,18.png,AI,AI,1
2026-08-15 13:21:19,P310,49,,daily,male,19.png,REAL,REAL,1
2026-08-15 13:21:19,P310,49,,daily,male,20.png,REAL,AI,0
2026-08-15 13:21:19,P310,49,,daily,male,21.webp,REAL,AI,0
2026-08-15 13:21:19,P310,49,,daily,male,22.webp,AI,REAL,0
2026-08-15 13:21:19,P310,49,,daily,male,23.jpg,AI,REAL,0
2026-08-15 13:21:19,P310,49,,daily,male,24.mp4,REAL,AI,0
2026-08-15 13:21:19,P310,49,,daily,male,25.mov,REAL,REAL,1
2026-08-15 13:21:19,P310,49,,daily,male,26.mov,AI,AI,1
2026-08-15 13:21:19,P310,49,,daily,male,27.jpeg,REAL,AI,0
2026-08-15 13:21:19,P310,49,,daily,male,28.jpg,AI,REAL,0
2026-08-15 13:21:19,P310,49,,daily,male,29.png,REAL,REAL,1
2026-08-15 13:21:19,P310,49,,daily,male,30.jpg,AI,REAL,0
2026-08-15 13:21:19,P310,49,,daily,male,31.jpg,AI,AI,1
2026-08-15 13:21:19,P310,49,,daily,male,32.png,REAL,AI,0
2026-08-15 13:21:19,P310,49,,daily,male,33.png,REAL,REAL,1
2026-08-15 13:21:19,P310,49,,daily,male,34.png,REAL,REAL,1
2026-08-15 13:21:19,P310,49,,daily,male,35.png,REAL,AI,0
2026-08-15 13:21:19,P310,49,,daily,male,36.jpg,AI,REAL,0
2026-08-15 13:21:19,P310,49,,daily,male,37.mp4,AI,REAL,0
2026-08-15 13:21:19,P310,49,,daily,male,38.mp4,AI,AI,1
2026-08-15 13:22:27,P311,47,,frequently,female,1.jpg,AI,AI,1
2026-08-15 13:22:27,P311,47,,frequently,female,2.jpg,REAL,REAL,1
2026-08-15 13:22:27,P311,47,,frequently,female,3.jpg,REAL,REAL,1
2026-08-15 13:22:27,P311,47,,frequently,female,4.mp4,AI,AI,1
2026-08-15 13:22:27,P311,47,,frequently,female,5.png,AI,AI,1
2026-08-15 13:22:27,P311,47,,frequently,female,6.png,REAL,AI,0
2026-08-15 13:22:27,P311,47,,frequently,female,7.jpeg,AI,REAL,0
2026-08-15 13:22:27,P311,47,,frequently,female,8.avif,REAL,REAL,1
2026-08-15 13:22:27,P311,47,,frequently,female,9.png,AI,AI,1
2026-08-15 13:22:27,P311,47,,frequently,female,10.webp,REAL,REAL,1
2026-08-15 13:22:27,P311,47,,frequently,female,11.jpg,AI,REAL,0
2026-08-15 13:22:27,P311,47,,frequently,female,12.png,REAL,AI,0
2026-08-15 13:22:27,P311,47,,frequently,female,13.jpg,REAL,AI,0
2026-08-15 13:22:27,P311,47,,frequently,female,14.mp4,AI,REAL,0
2026-08-15 13:22:27,P311,47,,frequently,female,15.png,REAL,AI,0
2026-08-15 13:22:27,P311,47,,frequently,female,16.mp4,REAL,REAL,1
2026-08-15 13:22:27,P311,47,,frequently,female,17.mp4,AI,AI,1
2026-08-15 13:22:27,P311,47,,frequently,female,18.png,REAL,AI,0
2026-08-15 13:22:27,P311,47,,frequently,female,19.png,AI,REAL,0
2026-08-15 13:22:27,P311,47,,frequently,female,20.png,AI,AI,1
2026-08-15 13:22:27,P311,47,,frequently,female,21.webp,REAL,AI,0
2026-08-15 13:22:27,P311,47,,frequently,female,22.webp,AI,REAL,0
2026-08-15 13:22:27,P311,47,,frequently,female,23.jpg,REAL,REAL,1
2026-08-15 13:22:27,P311,47,,frequently,female,24.mp4,REAL,AI,0
2026-08-15 13:22:27,P311,47,,frequently,female,25.mov,AI,REAL,0
2026-08-15 13:22:27,P311,47,,frequently,female,26.mov,AI,AI,1
2026-08-15 13:22:27,P311,47,,frequently,female,27.jpeg,AI,AI,1
2026-08-15 13:22:27,P311,47,,frequently,female,28.jpg,AI,REAL,0
2026-08-15 13:22:27,P311,47,,frequently,female,29.png,REAL,REAL,1
2026-08-15 13:22:27,P311,47,,frequently,female,30.jpg,AI,REAL,0
2026-08-15 13:22:27,P311,47,,frequently,female,31.jpg,AI,AI,1
2026-08-15 13:22:27,P311,47,,frequently,female,32.png,REAL,AI,0
2026-08-15 13:22:27,P311,47,,frequently,female,33.png,REAL,REAL,1
2026-08-15 13:22:27,P311,47,,frequently,female,34.png,REAL,REAL,1
2026-08-15 13:22:27,P311,47,,frequently,female,35.png,REAL,AI,0
2026-08-15 13:22:27,P311,47,,frequently,female,36.jpg,REAL,REAL,1
2026-08-15 13:22:27,P311,47,,frequently,female,37.mp4,REAL,REAL,1
2026-08-15 13:22:27,P311,47,,frequently,female,38.mp4,AI,AI,1
2026-08-15 13:27:45,P312,44,,daily,male,1.jpg,REAL,AI,0
2026-08-15 13:27:45,P312,44,,daily,male,2.jpg,AI,REAL,0
2026-08-15 13:27:45,P312,44,,daily,male,3.jpg,AI,REAL,0
2026-08-15 13:27:45,P312,44,,daily,male,4.mp4,REAL,AI,0
2026-08-15 13:27:45,P312,44,,daily,male,5.png,AI,AI,1
2026-08-15 13:27:45,P312,44,,daily,male,6.png,REAL,AI,0
2026-08-15 13:27:45,P312,44,,daily,male,7.jpeg,AI,REAL,0
2026-08-15 13:27:45,P312,44,,daily,male,8.avif,AI,REAL,0
2026-08-15 13:27:45,P312,44,,daily,male,9.png,AI,AI,1
2026-08-15 13:27:45,P312,44,,daily,male,10.webp,REAL,REAL,1
2026-08-15 13:27:45,P312,44,,daily,male,11.jpg,AI,REAL,0
2026-08-15 13:27:45,P312,44,,daily,male,12.png,REAL,AI,0
2026-08-15 13:27:45,P312,44,,daily,male,13.jpg,REAL,AI,0
2026-08-15 13:27:45,P312,44,,daily,male,14.mp4,AI,REAL,0
2026-08-15 13:27:45,P312,44,,daily,male,15.png,REAL,AI,0
2026-08-15 13:27:45,P312,44,,daily,male,16.mp4,AI,REAL,0
2026-08-15 13:27:45,P312,44,,daily,male,17.mp4,REAL,AI,0
2026-08-15 13:27:45,P312,44,,daily,male,18.png,REAL,AI,0
2026-08-15 13:27:45,P312,44,,daily,male,19.png,AI,REAL,0
2026-08-15 13:27:45,P312,44,,daily,male,20.png,AI,AI,1
2026-08-15 13:27:45,P312,44,,daily,male,21.webp,REAL,AI,0
2026-08-15 13:27:45,P312,44,,daily,male,22.webp,AI,REAL,0
2026-08-15 13:27:45,P312,44,,daily,male,23.jpg,REAL,REAL,1
2026-08-15 13:27:45,P312,44,,daily,male,24.mp4,REAL,AI,0
2026-08-15 13:27:45,P312,44,,daily,male,25.mov,REAL,REAL,1
2026-08-15 13:27:45,P312,44,,daily,male,26.mov,REAL,AI,0
2026-08-15 13:27:45,P312,44,,daily,male,27.jpeg,REAL,AI,0
2026-08-15 13:27:45,P312,44,,daily,male,28.jpg,REAL,REAL,1
2026-08-15 13:27:45,P312,44,,daily,male,29.png,AI,REAL,0
2026-08-15 13:27:45,P312,44,,daily,male,30.jpg,REAL,REAL,1
2026-08-15 13:27:45,P312,44,,daily,male,31.jpg,AI,AI,1
2026-08-15 13:27:45,P312,44,,daily,male,32.png,REAL,AI,0
2026-08-15 13:27:45,P312,44,,daily,male,33.png,REAL,REAL,1
2026-08-15 13:27:45,P312,44,,daily,male,34.png,REAL,REAL,1
2026-08-15 13:27:45,P312,44,,daily,male,35.png,AI,AI,1
2026-08-15 13:27:45,P312,44,,daily,male,36.jpg,REAL,REAL,1
2026-08-15 13:27:45,P312,44,,daily,male,37.mp4,AI,REAL,0
2026-08-15 13:27:45,P312,44,,daily,male,38.mp4,AI,AI,1
2026-08-16 11:21:05,P313,20,,daily,female,1.jpg,AI,AI,1
2026-08-16 11:21:05,P313,20,,daily,female,2.jpg,AI,REAL,0
2026-08-16 11:21:05,P313,20,,daily,female,3.jpg,REAL,REAL,1
2026-08-16 11:21:05,P313,20,,daily,female,4.mp4,AI,AI,1
2026-08-16 11:21:05,P313,20,,daily,female,5.png,REAL,AI,0
2026-08-16 11:21:05,P313,20,,daily,female,6.png,REAL,AI,0
2026-08-16 11:21:05,P313,20,,daily,female,7.jpeg,REAL,REAL,1
2026-08-16 11:21:05,P313,20,,daily,female,8.avif,AI,REAL,0
2026-08-16 11:21:05,P313,20,,daily,female,9.png,REAL,AI,0
2026-08-16 11:21:05,P313,20,,daily,female,10.webp,AI,REAL,0
2026-08-16 11:21:05,P313,20,,daily,female,11.jpg,AI,REAL,0
2026-08-16 11:21:05,P313,20,,daily,female,12.png,REAL,AI,0
2026-08-16 11:21:05,P313,20,,daily,female,13.jpg,AI,AI,1
2026-08-16 11:21:05,P313,20,,daily,female,14.mp4,AI,REAL,0
2026-08-16 11:21:05,P313,20,,daily,female,15.png,AI,AI,1
2026-08-16 11:21:05,P313,20,,daily,female,16.mp4,REAL,REAL,1
2026-08-16 11:21:05,P313,20,,daily,female,17.mp4,REAL,AI,0
2026-08-16 11:21:05,P313,20,,daily,female,18.png,REAL,AI,0
2026-08-16 11:21:05,P313,20,,daily,female,19.png,AI,REAL,0
2026-08-16 11:21:05,P313,20,,daily,female,20.png,REAL,AI,0
2026-08-16 11:21:05,P313,20,,daily,female,21.webp,AI,AI,1
2026-08-16 11:21:05,P313,20,,daily,female,22.webp,REAL,REAL,1
2026-08-16 11:21:05,P313,20,,daily,female,23.jpg,REAL,REAL,1
2026-08-16 11:21:05,P313,20,,daily,female,24.mp4,AI,AI,1
2026-08-16 11:21:05,P313,20,,daily,female,25.mov,AI,REAL,0
2026-08-16 11:21:05,P313,20,,daily,female,26.mov,AI,AI,1
2026-08-16 11:21:05,P313,20,,daily,female,27.jpeg,AI,AI,1
2026-08-16 11:21:05,P313,20,,daily,female,28.jpg,REAL,REAL,1
2026-08-16 11:21:05,P313,20,,daily,female,29.png,AI,REAL,0
2026-08-16 11:21:05,P313,20,,daily,female,30.jpg,AI,REAL,0
2026-08-16 11:21:05,P313,20,,daily,female,31.jpg,AI,AI,1
2026-08-16 11:21:05,P313,20,,daily,female,32.png,REAL,AI,0
2026-08-16 11:21:05,P313,20,,daily,female,33.png,REAL,REAL,1
2026-08-16 11:21:05,P313,20,,daily,female,34.png,REAL,REAL,1
2026-08-16 11:21:05,P313,20,,daily,female,35.png,REAL,AI,0
2026-08-16 11:21:05,P313,20,,daily,female,36.jpg,AI,REAL,0
2026-08-16 11:21:05,P313,20,,daily,female,37.mp4,REAL,REAL,1
2026-08-16 11:21:05,P313,20,,daily,female,38.mp4,AI,AI,1
2026-08-16 13:50:20,P314,78,,never,male,1.jpg,AI,AI,1
2026-08-16 13:50:20,P314,78,,never,male,2.jpg,REAL,REAL,1
2026-08-16 13:50:20,P314,78,,never,male,3.jpg,REAL,REAL,1
2026-08-16 13:50:20,P314,78,,never,male,4.mp4,AI,AI,1
2026-08-16 13:50:20,P314,78,,never,male,5.png,AI,AI,1
2026-08-16 13:50:20,P314,78,,never,male,6.png,AI,AI,1
2026-08-16 13:50:20,P314,78,,never,male,7.jpeg,AI,REAL,0
2026-08-16 13:50:20,P314,78,,never,male,8.avif,REAL,REAL,1
2026-08-16 13:50:20,P314,78,,never,male,9.png,AI,AI,1
2026-08-16 13:50:20,P314,78,,never,male,10.webp,REAL,REAL,1
2026-08-16 13:50:20,P314,78,,never,male,11.jpg,AI,REAL,0
2026-08-16 13:50:20,P314,78,,never,male,12.png,REAL,AI,0
2026-08-16 13:50:20,P314,78,,never,male,13.jpg,REAL,AI,0
2026-08-16 13:50:20,P314,78,,never,male,14.mp4,AI,REAL,0
2026-08-16 13:50:20,P314,78,,never,male,15.png,REAL,AI,0
2026-08-16 13:50:20,P314,78,,never,male,16.mp4,AI,REAL,0
2026-08-16 13:50:20,P314,78,,never,male,17.mp4,REAL,AI,0
2026-08-16 13:50:20,P314,78,,never,male,18.png,REAL,AI,0
2026-08-16 13:50:20,P314,78,,never,male,19.png,REAL,REAL,1
2026-08-16 13:50:20,P314,78,,never,male,20.png,AI,AI,1
2026-08-16 13:50:20,P314,78,,never,male,21.webp,REAL,AI,0
2026-08-16 13:50:20,P314,78,,never,male,22.webp,REAL,REAL,1
2026-08-16 13:50:20,P314,78,,never,male,23.jpg,REAL,REAL,1
2026-08-16 13:50:20,P314,78,,never,male,24.mp4,REAL,AI,0
2026-08-16 13:50:20,P314,78,,never,male,25.mov,REAL,REAL,1
2026-08-16 13:50:20,P314,78,,never,male,26.mov,AI,AI,1
2026-08-16 13:50:20,P314,78,,never,male,27.jpeg,AI,AI,1
2026-08-16 13:50:20,P314,78,,never,male,28.jpg,REAL,REAL,1
2026-08-16 13:50:20,P314,78,,never,male,29.png,AI,REAL,0
2026-08-16 13:50:20,P314,78,,never,male,30.jpg,AI,REAL,0
2026-08-16 13:50:20,P314,78,,never,male,31.jpg,REAL,AI,0
2026-08-16 13:50:20,P314,78,,never,male,32.png,AI,AI,1
2026-08-16 13:50:20,P314,78,,never,male,33.png,REAL,REAL,1
2026-08-16 13:50:20,P314,78,,never,male,34.png,REAL,REAL,1
2026-08-16 13:50:20,P314,78,,never,male,35.png,REAL,AI,0
2026-08-16 13:50:20,P314,78,,never,male,36.jpg,AI,REAL,0
2026-08-16 13:50:20,P314,78,,never,male,37.mp4,REAL,REAL,1
2026-08-16 13:50:20,P314,78,,never,male,38.mp4,AI,AI,1
2026-08-16 21:14:56,P315,50,,daily,male,1.jpg,AI,AI,1
2026-08-16 21:14:56,P315,50,,daily,male,2.jpg,REAL,REAL,1
2026-08-16 21:14:56,P315,50,,daily,male,3.jpg,AI,REAL,0
2026-08-16 21:14:56,P315,50,,daily,male,4.mp4,AI,AI,1
2026-08-16 21:14:56,P315,50,,daily,male,5.png,REAL,AI,0
2026-08-16 21:14:56,P315,50,,daily,male,6.png,REAL,AI,0
2026-08-16 21:14:56,P315,50,,daily,male,7.jpeg,AI,REAL,0
2026-08-16 21:14:56,P315,50,,daily,male,8.avif,REAL,REAL,1
2026-08-16 21:14:56,P315,50,,daily,male,9.png,REAL,AI,0
2026-08-16 21:14:56,P315,50,,daily,male,10.webp,REAL,REAL,1
2026-08-16 21:14:56,P315,50,,daily,male,11.jpg,AI,REAL,0
2026-08-16 21:14:56,P315,50,,daily,male,12.png,REAL,AI,0
2026-08-16 21:14:56,P315,50,,daily,male,13.jpg,REAL,AI,0
2026-08-16 21:14:56,P315,50,,daily,male,14.mp4,REAL,REAL,1
2026-08-16 21:14:56,P315,50,,daily,male,15.png,REAL,AI,0
2026-08-16 21:14:56,P315,50,,daily,male,16.mp4,REAL,REAL,1
2026-08-16 21:14:56,P315,50,,daily,male,17.mp4,AI,AI,1
2026-08-16 21:14:56,P315,50,,daily,male,18.png,AI,AI,1
2026-08-16 21:14:56,P315,50,,daily,male,19.png,AI,REAL,0
2026-08-16 21:14:56,P315,50,,daily,male,20.png,REAL,AI,0
2026-08-16 21:14:56,P315,50,,daily,male,21.webp,REAL,AI,0
2026-08-16 21:14:56,P315,50,,daily,male,22.webp,REAL,REAL,1
2026-08-16 21:14:56,P315,50,,daily,male,23.jpg,REAL,REAL,1
2026-08-16 21:14:56,P315,50,,daily,male,24.mp4,REAL,AI,0
2026-08-16 21:14:56,P315,50,,daily,male,25.mov,REAL,REAL,1
2026-08-16 21:14:56,P315,50,,daily,male,26.mov,AI,AI,1
2026-08-16 21:14:56,P315,50,,daily,male,27.jpeg,REAL,AI,0
2026-08-16 21:14:56,P315,50,,daily,male,28.jpg,REAL,REAL,1
2026-08-16 21:14:56,P315,50,,daily,male,29.png,AI,REAL,0
2026-08-16 21:14:56,P315,50,,daily,male,30.jpg,REAL,REAL,1
2026-08-16 21:14:56,P315,50,,daily,male,31.jpg,AI,AI,1
2026-08-16 21:14:56,P315,50,,daily,male,32.png,AI,AI,1
2026-08-16 21:14:56,P315,50,,daily,male,33.png,REAL,REAL,1
2026-08-16 21:14:56,P315,50,,daily,male,34.png,AI,REAL,0
2026-08-16 21:14:56,P315,50,,daily,male,35.png,REAL,AI,0
2026-08-16 21:14:56,P315,50,,daily,male,36.jpg,AI,REAL,0
2026-08-16 21:14:56,P315,50,,daily,male,37.mp4,AI,REAL,0
2026-08-16 21:14:56,P315,50,,daily,male,38.mp4,REAL,AI,0
2026-08-17 05:43:23,P316,46,,never,male,1.jpg,REAL,AI,0
2026-08-17 05:43:23,P316,46,,never,male,2.jpg,AI,REAL,0
2026-08-17 05:43:23,P316,46,,never,male,3.jpg,AI,REAL,0
2026-08-17 05:43:23,P316,46,,never,male,4.mp4,AI,AI,1
2026-08-17 05:43:23,P316,46,,never,male,5.png,REAL,AI,0
2026-08-17 05:43:23,P316,46,,never,male,6.png,REAL,AI,0
2026-08-17 05:43:23,P316,46,,never,male,7.jpeg,AI,REAL,0
2026-08-17 05:43:23,P316,46,,never,male,8.avif,REAL,REAL,1
2026-08-17 05:43:23,P316,46,,never,male,9.png,REAL,AI,0
2026-08-17 05:43:23,P316,46,,never,male,10.webp,AI,REAL,0
2026-08-17 05:43:23,P316,46,,never,male,11.jpg,AI,REAL,0
2026-08-17 05:43:23,P316,46,,never,male,12.png,AI,AI,1
2026-08-17 05:43:23,P316,46,,never,male,13.jpg,REAL,AI,0
2026-08-17 05:43:23,P316,46,,never,male,14.mp4,AI,REAL,0
2026-08-17 05:43:23,P316,46,,never,male,15.png,AI,AI,1
2026-08-17 05:43:23,P316,46,,never,male,16.mp4,AI,REAL,0
2026-08-17 05:43:23,P316,46,,never,male,17.mp4,REAL,AI,0
2026-08-17 05:43:23,P316,46,,never,male,18.png,AI,AI,1
2026-08-17 05:43:23,P316,46,,never,male,19.png,AI,REAL,0
2026-08-17 05:43:23,P316,46,,never,male,20.png,AI,AI,1
2026-08-17 05:43:23,P316,46,,never,male,21.webp,REAL,AI,0
2026-08-17 05:43:23,P316,46,,never,male,22.webp,AI,REAL,0
2026-08-17 05:43:23,P316,46,,never,male,23.jpg,REAL,REAL,1
2026-08-17 05:43:23,P316,46,,never,male,24.mp4,REAL,AI,0
2026-08-17 05:43:23,P316,46,,never,male,25.mov,REAL,REAL,1
2026-08-17 05:43:23,P316,46,,never,male,26.mov,AI,AI,1
2026-08-17 05:43:23,P316,46,,never,male,27.jpeg,REAL,AI,0
2026-08-17 05:43:23,P316,46,,never,male,28.jpg,REAL,REAL,1
2026-08-17 05:43:23,P316,46,,never,male,29.png,AI,REAL,0
2026-08-17 05:43:23,P316,46,,never,male,30.jpg,AI,REAL,0
2026-08-17 05:43:23,P316,46,,never,male,31.jpg,AI,AI,1
2026-08-17 05:43:23,P316,46,,never,male,32.png,REAL,AI,0
2026-08-17 05:43:23,P316,46,,never,male,33.png,AI,REAL,0
2026-08-17 05:43:23,P316,46,,never,male,34.png,REAL,REAL,1
2026-08-17 05:43:23,P316,46,,never,male,35.png,AI,AI,1
2026-08-17 05:43:23,P316,46,,never,male,36.jpg,REAL,REAL,1
2026-08-17 05:43:23,P316,46,,never,male,37.mp4,REAL,REAL,1
2026-08-17 05:43:23,P316,46,,never,male,38.mp4,AI,AI,1
2026-08-17 08:23:47,P317,16,,daily,female,1.jpg,AI,AI,1
2026-08-17 08:23:47,P317,16,,daily,female,2.jpg,REAL,REAL,1
2026-08-17 08:23:47,P317,16,,daily,female,3.jpg,REAL,REAL,1
2026-08-17 08:23:47,P317,16,,daily,female,4.mp4,REAL,AI,0
2026-08-17 08:23:47,P317,16,,daily,female,5.png,REAL,AI,0
2026-08-17 08:23:47,P317,16,,daily,female,6.png,REAL,AI,0
2026-08-17 08:23:47,P317,16,,daily,female,7.jpeg,REAL,REAL,1
2026-08-17 08:23:47,P317,16,,daily,female,8.avif,REAL,REAL,1
2026-08-17 08:23:47,P317,16,,daily,female,9.png,AI,AI,1
2026-08-17 08:23:47,P317,16,,daily,female,10.webp,REAL,REAL,1
2026-08-17 08:23:47,P317,16,,daily,female,11.jpg,REAL,REAL,1
2026-08-17 08:23:47,P317,16,,daily,female,12.png,REAL,AI,0
2026-08-17 08:23:47,P317,16,,daily,female,13.jpg,REAL,AI,0
2026-08-17 08:23:47,P317,16,,daily,female,14.mp4,AI,REAL,0
2026-08-17 08:23:47,P317,16,,daily,female,15.png,AI,AI,1
2026-08-17 08:23:47,P317,16,,daily,female,16.mp4,AI,REAL,0
2026-08-17 08:23:47,P317,16,,daily,female,17.mp4,REAL,AI,0
2026-08-17 08:23:47,P317,16,,daily,female,18.png,REAL,AI,0
2026-08-17 08:23:47,P317,16,,daily,female,19.png,AI,REAL,0
2026-08-17 08:23:47,P317,16,,daily,female,20.png,REAL,AI,0
2026-08-17 08:23:47,P317,16,,daily,female,21.webp,REAL,AI,0
2026-08-17 08:23:47,P317,16,,daily,female,22.webp,AI,REAL,0
2026-08-17 08:23:47,P317,16,,daily,female,23.jpg,REAL,REAL,1
2026-08-17 08:23:47,P317,16,,daily,female,24.mp4,AI,AI,1
2026-08-17 08:23:47,P317,16,,daily,female,25.mov,REAL,REAL,1
2026-08-17 08:23:47,P317,16,,daily,female,26.mov,AI,AI,1
2026-08-17 08:23:47,P317,16,,daily,female,27.jpeg,REAL,AI,0
2026-08-17 08:23:47,P317,16,,daily,female,28.jpg,REAL,REAL,1
2026-08-17 08:23:47,P317,16,,daily,female,29.png,REAL,REAL,1
2026-08-17 08:23:47,P317,16,,daily,female,30.jpg,REAL,REAL,1
2026-08-17 08:23:47,P317,16,,daily,female,31.jpg,AI,AI,1
2026-08-17 08:23:47,P317,16,,daily,female,32.png,REAL,AI,0
2026-08-17 08:23:47,P317,16,,daily,female,33.png,AI,REAL,0
2026-08-17 08:23:47,P317,16,,daily,female,34.png,AI,REAL,0
2026-08-17 08:23:47,P317,16,,daily,female,35.png,AI,AI,1
2026-08-17 08:23:47,P317,16,,daily,female,36.jpg,REAL,REAL,1
2026-08-17 08:23:47,P317,16,,daily,female,37.mp4,AI,REAL,0
2026-08-17 08:23:47,P317,16,,daily,female,38.mp4,REAL,AI,0
2026-08-17 10:20:21,P318,33,,daily,female,1.jpg,AI,AI,1
2026-08-17 10:20:21,P318,33,,daily,female,2.jpg,REAL,REAL,1
2026-08-17 10:20:21,P318,33,,daily,female,3.jpg,AI,REAL,0
2026-08-17 10:20:21,P318,33,,daily,female,4.mp4,AI,AI,1
2026-08-17 10:20:21,P318,33,,daily,female,5.png,REAL,AI,0
2026-08-17 10:20:21,P318,33,,daily,female,6.png,REAL,AI,0
2026-08-17 10:20:21,P318,33,,daily,female,7.jpeg,AI,REAL,0
2026-08-17 10:20:21,P318,33,,daily,female,8.avif,AI,REAL,0
2026-08-17 10:20:21,P318,33,,daily,female,9.png,REAL,AI,0
2026-08-17 10:20:21,P318,33,,daily,female,10.webp,REAL,REAL,1
2026-08-17 10:20:21,P318,33,,daily,female,11.jpg,AI,REAL,0
2026-08-17 10:20:21,P318,33,,daily,female,12.png,AI,AI,1
2026-08-17 10:20:21,P318,33,,daily,female,13.jpg,REAL,AI,0
2026-08-17 10:20:21,P318,33,,daily,female,14.mp4,AI,REAL,0
2026-08-17 10:20:21,P318,33,,daily,female,15.png,AI,AI,1
2026-08-17 10:20:21,P318,33,,daily,female,16.mp4,REAL,REAL,1
2026-08-17 10:20:21,P318,33,,daily,female,17.mp4,AI,AI,1
2026-08-17 10:20:21,P318,33,,daily,female,18.png,REAL,AI,0
2026-08-17 10:20:21,P318,33,,daily,female,19.png,AI,REAL,0
2026-08-17 10:20:21,P318,33,,daily,female,20.png,AI,AI,1
2026-08-17 10:20:21,P318,33,,daily,female,21.webp,REAL,AI,0
2026-08-17 10:20:21,P318,33,,daily,female,22.webp,AI,REAL,0
2026-08-17 10:20:21,P318,33,,daily,female,23.jpg,REAL,REAL,1
2026-08-17 10:20:21,P318,33,,daily,female,24.mp4,REAL,AI,0
2026-08-17 10:20:21,P318,33,,daily,female,25.mov,REAL,REAL,1
2026-08-17 10:20:21,P318,33,,daily,female,26.mov,REAL,AI,0
2026-08-17 10:20:21,P318,33,,daily,female,27.jpeg,REAL,AI,0
2026-08-17 10:20:21,P318,33,,daily,female,28.jpg,REAL,REAL,1
2026-08-17 10:20:21,P318,33,,daily,female,29.png,AI,REAL,0
2026-08-17 10:20:21,P318,33,,daily,female,30.jpg,REAL,REAL,1
2026-08-17 10:20:21,P318,33,,daily,female,31.jpg,AI,AI,1
2026-08-17 10:20:21,P318,33,,daily,female,32.png,AI,AI,1
2026-08-17 10:20:21,P318,33,,daily,female,33.png,AI,REAL,0
2026-08-17 10:20:21,P318,33,,daily,female,34.png,REAL,REAL,1
2026-08-17 10:20:21,P318,33,,daily,female,35.png,REAL,AI,0
2026-08-17 10:20:21,P318,33,,daily,female,36.jpg,REAL,REAL,1
2026-08-17 10:20:21,P318,33,,daily,female,37.mp4,REAL,REAL,1
2026-08-17 10:20:21,P318,33,,daily,female,38.mp4,AI,AI,1
2026-08-17 10:34:05,P319,22,,daily,male,1.jpg,AI,AI,1
2026-08-17 10:34:05,P319,22,,daily,male,2.jpg,REAL,REAL,1
2026-08-17 10:34:05,P319,22,,daily,male,3.jpg,AI,REAL,0
2026-08-17 10:34:05,P319,22,,daily,male,4.mp4,REAL,AI,0
2026-08-17 10:34:05,P319,22,,daily,male,5.png,AI,AI,1
2026-08-17 10:34:05,P319,22,,daily,male,6.png,REAL,AI,0
2026-08-17 10:34:05,P319,22,,daily,male,7.jpeg,AI,REAL,0
2026-08-17 10:34:05,P319,22,,daily,male,8.avif,AI,REAL,0
2026-08-17 10:34:05,P319,22,,daily,male,9.png,REAL,AI,0
2026-08-17 10:34:05,P319,22,,daily,male,10.webp,AI,REAL,0
2026-08-17 10:34:05,P319,22,,daily,male,11.jpg,AI,REAL,0
2026-08-17 10:34:05,P319,22,,daily,male,12.png,REAL,AI,0
2026-08-17 10:34:05,P319,22,,daily,male,13.jpg,REAL,AI,0
2026-08-17 10:34:05,P319,22,,daily,male,14.mp4,AI,REAL,0
2026-08-17 10:34:05,P319,22,,daily,male,15.png,REAL,AI,0
2026-08-17 10:34:05,P319,22,,daily,male,16.mp4,AI,REAL,0
2026-08-17 10:34:05,P319,22,,daily,male,17.mp4,AI,AI,1
2026-08-17 10:34:05,P319,22,,daily,male,18.png,AI,AI,1
2026-08-17 10:34:05,P319,22,,daily,male,19.png,AI,REAL,0
2026-08-17 10:34:05,P319,22,,daily,male,20.png,REAL,AI,0
2026-08-17 10:34:05,P319,22,,daily,male,21.webp,REAL,AI,0
2026-08-17 10:34:05,P319,22,,daily,male,22.webp,REAL,REAL,1
2026-08-17 10:34:05,P319,22,,daily,male,23.jpg,REAL,REAL,1
2026-08-17 10:34:05,P319,22,,daily,male,24.mp4,AI,AI,1
2026-08-17 10:34:05,P319,22,,daily,male,25.mov,AI,REAL,0
2026-08-17 10:34:05,P319,22,,daily,male,26.mov,REAL,AI,0
2026-08-17 10:34:05,P319,22,,daily,male,27.jpeg,REAL,AI,0
2026-08-17 10:34:05,P319,22,,daily,male,28.jpg,REAL,REAL,1
2026-08-17 10:34:05,P319,22,,daily,male,29.png,AI,REAL,0
2026-08-17 10:34:05,P319,22,,daily,male,30.jpg,AI,REAL,0
2026-08-17 10:34:05,P319,22,,daily,male,31.jpg,REAL,AI,0
2026-08-17 10:34:05,P319,22,,daily,male,32.png,REAL,AI,0
2026-08-17 10:34:05,P319,22,,daily,male,33.png,AI,REAL,0
2026-08-17 10:34:05,P319,22,,daily,male,34.png,AI,REAL,0
2026-08-17 10:34:05,P319,22,,daily,male,35.png,REAL,AI,0
2026-08-17 10:34:05,P319,22,,daily,male,36.jpg,REAL,REAL,1
2026-08-17 10:34:05,P319,22,,daily,male,37.mp4,AI,REAL,0
2026-08-17 10:34:05,P319,22,,daily,male,38.mp4,AI,AI,1
2026-08-17 12:04:57,P320,17,,never,male,1.jpg,REAL,AI,0
2026-08-17 12:04:57,P320,17,,never,male,2.jpg,REAL,REAL,1
2026-08-17 12:04:57,P320,17,,never,male,3.jpg,REAL,REAL,1
2026-08-17 12:04:57,P320,17,,never,male,4.mp4,REAL,AI,0
2026-08-17 12:04:57,P320,17,,never,male,5.png,AI,AI,1
2026-08-17 12:04:57,P320,17,,never,male,6.png,REAL,AI,0
2026-08-17 12:04:57,P320,17,,never,male,7.jpeg,AI,REAL,0
2026-08-17 12:04:57,P320,17,,never,male,8.avif,REAL,REAL,1
2026-08-17 12:04:57,P320,17,,never,male,9.png,REAL,AI,0
2026-08-17 12:04:57,P320,17,,never,male,10.webp,REAL,REAL,1
2026-08-17 12:04:57,P320,17,,never,male,11.jpg,AI,REAL,0
2026-08-17 12:04:57,P320,17,,never,male,12.png,REAL,AI,0
2026-08-17 12:04:57,P320,17,,never,male,13.jpg,AI,AI,1
2026-08-17 12:04:57,P320,17,,never,male,14.mp4,AI,REAL,0
2026-08-17 12:04:57,P320,17,,never,male,15.png,AI,AI,1
2026-08-17 12:04:57,P320,17,,never,male,16.mp4,AI,REAL,0
2026-08-17 12:04:57,P320,17,,never,male,17.mp4,AI,AI,1
2026-08-17 12:04:57,P320,17,,never,male,18.png,REAL,AI,0
2026-08-17 12:04:57,P320,17,,never,male,19.png,REAL,REAL,1
2026-08-17 12:04:57,P320,17,,never,male,20.png,REAL,AI,0
2026-08-17 12:04:57,P320,17,,never,male,21.webp,REAL,AI,0
2026-08-17 12:04:57,P320,17,,never,male,22.webp,AI,REAL,0
2026-08-17 12:04:57,P320,17,,never,male,23.jpg,AI,REAL,0
2026-08-17 12:04:57,P320,17,,never,male,24.mp4,AI,AI,1
2026-08-17 12:04:57,P320,17,,never,male,25.mov,AI,REAL,0
2026-08-17 12:04:57,P320,17,,never,male,26.mov,REAL,AI,0
2026-08-17 12:04:57,P320,17,,never,male,27.jpeg,REAL,AI,0
2026-08-17 12:04:57,P320,17,,never,male,28.jpg,AI,REAL,0
2026-08-17 12:04:57,P320,17,,never,male,29.png,AI,REAL,0
2026-08-17 12:04:57,P320,17,,never,male,30.jpg,REAL,REAL,1
2026-08-17 12:04:57,P320,17,,never,male,31.jpg,REAL,AI,0
2026-08-17 12:04:57,P320,17,,never,male,32.png,REAL,AI,0
2026-08-17 12:04:57,P320,17,,never,male,33.png,REAL,REAL,1
2026-08-17 12:04:57,P320,17,,never,male,34.png,REAL,REAL,1
2026-08-17 12:04:57,P320,17,,never,male,35.png,AI,AI,1
2026-08-17 12:04:57,P320,17,,never,male,36.jpg,AI,REAL,0
2026-08-17 12:04:57,P320,17,,never,male,37.mp4,AI,REAL,0
2026-08-17 12:04:57,P320,17,,never,male,38.mp4,AI,AI,1
2026-08-17 13:40:59,P321,9,,never,male,1.jpg,AI,AI,1
2026-08-17 13:40:59,P321,9,,never,male,2.jpg,AI,REAL,0
2026-08-17 13:40:59,P321,9,,never,male,3.jpg,AI,REAL,0
2026-08-17 13:40:59,P321,9,,never,male,4.mp4,AI,AI,1
2026-08-17 13:40:59,P321,9,,never,male,5.png,REAL,AI,0
2026-08-17 13:40:59,P321,9,,never,male,6.png,REAL,AI,0
2026-08-17 13:40:59,P321,9,,never,male,7.jpeg,AI,REAL,0
2026-08-17 13:40:59,P321,9,,never,male,8.avif,AI,REAL,0
2026-08-17 13:40:59,P321,9,,never,male,9.png,REAL,AI,0
2026-08-17 13:40:59,P321,9,,never,male,10.webp,AI,REAL,0
2026-08-17 13:40:59,P321,9,,never,male,11.jpg,REAL,REAL,1
2026-08-17 13:40:59,P321,9,,never,male,12.png,REAL,AI,0
2026-08-17 13:40:59,P321,9,,never,male,13.jpg,REAL,AI,0
2026-08-17 13:40:59,P321,9,,never,male,14.mp4,REAL,REAL,1
2026-08-17 13:40:59,P321,9,,never,male,15.png,REAL,AI,0
2026-08-17 13:40:59,P321,9,,never,male,16.mp4,AI,REAL,0
2026-08-17 13:40:59,P321,9,,never,male,17.mp4,REAL,AI,0
2026-08-17 13:40:59,P321,9,,never,male,18.png,AI,AI,1
2026-08-17 13:40:59,P321,9,,never,male,19.png,AI,REAL,0
2026-08-17 13:40:59,P321,9,,never,male,20.png,AI,AI,1
2026-08-17 13:40:59,P321,9,,never,male,21.webp,REAL,AI,0
2026-08-17 13:40:59,P321,9,,never,male,22.webp,AI,REAL,0
2026-08-17 13:40:59,P321,9,,never,male,23.jpg,REAL,REAL,1
2026-08-17 13:40:59,P321,9,,never,male,24.mp4,REAL,AI,0
2026-08-17 13:40:59,P321,9,,never,male,25.mov,REAL,REAL,1
2026-08-17 13:40:59,P321,9,,never,male,26.mov,REAL,AI,0
2026-08-17 13:40:59,P321,9,,never,male,27.jpeg,REAL,AI,0
2026-08-17 13:40:59,P321,9,,never,male,28.jpg,AI,REAL,0
2026-08-17 13:40:59,P321,9,,never,male,29.png,AI,REAL,0
2026-08-17 13:40:59,P321,9,,never,male,30.jpg,AI,REAL,0
2026-08-17 13:40:59,P321,9,,never,male,31.jpg,AI,AI,1
2026-08-17 13:40:59,P321,9,,never,male,32.png,REAL,AI,0
2026-08-17 13:40:59,P321,9,,never,male,33.png,AI,REAL,0
2026-08-17 13:40:59,P321,9,,never,male,34.png,AI,REAL,0
2026-08-17 13:40:59,P321,9,,never,male,35.png,AI,AI,1
2026-08-17 13:40:59,P321,9,,never,male,36.jpg,REAL,REAL,1
2026-08-17 13:40:59,P321,9,,never,male,37.mp4,AI,REAL,0
2026-08-17 13:40:59,P321,9,,never,male,38.mp4,REAL,AI,0
2026-08-17 13:44:30,P322,66,,daily,female,1.jpg,REAL,AI,0
2026-08-17 13:44:30,P322,66,,daily,female,2.jpg,AI,REAL,0
2026-08-17 13:44:30,P322,66,,daily,female,3.jpg,AI,REAL,0
2026-08-17 13:44:30,P322,66,,daily,female,4.mp4,AI,AI,1
2026-08-17 13:44:30,P322,66,,daily,female,5.png,REAL,AI,0
2026-08-17 13:44:30,P322,66,,daily,female,6.png,AI,AI,1
2026-08-17 13:44:30,P322,66,,daily,female,7.jpeg,AI,REAL,0
2026-08-17 13:44:30,P322,66,,daily,female,8.avif,REAL,REAL,1
2026-08-17 13:44:30,P322,66,,daily,female,9.png,REAL,AI,0
2026-08-17 13:44:30,P322,66,,daily,female,10.webp,AI,REAL,0
2026-08-17 13:44:30,P322,66,,daily,female,11.jpg,AI,REAL,0
2026-08-17 13:44:30,P322,66,,daily,female,12.png,REAL,AI,0
2026-08-17 13:44:30,P322,66,,daily,female,13.jpg,REAL,AI,0
2026-08-17 13:44:30,P322,66,,daily,female,14.mp4,AI,REAL,0
2026-08-17 13:44:30,P322,66,,daily,female,15.png,AI,AI,1
2026-08-17 13:44:30,P322,66,,daily,female,16.mp4,AI,REAL,0
2026-08-17 13:44:30,P322,66,,daily,female,17.mp4,REAL,AI,0
2026-08-17 13:44:30,P322,66,,daily,female,18.png,REAL,AI,0
2026-08-17 13:44:30,P322,66,,daily,female,19.png,REAL,REAL,1
2026-08-17 13:44:30,P322,66,,daily,female,20.png,AI,AI,1
2026-08-17 13:44:30,P322,66,,daily,female,21.webp,AI,AI,1
2026-08-17 13:44:30,P322,66,,daily,female,22.webp,AI,REAL,0
2026-08-17 13:44:30,P322,66,,daily,female,23.jpg,AI,REAL,0
2026-08-17 13:44:30,P322,66,,daily,female,24.mp4,REAL,AI,0
2026-08-17 13:44:30,P322,66,,daily,female,25.mov,REAL,REAL,1
2026-08-17 13:44:30,P322,66,,daily,female,26.mov,AI,AI,1
2026-08-17 13:44:30,P322,66,,daily,female,27.jpeg,REAL,AI,0
2026-08-17 13:44:30,P322,66,,daily,female,28.jpg,REAL,REAL,1
2026-08-17 13:44:30,P322,66,,daily,female,29.png,AI,REAL,0
2026-08-17 13:44:30,P322,66,,daily,female,30.jpg,REAL,REAL,1
2026-08-17 13:44:30,P322,66,,daily,female,31.jpg,AI,AI,1
2026-08-17 13:44:30,P322,66,,daily,female,32.png,AI,AI,1
2026-08-17 13:44:30,P322,66,,daily,female,33.png,REAL,REAL,1
2026-08-17 13:44:30,P322,66,,daily,female,34.png,REAL,REAL,1
2026-08-17 13:44:30,P322,66,,daily,female,35.png,REAL,AI,0
2026-08-17 13:44:30,P322,66,,daily,female,36.jpg,AI,REAL,0
2026-08-17 13:44:30,P322,66,,daily,female,37.mp4,AI,REAL,0
2026-08-17 13:44:30,P322,66,,daily,female,38.mp4,AI,AI,1
2026-08-17 13:47:01,P323,60,,occasionally,male,1.jpg,AI,AI,1
2026-08-17 13:47:01,P323,60,,occasionally,male,2.jpg,REAL,REAL,1
2026-08-17 13:47:01,P323,60,,occasionally,male,3.jpg,REAL,REAL,1
2026-08-17 13:47:01,P323,60,,occasionally,male,4.mp4,AI,AI,1
2026-08-17 13:47:01,P323,60,,occasionally,male,5.png,REAL,AI,0
2026-08-17 13:47:01,P323,60,,occasionally,male,6.png,AI,AI,1
2026-08-17 13:47:01,P323,60,,occasionally,male,7.jpeg,AI,REAL,0
2026-08-17 13:47:01,P323,60,,occasionally,male,8.avif,AI,REAL,0
2026-08-17 13:47:01,P323,60,,occasionally,male,9.png,AI,AI,1
2026-08-17 13:47:01,P323,60,,occasionally,male,10.webp,AI,REAL,0
2026-08-17 13:47:01,P323,60,,occasionally,male,11.jpg,AI,REAL,0
2026-08-17 13:47:01,P323,60,,occasionally,male,12.png,AI,AI,1
2026-08-17 13:47:01,P323,60,,occasionally,male,13.jpg,AI,AI,1
2026-08-17 13:47:01,P323,60,,occasionally,male,14.mp4,AI,REAL,0
2026-08-17 13:47:01,P323,60,,occasionally,male,15.png,AI,AI,1
2026-08-17 13:47:01,P323,60,,occasionally,male,16.mp4,AI,REAL,0
2026-08-17 13:47:01,P323,60,,occasionally,male,17.mp4,AI,AI,1
2026-08-17 13:47:01,P323,60,,occasionally,male,18.png,REAL,AI,0
2026-08-17 13:47:01,P323,60,,occasionally,male,19.png,REAL,REAL,1
2026-08-17 13:47:01,P323,60,,occasionally,male,20.png,REAL,AI,0
2026-08-17 13:47:01,P323,60,,occasionally,male,21.webp,REAL,AI,0
2026-08-17 13:47:01,P323,60,,occasionally,male,22.webp,REAL,REAL,1
2026-08-17 13:47:01,P323,60,,occasionally,male,23.jpg,REAL,REAL,1
2026-08-17 13:47:01,P323,60,,occasionally,male,24.mp4,REAL,AI,0
2026-08-17 13:47:01,P323,60,,occasionally,male,25.mov,AI,REAL,0
2026-08-17 13:47:01,P323,60,,occasionally,male,26.mov,REAL,AI,0
2026-08-17 13:47:01,P323,60,,occasionally,male,27.jpeg,REAL,AI,0
2026-08-17 13:47:01,P323,60,,occasionally,male,28.jpg,REAL,REAL,1
2026-08-17 13:47:01,P323,60,,occasionally,male,29.png,REAL,REAL,1
2026-08-17 13:47:01,P323,60,,occasionally,male,30.jpg,AI,REAL,0
2026-08-17 13:47:01,P323,60,,occasionally,male,31.jpg,AI,AI,1
2026-08-17 13:47:01,P323,60,,occasionally,male,32.png,AI,AI,1
2026-08-17 13:47:01,P323,60,,occasionally,male,33.png,AI,REAL,0
2026-08-17 13:47:01,P323,60,,occasionally,male,34.png,AI,REAL,0
2026-08-17 13:47:01,P323,60,,occasionally,male,35.png,AI,AI,1
2026-08-17 13:47:01,P323,60,,occasionally,male,36.jpg,AI,REAL,0
2026-08-17 13:47:01,P323,60,,occasionally,male,37.mp4,REAL,REAL,1
2026-08-17 13:47:01,P323,60,,occasionally,male,38.mp4,REAL,AI,0
2026-08-17 13:50:21,P324,66,,daily,male,1.jpg,REAL,AI,0
2026-08-17 13:50:21,P324,66,,daily,male,2.jpg,REAL,REAL,1
2026-08-17 13:50:21,P324,66,,daily,male,3.jpg,REAL,REAL,1
2026-08-17 13:50:21,P324,66,,daily,male,4.mp4,REAL,AI,0
2026-08-17 13:50:21,P324,66,,daily,male,5.png,REAL,AI,0
2026-08-17 13:50:21,P324,66,,daily,male,6.png,REAL,AI,0
2026-08-17 13:50:21,P324,66,,daily,male,7.jpeg,REAL,REAL,1
2026-08-17 13:50:21,P324,66,,daily,male,8.avif,REAL,REAL,1
2026-08-17 13:50:21,P324,66,,daily,male,9.png,REAL,AI,0
2026-08-17 13:50:21,P324,66,,daily,male,10.webp,REAL,REAL,1
2026-08-17 13:50:21,P324,66,,daily,male,11.jpg,REAL,REAL,1
2026-08-17 13:50:21,P324,66,,daily,male,12.png,AI,AI,1
2026-08-17 13:50:21,P324,66,,daily,male,13.jpg,AI,AI,1
2026-08-17 13:50:21,P324,66,,daily,male,14.mp4,AI,REAL,0
2026-08-17 13:50:21,P324,66,,daily,male,15.png,REAL,AI,0
2026-08-17 13:50:21,P324,66,,daily,male,16.mp4,REAL,REAL,1
2026-08-17 13:50:21,P324,66,,daily,male,17.mp4,REAL,AI,0
2026-08-17 13:50:21,P324,66,,daily,male,18.png,REAL,AI,0
2026-08-17 13:50:21,P324,66,,daily,male,19.png,AI,REAL,0
2026-08-17 13:50:21,P324,66,,daily,male,20.png,AI,AI,1
2026-08-17 13:50:21,P324,66,,daily,male,21.webp,REAL,AI,0
2026-08-17 13:50:21,P324,66,,daily,male,22.webp,AI,REAL,0
2026-08-17 13:50:21,P324,66,,daily,male,23.jpg,REAL,REAL,1
2026-08-17 13:50:21,P324,66,,daily,male,24.mp4,REAL,AI,0
2026-08-17 13:50:21,P324,66,,daily,male,25.mov,REAL,REAL,1
2026-08-17 13:50:21,P324,66,,daily,male,26.mov,AI,AI,1
2026-08-17 13:50:21,P324,66,,daily,male,27.jpeg,AI,AI,1
2026-08-17 13:50:21,P324,66,,daily,male,28.jpg,REAL,REAL,1
2026-08-17 13:50:21,P324,66,,daily,male,29.png,AI,REAL,0
2026-08-17 13:50:21,P324,66,,daily,male,30.jpg,AI,REAL,0
2026-08-17 13:50:21,P324,66,,daily,male,31.jpg,AI,AI,1
2026-08-17 13:50:21,P324,66,,daily,male,32.png,REAL,AI,0
2026-08-17 13:50:21,P324,66,,daily,male,33.png,REAL,REAL,1
2026-08-17 13:50:21,P324,66,,daily,male,34.png,AI,REAL,0
2026-08-17 13:50:21,P324,66,,daily,male,35.png,REAL,AI,0
2026-08-17 13:50:21,P324,66,,daily,male,36.jpg,REAL,REAL,1
2026-08-17 13:50:21,P324,66,,daily,male,37.mp4,AI,REAL,0
2026-08-17 13:50:21,P324,66,,daily,male,38.mp4,REAL,AI,0
2026-08-17 13:55:43,P325,29,,daily,female,1.jpg,AI,AI,1
2026-08-17 13:55:43,P325,29,,daily,female,2.jpg,AI,REAL,0
2026-08-17 13:55:43,P325,29,,daily,female,3.jpg,REAL,REAL,1
2026-08-17 13:55:43,P325,29,,daily,female,4.mp4,REAL,AI,0
2026-08-17 13:55:43,P325,29,,daily,female,5.png,REAL,AI,0
2026-08-17 13:55:43,P325,29,,daily,female,6.png,REAL,AI,0
2026-08-17 13:55:43,P325,29,,daily,female,7.jpeg,REAL,REAL,1
2026-08-17 13:55:43,P325,29,,daily,female,8.avif,AI,REAL,0
2026-08-17 13:55:43,P325,29,,daily,female,9.png,REAL,AI,0
2026-08-17 13:55:43,P325,29,,daily,female,10.webp,REAL,REAL,1
2026-08-17 13:55:43,P325,29,,daily,female,11.jpg,AI,REAL,0
2026-08-17 13:55:43,P325,29,,daily,female,12.png,REAL,AI,0
2026-08-17 13:55:43,P325,29,,daily,female,13.jpg,REAL,AI,0
2026-08-17 13:55:43,P325,29,,daily,female,14.mp4,AI,REAL,0
2026-08-17 13:55:43,P325,29,,daily,female,15.png,AI,AI,1
2026-08-17 13:55:43,P325,29,,daily,female,16.mp4,REAL,REAL,1
2026-08-17 13:55:43,P325,29,,daily,female,17.mp4,AI,AI,1
2026-08-17 13:55:43,P325,29,,daily,female,18.png,AI,AI,1
2026-08-17 13:55:43,P325,29,,daily,female,19.png,AI,REAL,0
2026-08-17 13:55:43,P325,29,,daily,female,20.png,REAL,AI,0
2026-08-17 13:55:43,P325,29,,daily,female,21.webp,REAL,AI,0
2026-08-17 13:55:43,P325,29,,daily,female,22.webp,AI,REAL,0
2026-08-17 13:55:43,P325,29,,daily,female,23.jpg,REAL,REAL,1
2026-08-17 13:55:43,P325,29,,daily,female,24.mp4,AI,AI,1
2026-08-17 13:55:43,P325,29,,daily,female,25.mov,REAL,REAL,1
2026-08-17 13:55:43,P325,29,,daily,female,26.mov,AI,AI,1
2026-08-17 13:55:43,P325,29,,daily,female,27.jpeg,AI,AI,1
2026-08-17 13:55:43,P325,29,,daily,female,28.jpg,AI,REAL,0
2026-08-17 13:55:43,P325,29,,daily,female,29.png,REAL,REAL,1
2026-08-17 13:55:43,P325,29,,daily,female,30.jpg,REAL,REAL,1
2026-08-17 13:55:43,P325,29,,daily,female,31.jpg,REAL,AI,0
2026-08-17 13:55:43,P325,29,,daily,female,32.png,AI,AI,1
2026-08-17 13:55:43,P325,29,,daily,female,33.png,REAL,REAL,1
2026-08-17 13:55:43,P325,29,,daily,female,34.png,REAL,REAL,1
2026-08-17 13:55:43,P325,29,,daily,female,35.png,AI,AI,1
2026-08-17 13:55:43,P325,29,,daily,female,36.jpg,AI,REAL,0
2026-08-17 13:55:43,P325,29,,daily,female,37.mp4,AI,REAL,0
2026-08-17 13:55:43,P325,29,,daily,female,38.mp4,AI,AI,1
2026-08-17 14:03:04,P326,68,,never,female,1.jpg,REAL,AI,0
2026-08-17 14:03:04,P326,68,,never,female,2.jpg,AI,REAL,0
2026-08-17 14:03:04,P326,68,,never,female,3.jpg,REAL,REAL,1
2026-08-17 14:03:04,P326,68,,never,female,4.mp4,AI,AI,1
2026-08-17 14:03:04,P326,68,,never,female,5.png,REAL,AI,0
2026-08-17 14:03:04,P326,68,,never,female,6.png,AI,AI,1
2026-08-17 14:03:04,P326,68,,never,female,7.jpeg,AI,REAL,0
2026-08-17 14:03:04,P326,68,,never,female,8.avif,AI,REAL,0
2026-08-17 14:03:04,P326,68,,never,female,9.png,AI,AI,1
2026-08-17 14:03:04,P326,68,,never,female,10.webp,REAL,REAL,1
2026-08-17 14:03:04,P326,68,,never,female,11.jpg,AI,REAL,0
2026-08-17 14:03:04,P326,68,,never,female,12.png,REAL,AI,0
2026-08-17 14:03:04,P326,68,,never,female,13.jpg,REAL,AI,0
2026-08-17 14:03:04,P326,68,,never,female,14.mp4,REAL,REAL,1
2026-08-17 14:03:04,P326,68,,never,female,15.png,AI,AI,1
2026-08-17 14:03:04,P326,68,,never,female,16.mp4,REAL,REAL,1
2026-08-17 14:03:04,P326,68,,never,female,17.mp4,AI,AI,1
2026-08-17 14:03:04,P326,68,,never,female,18.png,REAL,AI,0
2026-08-17 14:03:04,P326,68,,never,female,19.png,AI,REAL,0
2026-08-17 14:03:04,P326,68,,never,female,20.png,AI,AI,1
2026-08-17 14:03:04,P326,68,,never,female,21.webp,REAL,AI,0
2026-08-17 14:03:04,P326,68,,never,female,22.webp,AI,REAL,0
2026-08-17 14:03:04,P326,68,,never,female,23.jpg,AI,REAL,0
2026-08-17 14:03:04,P326,68,,never,female,24.mp4,REAL,AI,0
2026-08-17 14:03:04,P326,68,,never,female,25.mov,REAL,REAL,1
2026-08-17 14:03:04,P326,68,,never,female,26.mov,AI,AI,1
2026-08-17 14:03:04,P326,68,,never,female,27.jpeg,AI,AI,1
2026-08-17 14:03:04,P326,68,,never,female,28.jpg,AI,REAL,0
2026-08-17 14:03:04,P326,68,,never,female,29.png,REAL,REAL,1
2026-08-17 14:03:04,P326,68,,never,female,30.jpg,AI,REAL,0
2026-08-17 14:03:04,P326,68,,never,female,31.jpg,REAL,AI,0
2026-08-17 14:03:04,P326,68,,never,female,32.png,REAL,AI,0
2026-08-17 14:03:04,P326,68,,never,female,33.png,REAL,REAL,1
2026-08-17 14:03:04,P326,68,,never,female,34.png,AI,REAL,0
2026-08-17 14:03:04,P326,68,,never,female,35.png,REAL,AI,0
2026-08-17 14:03:04,P326,68,,never,female,36.jpg,AI,REAL,0
2026-08-17 14:03:04,P326,68,,never,female,37.mp4,REAL,REAL,1
2026-08-17 14:03:04,P326,68,,never,female,38.mp4,AI,AI,1
2026-08-17 15:52:10,P327,17,,frequently,female,1.jpg,REAL,AI,0
2026-08-17 15:52:10,P327,17,,frequently,female,2.jpg,REAL,REAL,1
2026-08-17 15:52:10,P327,17,,frequently,female,3.jpg,REAL,REAL,1
2026-08-17 15:52:10,P327,17,,frequently,female,4.mp4,AI,AI,1
2026-08-17 15:52:10,P327,17,,frequently,female,5.png,REAL,AI,0
2026-08-17 15:52:10,P327,17,,frequently,female,6.png,AI,AI,1
2026-08-17 15:52:10,P327,17,,frequently,female,7.jpeg,AI,REAL,0
2026-08-17 15:52:10,P327,17,,frequently,female,8.avif,AI,REAL,0
2026-08-17 15:52:10,P327,17,,frequently,female,9.png,REAL,AI,0
2026-08-17 15:52:10,P327,17,,frequently,female,10.webp,REAL,REAL,1
2026-08-17 15:52:10,P327,17,,frequently,female,11.jpg,REAL,REAL,1
2026-08-17 15:52:10,P327,17,,frequently,female,12.png,REAL,AI,0
2026-08-17 15:52:10,P327,17,,frequently,female,13.jpg,REAL,AI,0
2026-08-17 15:52:10,P327,17,,frequently,female,14.mp4,AI,REAL,0
2026-08-17 15:52:10,P327,17,,frequently,female,15.png,REAL,AI,0
2026-08-17 15:52:10,P327,17,,frequently,female,16.mp4,REAL,REAL,1
2026-08-17 15:52:10,P327,17,,frequently,female,17.mp4,AI,AI,1
2026-08-17 15:52:10,P327,17,,frequently,female,18.png,AI,AI,1
2026-08-17 15:52:10,P327,17,,frequently,female,19.png,AI,REAL,0
2026-08-17 15:52:10,P327,17,,frequently,female,20.png,AI,AI,1
2026-08-17 15:52:10,P327,17,,frequently,female,21.webp,REAL,AI,0
2026-08-17 15:52:10,P327,17,,frequently,female,22.webp,REAL,REAL,1
2026-08-17 15:52:10,P327,17,,frequently,female,23.jpg,REAL,REAL,1
2026-08-17 15:52:10,P327,17,,frequently,female,24.mp4,AI,AI,1
2026-08-17 15:52:10,P327,17,,frequently,female,25.mov,REAL,REAL,1
2026-08-17 15:52:10,P327,17,,frequently,female,26.mov,AI,AI,1
2026-08-17 15:52:10,P327,17,,frequently,female,27.jpeg,REAL,AI,0
2026-08-17 15:52:10,P327,17,,frequently,female,28.jpg,REAL,REAL,1
2026-08-17 15:52:10,P327,17,,frequently,female,29.png,AI,REAL,0
2026-08-17 15:52:10,P327,17,,frequently,female,30.jpg,REAL,REAL,1
2026-08-17 15:52:10,P327,17,,frequently,female,31.jpg,AI,AI,1
2026-08-17 15:52:10,P327,17,,frequently,female,32.png,REAL,AI,0
2026-08-17 15:52:10,P327,17,,frequently,female,33.png,REAL,REAL,1
2026-08-17 15:52:10,P327,17,,frequently,female,34.png,REAL,REAL,1
2026-08-17 15:52:10,P327,17,,frequently,female,35.png,AI,AI,1
2026-08-17 15:52:10,P327,17,,frequently,female,36.jpg,AI,REAL,0
2026-08-17 15:52:10,P327,17,,frequently,female,37.mp4,AI,REAL,0
2026-08-17 15:52:10,P327,17,,frequently,female,38.mp4,AI,AI,1
2026-08-17 18:40:44,P328,47,,daily,male,1.jpg,REAL,AI,0
2026-08-17 18:40:44,P328,47,,daily,male,2.jpg,AI,REAL,0
2026-08-17 18:40:44,P328,47,,daily,male,3.jpg,AI,REAL,0
2026-08-17 18:40:44,P328,47,,daily,male,4.mp4,REAL,AI,0
2026-08-17 18:40:44,P328,47,,daily,male,5.png,REAL,AI,0
2026-08-17 18:40:44,P328,47,,daily,male,6.png,REAL,AI,0
2026-08-17 18:40:44,P328,47,,daily,male,7.jpeg,AI,REAL,0
2026-08-17 18:40:44,P328,47,,daily,male,8.avif,AI,REAL,0
2026-08-17 18:40:44,P328,47,,daily,male,9.png,REAL,AI,0
2026-08-17 18:40:44,P328,47,,daily,male,10.webp,REAL,REAL,1
2026-08-17 18:40:44,P328,47,,daily,male,11.jpg,AI,REAL,0
2026-08-17 18:40:44,P328,47,,daily,male,12.png,AI,AI,1
2026-08-17 18:40:44,P328,47,,daily,male,13.jpg,REAL,AI,0
2026-08-17 18:40:44,P328,47,,daily,male,14.mp4,AI,REAL,0
2026-08-17 18:40:44,P328,47,,daily,male,15.png,AI,AI,1
2026-08-17 18:40:44,P328,47,,daily,male,16.mp4,REAL,REAL,1
2026-08-17 18:40:44,P328,47,,daily,male,17.mp4,AI,AI,1
2026-08-17 18:40:44,P328,47,,daily,male,18.png,REAL,AI,0
2026-08-17 18:40:44,P328,47,,daily,male,19.png,AI,REAL,0
2026-08-17 18:40:44,P328,47,,daily,male,20.png,AI,AI,1
2026-08-17 18:40:44,P328,47,,daily,male,21.webp,REAL,AI,0
2026-08-17 18:40:44,P328,47,,daily,male,22.webp,AI,REAL,0
2026-08-17 18:40:44,P328,47,,daily,male,23.jpg,REAL,REAL,1
2026-08-17 18:40:44,P328,47,,daily,male,24.mp4,AI,AI,1
2026-08-17 18:40:44,P328,47,,daily,male,25.mov,REAL,REAL,1
2026-08-17 18:40:44,P328,47,,daily,male,26.mov,AI,AI,1
2026-08-17 18:40:44,P328,47,,daily,male,27.jpeg,REAL,AI,0
2026-08-17 18:40:44,P328,47,,daily,male,28.jpg,REAL,REAL,1
2026-08-17 18:40:44,P328,47,,daily,male,29.png,AI,REAL,0
2026-08-17 18:40:44,P328,47,,daily,male,30.jpg,AI,REAL,0
2026-08-17 18:40:44,P328,47,,daily,male,31.jpg,REAL,AI,0
2026-08-17 18:40:44,P328,47,,daily,male,32.png,REAL,AI,0
2026-08-17 18:40:44,P328,47,,daily,male,33.png,REAL,REAL,1
2026-08-17 18:40:44,P328,47,,daily,male,34.png,REAL,REAL,1
2026-08-17 18:40:44,P328,47,,daily,male,35.png,AI,AI,1
2026-08-17 18:40:44,P328,47,,daily,male,36.jpg,AI,REAL,0
2026-08-17 18:40:44,P328,47,,daily,male,37.mp4,AI,REAL,0
2026-08-17 18:40:44,P328,47,,daily,male,38.mp4,AI,AI,1
2026-08-17 21:57:12,P329,33,,daily,male,1.jpg,REAL,AI,0
2026-08-17 21:57:12,P329,33,,daily,male,2.jpg,REAL,REAL,1
2026-08-17 21:57:12,P329,33,,daily,male,3.jpg,AI,REAL,0
2026-08-17 21:57:12,P329,33,,daily,male,4.mp4,REAL,AI,0
2026-08-17 21:57:12,P329,33,,daily,male,5.png,AI,AI,1
2026-08-17 21:57:12,P329,33,,daily,male,6.png,AI,AI,1
2026-08-17 21:57:12,P329,33,,daily,male,7.jpeg,AI,REAL,0
2026-08-17 21:57:12,P329,33,,daily,male,8.avif,AI,REAL,0
2026-08-17 21:57:12,P329,33,,daily,male,9.png,AI,AI,1
2026-08-17 21:57:12,P329,33,,daily,male,10.webp,AI,REAL,0
2026-08-17 21:57:12,P329,33,,daily,male,11.jpg,AI,REAL,0
2026-08-17 21:57:12,P329,33,,daily,male,12.png,REAL,AI,0
2026-08-17 21:57:12,P329,33,,daily,male,13.jpg,AI,AI,1
2026-08-17 21:57:12,P329,33,,daily,male,14.mp4,AI,REAL,0
2026-08-17 21:57:12,P329,33,,daily,male,15.png,AI,AI,1
2026-08-17 21:57:12,P329,33,,daily,male,16.mp4,REAL,REAL,1
2026-08-17 21:57:12,P329,33,,daily,male,17.mp4,REAL,AI,0
2026-08-17 21:57:12,P329,33,,daily,male,18.png,AI,AI,1
2026-08-17 21:57:12,P329,33,,daily,male,19.png,AI,REAL,0
2026-08-17 21:57:12,P329,33,,daily,male,20.png,REAL,AI,0
2026-08-17 21:57:12,P329,33,,daily,male,21.webp,REAL,AI,0
2026-08-17 21:57:12,P329,33,,daily,male,22.webp,REAL,REAL,1
2026-08-17 21:57:12,P329,33,,daily,male,23.jpg,AI,REAL,0
2026-08-17 21:57:12,P329,33,,daily,male,24.mp4,AI,AI,1
2026-08-17 21:57:12,P329,33,,daily,male,25.mov,REAL,REAL,1
2026-08-17 21:57:12,P329,33,,daily,male,26.mov,REAL,AI,0
2026-08-17 21:57:12,P329,33,,daily,male,27.jpeg,AI,AI,1
2026-08-17 21:57:12,P329,33,,daily,male,28.jpg,REAL,REAL,1
2026-08-17 21:57:12,P329,33,,daily,male,29.png,AI,REAL,0
2026-08-17 21:57:12,P329,33,,daily,male,30.jpg,REAL,REAL,1
2026-08-17 21:57:12,P329,33,,daily,male,31.jpg,AI,AI,1
2026-08-17 21:57:12,P329,33,,daily,male,32.png,REAL,AI,0
2026-08-17 21:57:12,P329,33,,daily,male,33.png,AI,REAL,0
2026-08-17 21:57:12,P329,33,,daily,male,34.png,REAL,REAL,1
2026-08-17 21:57:12,P329,33,,daily,male,35.png,AI,AI,1
2026-08-17 21:57:12,P329,33,,daily,male,36.jpg,REAL,REAL,1
2026-08-17 21:57:12,P329,33,,daily,male,37.mp4,REAL,REAL,1
2026-08-17 21:57:12,P329,33,,daily,male,38.mp4,REAL,AI,0
2026-08-18 17:34:35,P330,17,,never,male,1.jpg,AI,AI,1
2026-08-18 17:34:35,P330,17,,never,male,2.jpg,AI,REAL,0
2026-08-18 17:34:35,P330,17,,never,male,3.jpg,REAL,REAL,1
2026-08-18 17:34:35,P330,17,,never,male,4.mp4,REAL,AI,0
2026-08-18 17:34:35,P330,17,,never,male,5.png,AI,AI,1
2026-08-18 17:34:35,P330,17,,never,male,6.png,REAL,AI,0
2026-08-18 17:34:35,P330,17,,never,male,7.jpeg,AI,REAL,0
2026-08-18 17:34:35,P330,17,,never,male,8.avif,AI,REAL,0
2026-08-18 17:34:35,P330,17,,never,male,9.png,REAL,AI,0
2026-08-18 17:34:35,P330,17,,never,male,10.webp,AI,REAL,0
2026-08-18 17:34:35,P330,17,,never,male,11.jpg,REAL,REAL,1
2026-08-18 17:34:35,P330,17,,never,male,12.png,AI,AI,1
2026-08-18 17:34:35,P330,17,,never,male,13.jpg,AI,AI,1
2026-08-18 17:34:35,P330,17,,never,male,14.mp4,AI,REAL,0
2026-08-18 17:34:35,P330,17,,never,male,15.png,AI,AI,1
2026-08-18 17:34:35,P330,17,,never,male,16.mp4,REAL,REAL,1
2026-08-18 17:34:35,P330,17,,never,male,17.mp4,AI,AI,1
2026-08-18 17:34:35,P330,17,,never,male,18.png,AI,AI,1
2026-08-18 17:34:35,P330,17,,never,male,19.png,REAL,REAL,1
2026-08-18 17:34:35,P330,17,,never,male,20.png,AI,AI,1
2026-08-18 17:34:35,P330,17,,never,male,21.webp,AI,AI,1
2026-08-18 17:34:35,P330,17,,never,male,22.webp,REAL,REAL,1
2026-08-18 17:34:35,P330,17,,never,male,23.jpg,AI,REAL,0
2026-08-18 17:34:35,P330,17,,never,male,24.mp4,REAL,AI,0
2026-08-18 17:34:35,P330,17,,never,male,25.mov,AI,REAL,0
2026-08-18 17:34:35,P330,17,,never,male,26.mov,REAL,AI,0
2026-08-18 17:34:35,P330,17,,never,male,27.jpeg,AI,AI,1
2026-08-18 17:34:35,P330,17,,never,male,28.jpg,AI,REAL,0
2026-08-18 17:34:35,P330,17,,never,male,29.png,REAL,REAL,1
2026-08-18 17:34:35,P330,17,,never,male,30.jpg,AI,REAL,0
2026-08-18 17:34:35,P330,17,,never,male,31.jpg,AI,AI,1
2026-08-18 17:34:35,P330,17,,never,male,32.png,REAL,AI,0
2026-08-18 17:34:35,P330,17,,never,male,33.png,AI,REAL,0
2026-08-18 17:34:35,P330,17,,never,male,34.png,AI,REAL,0
2026-08-18 17:34:35,P330,17,,never,male,35.png,AI,AI,1
2026-08-18 17:34:35,P330,17,,never,male,36.jpg,REAL,REAL,1
2026-08-18 17:34:35,P330,17,,never,male,37.mp4,REAL,REAL,1
2026-08-18 17:34:35,P330,17,,never,male,38.mp4,REAL,AI,0
2026-08-18 21:26:51,P331,17,,never,male,1.jpg,REAL,AI,0
2026-08-18 21:26:51,P331,17,,never,male,2.jpg,REAL,REAL,1
2026-08-18 21:26:51,P331,17,,never,male,3.jpg,REAL,REAL,1
2026-08-18 21:26:51,P331,17,,never,male,4.mp4,AI,AI,1
2026-08-18 21:26:51,P331,17,,never,male,5.png,AI,AI,1
2026-08-18 21:26:51,P331,17,,never,male,6.png,AI,AI,1
2026-08-18 21:26:51,P331,17,,never,male,7.jpeg,AI,REAL,0
2026-08-18 21:26:51,P331,17,,never,male,8.avif,AI,REAL,0
2026-08-18 21:26:51,P331,17,,never,male,9.png,REAL,AI,0
2026-08-18 21:26:51,P331,17,,never,male,10.webp,REAL,REAL,1
2026-08-18 21:26:51,P331,17,,never,male,11.jpg,REAL,REAL,1
2026-08-18 21:26:51,P331,17,,never,male,12.png,REAL,AI,0
2026-08-18 21:26:51,P331,17,,never,male,13.jpg,REAL,AI,0
2026-08-18 21:26:51,P331,17,,never,male,14.mp4,REAL,REAL,1
2026-08-18 21:26:51,P331,17,,never,male,15.png,AI,AI,1
2026-08-18 21:26:51,P331,17,,never,male,16.mp4,AI,REAL,0
2026-08-18 21:26:51,P331,17,,never,male,17.mp4,AI,AI,1
2026-08-18 21:26:51,P331,17,,never,male,18.png,AI,AI,1
2026-08-18 21:26:51,P331,17,,never,male,19.png,REAL,REAL,1
2026-08-18 21:26:51,P331,17,,never,male,20.png,REAL,AI,0
2026-08-18 21:26:51,P331,17,,never,male,21.webp,REAL,AI,0
2026-08-18 21:26:51,P331,17,,never,male,22.webp,REAL,REAL,1
2026-08-18 21:26:51,P331,17,,never,male,23.jpg,REAL,REAL,1
2026-08-18 21:26:51,P331,17,,never,male,24.mp4,REAL,AI,0
2026-08-18 21:26:51,P331,17,,never,male,25.mov,REAL,REAL,1
2026-08-18 21:26:51,P331,17,,never,male,26.mov,AI,AI,1
2026-08-18 21:26:51,P331,17,,never,male,27.jpeg,AI,AI,1
2026-08-18 21:26:51,P331,17,,never,male,28.jpg,AI,REAL,0
2026-08-18 21:26:51,P331,17,,never,male,29.png,AI,REAL,0
2026-08-18 21:26:51,P331,17,,never,male,30.jpg,AI,REAL,0
2026-08-18 21:26:51,P331,17,,never,male,31.jpg,AI,AI,1
2026-08-18 21:26:51,P331,17,,never,male,32.png,AI,AI,1
2026-08-18 21:26:51,P331,17,,never,male,33.png,AI,REAL,0
2026-08-18 21:26:51,P331,17,,never,male,34.png,REAL,REAL,1
2026-08-18 21:26:51,P331,17,,never,male,35.png,AI,AI,1
2026-08-18 21:26:51,P331,17,,never,male,36.jpg,AI,REAL,0
2026-08-18 21:26:51,P331,17,,never,male,37.mp4,AI,REAL,0
2026-08-18 21:26:51,P331,17,,never,male,38.mp4,REAL,AI,0
2026-08-22 23:16:43,P332,18,,daily,male,1.jpg,REAL,AI,0
2026-08-22 23:16:43,P332,18,,daily,male,2.jpg,REAL,REAL,1
2026-08-22 23:16:43,P332,18,,daily,male,3.jpg,AI,REAL,0
2026-08-22 23:16:43,P332,18,,daily,male,4.mp4,AI,AI,1
2026-08-22 23:16:43,P332,18,,daily,male,5.png,REAL,AI,0
2026-08-22 23:16:43,P332,18,,daily,male,6.png,AI,AI,1
2026-08-22 23:16:43,P332,18,,daily,male,7.jpeg,AI,REAL,0
2026-08-22 23:16:43,P332,18,,daily,male,8.avif,AI,REAL,0
2026-08-22 23:16:43,P332,18,,daily,male,9.png,REAL,AI,0
2026-08-22 23:16:43,P332,18,,daily,male,10.webp,AI,REAL,0
2026-08-22 23:16:43,P332,18,,daily,male,11.jpg,AI,REAL,0
2026-08-22 23:16:43,P332,18,,daily,male,12.png,REAL,AI,0
2026-08-22 23:16:43,P332,18,,daily,male,13.jpg,REAL,AI,0
2026-08-22 23:16:43,P332,18,,daily,male,14.mp4,AI,REAL,0
2026-08-22 23:16:43,P332,18,,daily,male,15.png,AI,AI,1
2026-08-22 23:16:43,P332,18,,daily,male,16.mp4,AI,REAL,0
2026-08-22 23:16:43,P332,18,,daily,male,17.mp4,AI,AI,1
2026-08-22 23:16:43,P332,18,,daily,male,18.png,REAL,AI,0
2026-08-22 23:16:43,P332,18,,daily,male,19.png,REAL,REAL,1
2026-08-22 23:16:43,P332,18,,daily,male,20.png,AI,AI,1
2026-08-22 23:16:43,P332,18,,daily,male,21.webp,AI,AI,1
2026-08-22 23:16:43,P332,18,,daily,male,22.webp,REAL,REAL,1
2026-08-22 23:16:43,P332,18,,daily,male,23.jpg,REAL,REAL,1
2026-08-22 23:16:43,P332,18,,daily,male,24.mp4,AI,AI,1
2026-08-22 23:16:43,P332,18,,daily,male,25.mov,REAL,REAL,1
2026-08-22 23:16:43,P332,18,,daily,male,26.mov,REAL,AI,0
2026-08-22 23:16:43,P332,18,,daily,male,27.jpeg,REAL,AI,0
2026-08-22 23:16:43,P332,18,,daily,male,28.jpg,REAL,REAL,1
2026-08-22 23:16:43,P332,18,,daily,male,29.png,AI,REAL,0
2026-08-22 23:16:43,P332,18,,daily,male,30.jpg,AI,REAL,0
2026-08-22 23:16:43,P332,18,,daily,male,31.jpg,AI,AI,1
2026-08-22 23:16:43,P332,18,,daily,male,32.png,AI,AI,1
2026-08-22 23:16:43,P332,18,,daily,male,33.png,REAL,REAL,1
2026-08-22 23:16:43,P332,18,,daily,male,34.png,REAL,REAL,1
2026-08-22 23:16:43,P332,18,,daily,male,35.png,AI,AI,1
2026-08-22 23:16:43,P332,18,,daily,male,36.jpg,AI,REAL,0
2026-08-22 23:16:43,P332,18,,daily,male,37.mp4,REAL,REAL,1
2026-08-22 23:16:43,P332,18,,daily,male,38.mp4,AI,AI,1
2026-08-23 13:36:33,P333,27,,daily,female,1.jpg,REAL,AI,0
2026-08-23 13:36:33,P333,27,,daily,female,2.jpg,REAL,REAL,1
2026-08-23 13:36:33,P333,27,,daily,female,3.jpg,REAL,REAL,1
2026-08-23 13:36:33,P333,27,,daily,female,4.mp4,REAL,AI,0
2026-08-23 13:36:33,P333,27,,daily,female,5.png,AI,AI,1
2026-08-23 13:36:33,P333,27,,daily,female,6.png,AI,AI,1
2026-08-23 13:36:33,P333,27,,daily,female,7.jpeg,AI,REAL,0
2026-08-23 13:36:33,P333,27,,daily,female,8.avif,REAL,REAL,1
2026-08-23 13:36:33,P333,27,,daily,female,9.png,REAL,AI,0
2026-08-23 13:36:33,P333,27,,daily,female,10.webp,AI,REAL,0
2026-08-23 13:36:33,P333,27,,daily,female,11.jpg,AI,REAL,0
2026-08-23 13:36:33,P333,27,,daily,female,12.png,REAL,AI,0
2026-08-23 13:36:33,P333,27,,daily,female,13.jpg,REAL,AI,0
2026-08-23 13:36:33,P333,27,,daily,female,14.mp4,REAL,REAL,1
2026-08-23 13:36:33,P333,27,,daily,female,15.png,AI,AI,1
2026-08-23 13:36:33,P333,27,,daily,female,16.mp4,REAL,REAL,1
2026-08-23 13:36:33,P333,27,,daily,female,17.mp4,REAL,AI,0
2026-08-23 13:36:33,P333,27,,daily,female,18.png,AI,AI,1
2026-08-23 13:36:33,P333,27,,daily,female,19.png,AI,REAL,0
2026-08-23 13:36:33,P333,27,,daily,female,20.png,REAL,AI,0
2026-08-23 13:36:33,P333,27,,daily,female,21.webp,REAL,AI,0
2026-08-23 13:36:33,P333,27,,daily,female,22.webp,REAL,REAL,1
2026-08-23 13:36:33,P333,27,,daily,female,23.jpg,REAL,REAL,1
2026-08-23 13:36:33,P333,27,,daily,female,24.mp4,REAL,AI,0
2026-08-23 13:36:33,P333,27,,daily,female,25.mov,REAL,REAL,1
2026-08-23 13:36:33,P333,27,,daily,female,26.mov,AI,AI,1
2026-08-23 13:36:33,P333,27,,daily,female,27.jpeg,REAL,AI,0
2026-08-23 13:36:33,P333,27,,daily,female,28.jpg,REAL,REAL,1
2026-08-23 13:36:33,P333,27,,daily,female,29.png,REAL,REAL,1
2026-08-23 13:36:33,P333,27,,daily,female,30.jpg,REAL,REAL,1
2026-08-23 13:36:33,P333,27,,daily,female,31.jpg,AI,AI,1
2026-08-23 13:36:33,P333,27,,daily,female,32.png,REAL,AI,0
2026-08-23 13:36:33,P333,27,,daily,female,33.png,REAL,REAL,1
2026-08-23 13:36:33,P333,27,,daily,female,34.png,REAL,REAL,1
2026-08-23 13:36:33,P333,27,,daily,female,35.png,REAL,AI,0
2026-08-23 13:36:33,P333,27,,daily,female,36.jpg,REAL,REAL,1
2026-08-23 13:36:33,P333,27,,daily,female,37.mp4,REAL,REAL,1
2026-08-23 13:36:33,P333,27,,daily,female,38.mp4,REAL,AI,0
2026-08-23 13:54:08,P334,33,,occasionally,female,1.jpg,REAL,AI,0
2026-08-23 13:54:08,P334,33,,occasionally,female,2.jpg,REAL,REAL,1
2026-08-23 13:54:08,P334,33,,occasionally,female,3.jpg,AI,REAL,0
2026-08-23 13:54:08,P334,33,,occasionally,female,4.mp4,REAL,AI,0
2026-08-23 13:54:08,P334,33,,occasionally,female,5.png,REAL,AI,0
2026-08-23 13:54:08,P334,33,,occasionally,female,6.png,REAL,AI,0
2026-08-23 13:54:08,P334,33,,occasionally,female,7.jpeg,REAL,REAL,1
2026-08-23 13:54:08,P334,33,,occasionally,female,8.avif,REAL,REAL,1
2026-08-23 13:54:08,P334,33,,occasionally,female,9.png,REAL,AI,0
2026-08-23 13:54:08,P334,33,,occasionally,female,10.webp,REAL,REAL,1
2026-08-23 13:54:08,P334,33,,occasionally,female,11.jpg,AI,REAL,0
2026-08-23 13:54:08,P334,33,,occasionally,female,12.png,REAL,AI,0
2026-08-23 13:54:08,P334,33,,occasionally,female,13.jpg,REAL,AI,0
2026-08-23 13:54:08,P334,33,,occasionally,female,14.mp4,REAL,REAL,1
2026-08-23 13:54:08,P334,33,,occasionally,female,15.png,REAL,AI,0
2026-08-23 13:54:08,P334,33,,occasionally,female,16.mp4,AI,REAL,0
2026-08-23 13:54:08,P334,33,,occasionally,female,17.mp4,REAL,AI,0
2026-08-23 13:54:08,P334,33,,occasionally,female,18.png,AI,AI,1
2026-08-23 13:54:08,P334,33,,occasionally,female,19.png,AI,REAL,0
2026-08-23 13:54:08,P334,33,,occasionally,female,20.png,REAL,AI,0
2026-08-23 13:54:08,P334,33,,occasionally,female,21.webp,REAL,AI,0
2026-08-23 13:54:08,P334,33,,occasionally,female,22.webp,AI,REAL,0
2026-08-23 13:54:08,P334,33,,occasionally,female,23.jpg,REAL,REAL,1
2026-08-23 13:54:08,P334,33,,occasionally,female,24.mp4,AI,AI,1
2026-08-23 13:54:08,P334,33,,occasionally,female,25.mov,REAL,REAL,1
2026-08-23 13:54:08,P334,33,,occasionally,female,26.mov,REAL,AI,0
2026-08-23 13:54:08,P334,33,,occasionally,female,27.jpeg,REAL,AI,0
2026-08-23 13:54:08,P334,33,,occasionally,female,28.jpg,REAL,REAL,1
2026-08-23 13:54:08,P334,33,,occasionally,female,29.png,REAL,REAL,1
2026-08-23 13:54:08,P334,33,,occasionally,female,30.jpg,AI,REAL,0
2026-08-23 13:54:08,P334,33,,occasionally,female,31.jpg,AI,AI,1
2026-08-23 13:54:08,P334,33,,occasionally,female,32.png,REAL,AI,0
2026-08-23 13:54:08,P334,33,,occasionally,female,33.png,REAL,REAL,1
2026-08-23 13:54:08,P334,33,,occasionally,female,34.png,REAL,REAL,1
2026-08-23 13:54:08,P334,33,,occasionally,female,35.png,REAL,AI,0
2026-08-23 13:54:08,P334,33,,occasionally,female,36.jpg,REAL,REAL,1
2026-08-23 13:54:08,P334,33,,occasionally,female,37.mp4,AI,REAL,0
2026-08-23 13:54:08,P334,33,,occasionally,female,38.mp4,REAL,AI,0
2026-08-23 14:52:22,P335,38,,never,male,1.jpg,REAL,AI,0
2026-08-23 14:52:22,P335,38,,never,male,2.jpg,AI,REAL,0
2026-08-23 14:52:22,P335,38,,never,male,3.jpg,REAL,REAL,1
2026-08-23 14:52:22,P335,38,,never,male,4.mp4,REAL,AI,0
2026-08-23 14:52:22,P335,38,,never,male,5.png,REAL,AI,0
2026-08-23 14:52:22,P335,38,,never,male,6.png,REAL,AI,0
2026-08-23 14:52:22,P335,38,,never,male,7.jpeg,REAL,REAL,1
2026-08-23 14:52:22,P335,38,,never,male,8.avif,REAL,REAL,1
2026-08-23 14:52:22,P335,38,,never,male,9.png,REAL,AI,0
2026-08-23 14:52:22,P335,38,,never,male,10.webp,REAL,REAL,1
2026-08-23 14:52:22,P335,38,,never,male,11.jpg,AI,REAL,0
2026-08-23 14:52:22,P335,38,,never,male,12.png,REAL,AI,0
2026-08-23 14:52:22,P335,38,,never,male,13.jpg,REAL,AI,0
2026-08-23 14:52:22,P335,38,,never,male,14.mp4,AI,REAL,0
2026-08-23 14:52:22,P335,38,,never,male,15.png,AI,AI,1
2026-08-23 14:52:22,P335,38,,never,male,16.mp4,REAL,REAL,1
2026-08-23 14:52:22,P335,38,,never,male,17.mp4,AI,AI,1
2026-08-23 14:52:22,P335,38,,never,male,18.png,AI,AI,1
2026-08-23 14:52:22,P335,38,,never,male,19.png,AI,REAL,0
2026-08-23 14:52:22,P335,38,,never,male,20.png,REAL,AI,0
2026-08-23 14:52:22,P335,38,,never,male,21.webp,REAL,AI,0
2026-08-23 14:52:22,P335,38,,never,male,22.webp,REAL,REAL,1
2026-08-23 14:52:22,P335,38,,never,male,23.jpg,AI,REAL,0
2026-08-23 14:52:22,P335,38,,never,male,24.mp4,AI,AI,1
2026-08-23 14:52:22,P335,38,,never,male,25.mov,REAL,REAL,1
2026-08-23 14:52:22,P335,38,,never,male,26.mov,AI,AI,1
2026-08-23 14:52:22,P335,38,,never,male,27.jpeg,REAL,AI,0
2026-08-23 14:52:22,P335,38,,never,male,28.jpg,REAL,REAL,1
2026-08-23 14:52:22,P335,38,,never,male,29.png,AI,REAL,0
2026-08-23 14:52:22,P335,38,,never,male,30.jpg,REAL,REAL,1
2026-08-23 14:52:22,P335,38,,never,male,31.jpg,REAL,AI,0
2026-08-23 14:52:22,P335,38,,never,male,32.png,REAL,AI,0
2026-08-23 14:52:22,P335,38,,never,male,33.png,REAL,REAL,1
2026-08-23 14:52:22,P335,38,,never,male,34.png,REAL,REAL,1
2026-08-23 14:52:22,P335,38,,never,male,35.png,REAL,AI,0
2026-08-23 14:52:22,P335,38,,never,male,36.jpg,REAL,REAL,1
2026-08-23 14:52:22,P335,38,,never,male,37.mp4,AI,REAL,0
2026-08-23 14:52:22,P335,38,,never,male,38.mp4,AI,AI,1
2026-08-25 17:56:09,P336,21,,daily,male,1.jpg,AI,AI,1
2026-08-25 17:56:09,P336,21,,daily,male,2.jpg,REAL,REAL,1
2026-08-25 17:56:09,P336,21,,daily,male,3.jpg,REAL,REAL,1
2026-08-25 17:56:09,P336,21,,daily,male,4.mp4,AI,AI,1
2026-08-25 17:56:09,P336,21,,daily,male,5.png,AI,AI,1
2026-08-25 17:56:09,P336,21,,daily,male,6.png,REAL,AI,0
2026-08-25 17:56:09,P336,21,,daily,male,7.jpeg,REAL,REAL,1
2026-08-25 17:56:09,P336,21,,daily,male,8.avif,AI,REAL,0
2026-08-25 17:56:09,P336,21,,daily,male,9.png,REAL,AI,0
2026-08-25 17:56:09,P336,21,,daily,male,10.webp,REAL,REAL,1
2026-08-25 17:56:09,P336,21,,daily,male,11.jpg,AI,REAL,0
2026-08-25 17:56:09,P336,21,,daily,male,12.png,REAL,AI,0
2026-08-25 17:56:09,P336,21,,daily,male,13.jpg,AI,AI,1
2026-08-25 17:56:09,P336,21,,daily,male,14.mp4,REAL,REAL,1
2026-08-25 17:56:09,P336,21,,daily,male,15.png,AI,AI,1
2026-08-25 17:56:09,P336,21,,daily,male,16.mp4,AI,REAL,0
2026-08-25 17:56:09,P336,21,,daily,male,17.mp4,REAL,AI,0
2026-08-25 17:56:09,P336,21,,daily,male,18.png,AI,AI,1
2026-08-25 17:56:09,P336,21,,daily,male,19.png,AI,REAL,0
2026-08-25 17:56:09,P336,21,,daily,male,20.png,AI,AI,1
2026-08-25 17:56:09,P336,21,,daily,male,21.webp,REAL,AI,0
2026-08-25 17:56:09,P336,21,,daily,male,22.webp,REAL,REAL,1
2026-08-25 17:56:09,P336,21,,daily,male,23.jpg,REAL,REAL,1
2026-08-25 17:56:09,P336,21,,daily,male,24.mp4,AI,AI,1
2026-08-25 17:56:09,P336,21,,daily,male,25.mov,REAL,REAL,1
2026-08-25 17:56:09,P336,21,,daily,male,26.mov,AI,AI,1
2026-08-25 17:56:09,P336,21,,daily,male,27.jpeg,REAL,AI,0
2026-08-25 17:56:09,P336,21,,daily,male,28.jpg,AI,REAL,0
2026-08-25 17:56:09,P336,21,,daily,male,29.png,REAL,REAL,1
2026-08-25 17:56:09,P336,21,,daily,male,30.jpg,REAL,REAL,1
2026-08-25 17:56:09,P336,21,,daily,male,31.jpg,AI,AI,1
2026-08-25 17:56:09,P336,21,,daily,male,32.png,REAL,AI,0
2026-08-25 17:56:09,P336,21,,daily,male,33.png,AI,REAL,0
2026-08-25 17:56:09,P336,21,,daily,male,34.png,AI,REAL,0
2026-08-25 17:56:09,P336,21,,daily,male,35.png,AI,AI,1
2026-08-25 17:56:09,P336,21,,daily,male,36.jpg,REAL,REAL,1
2026-08-25 17:56:09,P336,21,,daily,male,37.mp4,AI,REAL,0
2026-08-25 17:56:09,P336,21,,daily,male,38.mp4,REAL,AI,0
2026-08-25 17:56:23,P337,55,,daily,male,1.jpg,AI,AI,1
2026-08-25 17:56:23,P337,55,,daily,male,2.jpg,REAL,REAL,1
2026-08-25 17:56:23,P337,55,,daily,male,3.jpg,AI,REAL,0
2026-08-25 17:56:23,P337,55,,daily,male,4.mp4,REAL,AI,0
2026-08-25 17:56:23,P337,55,,daily,male,5.png,AI,AI,1
2026-08-25 17:56:23,P337,55,,daily,male,6.png,REAL,AI,0
2026-08-25 17:56:23,P337,55,,daily,male,7.jpeg,REAL,REAL,1
2026-08-25 17:56:23,P337,55,,daily,male,8.avif,AI,REAL,0
2026-08-25 17:56:23,P337,55,,daily,male,9.png,REAL,AI,0
2026-08-25 17:56:23,P337,55,,daily,male,10.webp,AI,REAL,0
2026-08-25 17:56:23,P337,55,,daily,male,11.jpg,AI,REAL,0
2026-08-25 17:56:23,P337,55,,daily,male,12.png,REAL,AI,0
2026-08-25 17:56:23,P337,55,,daily,male,13.jpg,REAL,AI,0
2026-08-25 17:56:23,P337,55,,daily,male,14.mp4,AI,REAL,0
2026-08-25 17:56:23,P337,55,,daily,male,15.png,AI,AI,1
2026-08-25 17:56:23,P337,55,,daily,male,16.mp4,REAL,REAL,1
2026-08-25 17:56:23,P337,55,,daily,male,17.mp4,REAL,AI,0
2026-08-25 17:56:23,P337,55,,daily,male,18.png,REAL,AI,0
2026-08-25 17:56:23,P337,55,,daily,male,19.png,REAL,REAL,1
2026-08-25 17:56:23,P337,55,,daily,male,20.png,REAL,AI,0
2026-08-25 17:56:23,P337,55,,daily,male,21.webp,REAL,AI,0
2026-08-25 17:56:23,P337,55,,daily,male,22.webp,AI,REAL,0
2026-08-25 17:56:23,P337,55,,daily,male,23.jpg,REAL,REAL,1
2026-08-25 17:56:23,P337,55,,daily,male,24.mp4,REAL,AI,0
2026-08-25 17:56:23,P337,55,,daily,male,25.mov,REAL,REAL,1
2026-08-25 17:56:23,P337,55,,daily,male,26.mov,AI,AI,1
2026-08-25 17:56:23,P337,55,,daily,male,27.jpeg,REAL,AI,0
2026-08-25 17:56:23,P337,55,,daily,male,28.jpg,REAL,REAL,1
2026-08-25 17:56:23,P337,55,,daily,male,29.png,AI,REAL,0
2026-08-25 17:56:23,P337,55,,daily,male,30.jpg,AI,REAL,0
2026-08-25 17:56:23,P337,55,,daily,male,31.jpg,AI,AI,1
2026-08-25 17:56:23,P337,55,,daily,male,32.png,AI,AI,1
2026-08-25 17:56:23,P337,55,,daily,male,33.png,REAL,REAL,1
2026-08-25 17:56:23,P337,55,,daily,male,34.png,REAL,REAL,1
2026-08-25 17:56:23,P337,55,,daily,male,35.png,REAL,AI,0
2026-08-25 17:56:23,P337,55,,daily,male,36.jpg,REAL,REAL,1
2026-08-25 17:56:23,P337,55,,daily,male,37.mp4,AI,REAL,0
2026-08-25 17:56:23,P337,55,,daily,male,38.mp4,REAL,AI,0
2026-08-28 13:34:36,P338,16,,never,male,1.jpg,REAL,AI,0
2026-08-28 13:34:36,P338,16,,never,male,2.jpg,AI,REAL,0
2026-08-28 13:34:36,P338,16,,never,male,3.jpg,AI,REAL,0
2026-08-28 13:34:36,P338,16,,never,male,4.mp4,REAL,AI,0
2026-08-28 13:34:36,P338,16,,never,male,5.png,REAL,AI,0
2026-08-28 13:34:36,P338,16,,never,male,6.png,AI,AI,1
2026-08-28 13:34:36,P338,16,,never,male,7.jpeg,AI,REAL,0
2026-08-28 13:34:36,P338,16,,never,male,8.avif,AI,REAL,0
2026-08-28 13:34:36,P338,16,,never,male,9.png,REAL,AI,0
2026-08-28 13:34:36,P338,16,,never,male,10.webp,REAL,REAL,1
2026-08-28 13:34:36,P338,16,,never,male,11.jpg,AI,REAL,0
2026-08-28 13:34:36,P338,16,,never,male,12.png,REAL,AI,0
2026-08-28 13:34:36,P338,16,,never,male,13.jpg,REAL,AI,0
2026-08-28 13:34:36,P338,16,,never,male,14.mp4,AI,REAL,0
2026-08-28 13:34:36,P338,16,,never,male,15.png,AI,AI,1
2026-08-28 13:34:36,P338,16,,never,male,16.mp4,AI,REAL,0
2026-08-28 13:34:36,P338,16,,never,male,17.mp4,AI,AI,1
2026-08-28 13:34:36,P338,16,,never,male,18.png,REAL,AI,0
2026-08-28 13:34:36,P338,16,,never,male,19.png,AI,REAL,0
2026-08-28 13:34:36,P338,16,,never,male,20.png,REAL,AI,0
2026-08-28 13:34:36,P338,16,,never,male,21.webp,REAL,AI,0
2026-08-28 13:34:36,P338,16,,never,male,22.webp,AI,REAL,0
2026-08-28 13:34:36,P338,16,,never,male,23.jpg,REAL,REAL,1
2026-08-28 13:34:36,P338,16,,never,male,24.mp4,REAL,AI,0
2026-08-28 13:34:36,P338,16,,never,male,25.mov,REAL,REAL,1
2026-08-28 13:34:36,P338,16,,never,male,26.mov,AI,AI,1
2026-08-28 13:34:36,P338,16,,never,male,27.jpeg,REAL,AI,0
2026-08-28 13:34:36,P338,16,,never,male,28.jpg,REAL,REAL,1
2026-08-28 13:34:36,P338,16,,never,male,29.png,REAL,REAL,1
2026-08-28 13:34:36,P338,16,,never,male,30.jpg,AI,REAL,0
2026-08-28 13:34:36,P338,16,,never,male,31.jpg,AI,AI,1
2026-08-28 13:34:36,P338,16,,never,male,32.png,REAL,AI,0
2026-08-28 13:34:36,P338,16,,never,male,33.png,AI,REAL,0
2026-08-28 13:34:36,P338,16,,never,male,34.png,AI,REAL,0
2026-08-28 13:34:36,P338,16,,never,male,35.png,REAL,AI,0
2026-08-28 13:34:36,P338,16,,never,male,36.jpg,REAL,REAL,1
2026-08-28 13:34:36,P338,16,,never,male,37.mp4,AI,REAL,0
2026-08-28 13:34:36,P338,16,,never,male,38.mp4,REAL,AI,0

